ISO3,Country,Year,Project_007_Region,Official_Region,Sub_Region,population_total,urban_population_pct,population_65_plus_pct,age_dependency_ratio_pct,gdp_current_usd,gdp_per_capita_current_usd,gdp_per_capita_ppp_current_intl,household_consumption_expenditure_current_usd,household_consumption_expenditure_constant_2015_usd,household_consumption_expenditure_per_capita_constant_2015_usd,consumption_per_capita_check_usd,household_consumption_pct_of_gdp,consumption_growth_yoy_real_pct,consumption_cagr_2013_2023_real_pct,cagr_start_year,cagr_end_year,inflation_cpi_annual_pct,unemployment_pct_of_labor_force,internet_users_pct_of_population,global_consumption_share_pct,regional_consumption_share_pct,cluster,pca1,pca2
AGO,Angola,2023,Africa,Sub-Saharan Africa ,Sub-Saharan Africa,36749906.0,69.8515032220457,2.81144936806097,90.0552252752265,106042349567.303,2885.51349130806,9549.79313920752,62470228482.0689,101480425983.909,2761.37919873614,1699.8745107557254,58.9106415851529,13.746071951436424,5.877043034257001,2013.0,2023.0,13.6441017767715,14.051,37.88589859,0.1056543217247401,3.772989506504338,0,-1.5530599898289474,-0.3715082173620501
ALB,Albania,2023,Europe,Europe & Central Asia,Southern Europe,2411658.0,58.2106086137857,16.3020000675759,50.0239189058889,23491242727.4082,9740.7023414631,24847.5057998051,16433006826.9661,10615899818.6736,4401.90931660859,6813.987234908972,69.9537568857223,2.743750678557744,2.365629089191401,2013.0,2023.0,4.75834555150038,10.669,83.13559161,0.0277927299513476,0.1163044973493437,3,-0.1949708206626837,0.0917596678419101
ARE,United Arab Emirates,2023,Middle East,"Middle East, North Africa, Afghanistan & Pakistan",Western Asia,10483751.0,85.6680699002526,1.69563170962521,22.0026623838262,522622268401.125,49850.6945082084,78019.5228244288,234510006807.352,240145181814.662,22906.4179237624,22368.902772237918,44.8717976608222,14.109895992318444,5.9380907504454905,2013.0,2023.0,1.62670837213248,2.151,100.0,0.3966208593907545,10.179808907139137,2,2.1089180529915637,-1.4908151229150495
ARG,Argentina,2023,Latin America,Latin America & Caribbean ,Latin America and the Caribbean,45538401.0,92.1945132257907,12.2030217969226,52.4243366823125,649461687959.174,14261.8465667948,30246.4069577192,426275460474.42,395024194979.691,8674.52932701109,9360.791137010276,65.6351973299487,0.9718203236797508,-0.0090080872798048,2013.0,2023.0,133.488935594175,6.139,89.22897166,0.7209489342151759,9.665414920924045,1,1.173850351966584,5.45731428540577
ARM,Armenia,2023,Middle East,Europe & Central Asia,Western Asia,2964300.0,65.6956882008852,13.2110458915952,48.7129653645231,24185982215.6543,8159.08720967996,21551.7793903081,16050194404.8104,10581086980.6675,3569.50611634028,5414.497319707992,66.3615571271776,6.400000000000228,1.9189663388089693,2013.0,2023.0,1.98041877615554,12.405,79.99663036,0.0271452889575585,0.696720426508816,3,-0.11992263103121213,0.2033540472756024
AUS,Australia,2023,Oceania,East Asia & Pacific,Australia and New Zealand,26659922.0,87.4866955653765,17.384024966198,54.8330501591457,1734451264655.6,65058.3773146674,72272.7092136683,876316816756.182,909239372579.777,34105.1025047927,32870.19432225578,50.524153351186,6.58116873731962,2.260253548651181,2013.0,2023.0,5.59701792296707,3.668,96.1160965,1.482092528554355,83.63387718876193,2,2.9856802824770594,-0.3861001312139151
AUT,Austria,2023,Europe,Europe & Central Asia,Western Europe,9131761.0,69.2265358276021,20.1640196753077,52.5940837665189,516670509628.876,56579.504175468,74261.1961105071,267068071145.689,212779754245.907,23301.0647394196,29246.064493550475,51.690209943959,-0.229073549769998,0.8291333672691303,2013.0,2023.0,7.81413417002831,5.264,95.33467117,0.4516854923834899,1.8901725107110372,2,2.2203638512818973,0.13683998299296665
BDI,Burundi,2023,Africa,Sub-Saharan Africa ,Sub-Saharan Africa,13689450.0,23.5534768372276,2.51029451549531,91.846666183644,3419558408.35408,249.795164039029,1147.42440486734,1986200811.62555,2661594589.43275,194.42670008165,145.08989123927915,58.0835468922888,2.199999998898261,1.4562866185215515,2013.0,2023.0,26.9414835762453,0.911,7.172299862,0.0033592113341102,0.1199597792766935,0,-2.9355488074303926,1.229925168672434
BEL,Belgium,2023,Europe,Europe & Central Asia,Western Europe,11779946.0,87.551492636772,20.1452749547016,57.321807211007,650779364363.737,55244.68145811,72629.6179311762,336443869804.32,264356550636.968,22441.2362023534,28560.731076723103,51.6986075815816,1.0716567813051192,1.1835540151039714,2013.0,2023.0,4.04901077613941,5.547,94.62625074,0.5690190307663967,2.381179267792208,2,2.519581759931706,0.03333287681399192
BEN,Benin,2023,Africa,Sub-Saharan Africa ,Sub-Saharan Africa,14111034.0,51.7457922964593,3.08788133145022,81.5677814531873,19673291004.1444,1394.17784721831,4133.3701351778,11926053876.8641,11744354896.0359,832.281666675589,845.1580427673904,60.6205330585091,6.040104460971851,4.11805424889351,2013.0,2023.0,2.73870078406075,1.641,32.39400101,0.0201702341071868,0.7202931256178977,0,-2.032403623814913,-0.29057432068431965
BFA,Burkina Faso,2023,Africa,Sub-Saharan Africa ,Sub-Saharan Africa,23025776.0,27.7872478365158,2.62071297835956,81.8908186351026,20106062971.6533,873.198061670247,2761.57633646549,12885521524.4413,11001239987.6431,477.779336845939,559.6129105243315,64.087740810362,2.764680943502173,3.1669891922543325,2013.0,2023.0,0.742910428668918,3.601,25.36120033,0.0217929575385682,0.7782417109536831,0,-2.63866474508158,-0.20769856107914958
BGD,Bangladesh,2023,South & Southeast Asia,South Asia,Southern Asia,171466990.0,32.1578465036834,6.32054805417649,53.0958193080833,437415333018.291,2551.01773827307,9155.31731992295,299958948132.06,216469738741.462,1262.45721547606,1749.368482715303,68.5753162931573,1.9849663018375985,5.358278064186517,2013.0,2023.0,9.8835030377921,3.352,44.50274195,0.5073130030132029,6.340494183167292,0,-2.3093786889762935,-0.5665181278359245
BGR,Bulgaria,2023,Europe,Europe & Central Asia,Eastern Europe,6446596.0,73.7322671584613,21.8324383446666,57.1601451805102,102204457334.822,15854.0192893772,38829.297423161,58916359137.1963,42257485763.1347,6555.00759829447,9139.142446214451,57.6455867714129,4.945109477134513,3.472914669617766,2013.0,2023.0,9.44284140088564,4.319,80.38956462,0.0996437521421646,0.4169801429073043,3,0.305843712262684,-0.08115045655296242
BHR,Bahrain,2023,Middle East,"Middle East, North Africa, Afghanistan & Pakistan",Western Asia,1577059.0,100.0,3.63800440284889,29.2488272145239,46192260638.2979,29290.1284215098,64223.977053306,17953780585.1064,17715777972.0523,11233.4275205,11384.342998649005,38.8675079699844,4.66792559262017,1.7353702153334538,2013.0,2023.0,0.0746206782192256,1.049,100.0,0.0303647762495169,0.779352906962425,2,2.1505150653359695,0.00652650410456908
BHS,"Bahamas, The",2023,Latin America,Latin America & Caribbean ,Latin America and the Caribbean,399440.0,81.3213799173676,11.4979577684286,42.5030859572889,15271300000.0,38231.774484278,39122.340470849,9681400000.0,8145976720.55665,20393.4926911592,24237.432405367515,63.3960435588326,9.064240190033622,1.4565025428065148,2013.0,2023.0,3.05291578969743,8.645,92.38729858,0.0163739076228847,0.2195170885776318,2,1.6517596484706634,0.11521645697780196
BIH,Bosnia and Herzegovina,2023,Europe,Europe & Central Asia,Southern Europe,3185073.0,51.5657239834305,21.642423894209,53.5210215348666,27592361498.4057,8663.02326458629,23376.3069324282,19235275975.1117,15651130031.2899,4913.89994241572,6039.194698241358,69.7123222897147,3.500749313460161,1.796239052755677,2013.0,2023.0,6.1059011284828,10.668,83.3771539,0.032532137079056,0.1361375387485493,3,-0.2735392125986903,0.26646784940773444
BLR,Belarus,2023,Europe,Europe & Central Asia,Eastern Europe,9178298.0,78.8146420666327,17.0619745317958,50.9143686597634,72478760370.4258,7896.75388295584,30859.5916206484,39089829916.7041,38266184678.2747,4169.20268641034,4258.941027705148,53.9328069587877,8.065882580240258,2.701390710644102,2013.0,2023.0,5.0005990309131,3.461,91.51249979,0.0661116433625703,0.2766580132172295,3,0.4832608491193592,0.08351345867383134
BLZ,Belize,2023,Latin America,Latin America & Caribbean ,Latin America and the Caribbean,411106.0,41.9459437504976,4.84133634796907,46.7004478384213,3052362650.0,7424.75821321022,13741.2085585188,1943535200.0,1641071878.62449,3991.84608987582,4727.576829333554,63.6731418529184,1.0363843708293352,2.659797482589643,2013.0,2023.0,4.38984017487675,8.278,70.18720245,0.0032870520613366,0.0440679228884402,0,-1.0520360560659996,-0.015914274429467117
BOL,Bolivia,2023,Latin America,Latin America & Caribbean ,Latin America and the Caribbean,12244159.0,70.9151414044538,5.55046673477261,55.5037371721243,52340206946.4544,4274.70820547613,12902.7509503368,36097007727.9305,26673536407.6905,2178.47027367829,2948.1002107152067,68.9661157909804,2.5962491849047757,2.7382116330380457,2013.0,2023.0,2.57688800489192,3.024,77.30039978,0.0610499586836294,0.8184673748424379,3,-0.36213235376061825,0.09299483911956334
BRA,Brazil,2023,Latin America,Latin America & Caribbean ,Latin America and the Caribbean,211140729.0,87.6159710235763,10.6336314676644,44.0290947589819,2191131765684.63,10377.5892792557,21193.0721417478,1378754834473.95,1254297015991.6,5940.57348353476,6530.027820799794,62.924323222668,3.2397615108792577,0.7423196055250214,2013.0,2023.0,4.59356282283204,7.947,84.15060238,2.3318532747621403,31.26203308674945,3,0.7167581600672968,0.7342566434011475
BRN,Brunei Darussalam,2023,South & Southeast Asia,East Asia & Pacific,South-eastern Asia,458949.0,74.8199193881365,6.51107912979343,37.998646921747,15095084656.1634,32890.5491812019,85102.6867427911,4165446659.91601,4421629710.2046,9634.25066882072,9076.055639986163,27.5947220886584,11.054127468483088,5.762981882445772,2013.0,2023.0,0.35706431153689,5.296,98.97039795,0.0070449148694939,0.0880486829346507,2,1.3198067289014528,-1.4081995701878134
BTN,Bhutan,2023,South & Southeast Asia,South Asia,Southern Asia,786385.0,41.7352457989939,6.36869980988956,38.5621629050646,3012896789.79753,3831.32535564326,16228.5169143762,1788433835.66703,1277338582.19843,1624.31707395032,2274.247138064726,59.3592798041788,7.210313538702784,5.247781507180838,2013.0,2023.0,4.22934419929251,3.126,90.02140045,0.0030247330360127,0.0378036874800414,0,-1.0752894478835846,-0.7813203844917828
CAF,Central African Republic,2023,Africa,Sub-Saharan Africa ,Sub-Saharan Africa,5152421.0,43.6983692134165,2.09527735556521,105.177562449203,2555492085.94725,495.978897288721,1258.13048389217,2488154869.41114,2404126806.66887,466.601391204032,482.9098533313058,97.3649999972063,-4.565662639615131,6.02809311349517,2013.0,2023.0,2.97913852618937,6.181,13.8416996,0.0042081535710918,0.1502760985665438,0,-2.868031207351567,-0.8400503718091368
CAN,Canada,2023,North America,North America,Northern America,40049088.0,82.5250564408346,19.3581192161771,53.0518429925194,2196593836347.42,54847.5370112652,64962.1919440095,1220073677750.06,1074792574057.88,26836.8801321487,30464.455963393222,55.5438906165214,2.2638212254588064,2.2868221615249595,2013.0,2023.0,3.87900159788426,5.415,94.14530182,2.0634798368616853,6.082660394449121,2,2.352429341864628,-0.3373289671107022
CHE,Switzerland,2023,Europe,Europe & Central Asia,Western Europe,8888822.0,85.1854212679815,19.6113808360035,52.9575219043034,928435275851.707,104449.75451772,93939.7784980038,453113313448.119,402404623481.285,45270.8608048721,50975.631354539335,48.8039743031577,1.406538872580465,1.2027508387122632,2013.0,2023.0,2.13540088016387,4.043,97.34436623,0.7663391180096593,3.2069064850871576,2,3.9969123044058947,-0.5031142624392461
CHL,Chile,2023,Latin America,Latin America & Caribbean ,Latin America and the Caribbean,19658835.0,88.8158617217972,13.6933190598527,45.0908347497625,335802745366.38,17081.5180740049,33173.5278418356,203111329300.709,181407394695.136,9227.77950448923,10331.80904670643,60.4853093381066,-4.688378525688075,2.4153211745612246,2013.0,2023.0,7.58168251407962,9.013,94.45742345,0.3435170681028704,4.605367784124639,3,1.0906259130350882,0.2308142378151789
CHN,China,2023,East Asia,East Asia & Pacific,Eastern Asia,1410710000.0,65.5301448035523,14.3160774690688,44.7297141014082,18270356654533.2,12951.1782397043,25200.068112272,7229259522659.38,7197427910274.78,5101.98971459392,5124.553964074388,39.568245214664,9.654408543286651,7.13449799250554,2013.0,2023.0,0.234836828893051,4.67,90.6,12.226664284698954,66.9927110070024,3,-0.4247396690429219,-1.430995304211419
CIV,Cote d'Ivoire,2023,Africa,Sub-Saharan Africa ,Sub-Saharan Africa,31165654.0,53.4075201638704,2.56824227080234,78.0774744464329,80780312569.1646,2591.9659048119,7243.14676270142,56659039298.9429,45957190597.3991,1474.61017815956,1817.996160098001,70.1396633621975,10.198916182084217,6.777087048890351,2013.0,2023.0,4.36972254867474,2.263,40.65284979,0.0958260040368424,3.4220134281226287,0,-2.082439872374985,-1.0329441025298949
CMR,Cameroon,2023,Africa,Sub-Saharan Africa ,Sub-Saharan Africa,28372687.0,55.1286878511388,2.77483940805466,80.2951604071451,48814501547.4313,1720.47510154506,5415.22890256369,35956128705.7259,31028829973.402,1093.61619410252,1267.279644882626,73.6587029794592,2.676589119401074,4.021995826746427,2013.0,2023.0,7.38281384280984,3.607,42.24380112,0.0608116935468124,2.171627983402733,0,-1.7268075071892817,-0.10091003512001642
COG,"Congo, Rep.",2023,Africa,Sub-Saharan Africa ,Sub-Saharan Africa,6182885.0,63.6626757615625,2.91461025071629,77.9305853486992,15321055822.5167,2477.97845544866,6855.92386613313,6757854311.06645,5036736877.60294,814.625676784048,1092.993693246187,44.108280717408,4.900016359414239,2.585189637793284,2013.0,2023.0,4.30174563591016,19.919,43.15039825,0.0114293885407395,0.4081514350384907,0,-1.3245870892548803,0.2525237441197858
COL,Colombia,2023,Latin America,Latin America & Caribbean ,Latin America and the Caribbean,52321152.0,78.275571579544,9.37542803553496,42.8026198463432,366901643683.302,7012.49169137756,21281.7475207548,269707151368.888,271650733158.104,5191.9868499475,5154.839697889068,73.5093876008064,0.5132226006876905,3.804965377730296,2013.0,2023.0,11.7359044948689,9.591,77.33686322,0.4561489021986036,6.11536850425196,3,-0.04470340457281373,0.060120242071311426
COM,Comoros,2023,Africa,Sub-Saharan Africa ,Sub-Saharan Africa,850387.0,33.1502180946901,4.47290468927676,72.0409311057792,1465977684.31307,1723.89474946474,3896.71858176845,1483940667.63092,1154614221.39259,1357.75149595723,1745.0180536989865,101.225324471857,3.636573292370748,2.7297511499536187,2013.0,2023.0,8.37373955490996,3.833,31.92749977,0.0025097514212438,0.089624973419996,0,-2.282305639631161,0.1954040983313138
CPV,Cabo Verde,2023,Africa,Sub-Saharan Africa ,Sub-Saharan Africa,522331.0,75.9064245753376,6.57945496194459,49.1432552588223,2504525537.51069,4794.90119772843,10250.5950245626,1808107579.35384,1572071684.68331,3009.72311557865,3461.6126160496697,72.193617205076,0.1827699992745124,4.1629509733566605,2013.0,2023.0,3.72437517668748,11.882,74.59919739,0.0030580067424729,0.1092035532652347,3,-0.4760735524375828,-0.24216225274473666
CRI,Costa Rica,2023,Latin America,Latin America & Caribbean ,Latin America and the Caribbean,5105525.0,78.8819393641702,11.7188426539051,45.0322532261748,87512637055.7736,17140.771430122,29247.8937202355,56989510662.8797,46498519379.298,9107.49029322117,11162.32134068087,65.1214642595665,4.211180285852145,3.360861611720045,2013.0,2023.0,0.525193508693455,8.325,85.39514799,0.0963849219190816,1.292186198295624,3,0.5110620514962648,-0.3176477359459745
CYP,Cyprus,2023,Middle East,Europe & Central Asia,Western Asia,1344976.0,66.6739477522639,14.3232720596026,43.6311017609808,35075440602.5202,36623.70703125,59874.734375,20360137958.5631,18569227857.5733,19388.892578125,15137.919158827444,58.0467062104423,5.984966188860952,3.630197585863693,2013.0,2023.0,3.54134188751646,5.835,91.22110357,0.034434587778906,0.8838101050051417,2,1.3152890041486076,-0.6974922401548045
CZE,Czechia,2023,Europe,Europe & Central Asia,Eastern Europe,10864042.0,72.7352388396817,20.5459005583495,56.7878159701296,345059295659.911,31761.5944102491,56062.3957561294,163117506391.318,100300586792.878,9232.34527194192,15014.439965467547,47.2723118730543,-2.592897190020016,1.479358473818193,2013.0,2023.0,10.6612601372427,2.579,85.99404818,0.2758765241934793,1.15446307480316,3,1.0466306358625135,0.38681081314133914
DEU,Germany,2023,Europe,Europe & Central Asia,Western Europe,83287273.0,81.9034366692129,22.7900439454493,57.9918953896649,4562207532490.28,54776.7668235491,72262.2235142279,2398806343954.94,1971519313377.3,23671.3154646965,28801.595460508597,52.5799479061742,-0.6535947781230345,1.0714608821073224,2013.0,2023.0,5.94643667725823,3.071,92.4763763,4.057040663654847,16.977536065662573,2,2.415855740476287,0.08704696281296283
DJI,Djibouti,2023,Africa,"Middle East, North Africa, Afghanistan & Pakistan",Sub-Saharan Africa,1152944.0,72.8408245988921,4.73574810907906,52.2310906894298,3898447007.38798,3381.29779710722,7231.79450192575,2770211614.83449,2828670370.56275,2453.43257830628,2402.7286796535564,71.059363115226,5.2947451288201774,8.638081935113394,2013.0,2023.0,1.44905087029086,26.074,64.75869751,0.0046851890302169,0.1673113674710993,0,-1.3558833571682738,-1.6032451867879016
DNK,Denmark,2023,Europe,Europe & Central Asia,Northern Europe,5946952.0,88.552638542867,20.6001829312424,57.3988511670291,404651706117.557,68043.5466971243,77425.3867230346,180111625072.406,159032372962.87,26741.8289172117,30286.376125518756,44.5102843629384,-2.541198438380554,1.2541632235554043,2013.0,2023.0,3.30517811237606,5.094,98.77559197,0.3046182484705957,1.274738837596349,2,2.9049307142874214,-0.10128152629256051
DOM,Dominican Republic,2023,Latin America,Latin America & Caribbean ,Latin America and the Caribbean,11331265.0,72.3577991823338,7.58086111388,52.6597760530361,120456239153.739,10630.431743829,25861.2335511855,82035129159.7219,69102813087.1749,6098.41999875344,7239.714997374247,68.1036779298913,2.6542173410430525,4.3555677535019655,2013.0,2023.0,4.78561281021135,5.555,86.12689972,0.1387439447489726,1.8600732036928684,3,0.044241384418835385,-0.4333584102301722
DZA,Algeria,2023,Africa,"Middle East, North Africa, Afghanistan & Pakistan",Northern Africa,46164219.0,74.732808364138,6.37685866623239,58.7709984775404,247923887214.655,5370.477235078,16838.3550419037,100747302033.003,86102818199.3929,1865.1418796751,2182.36773447858,40.6363836760009,4.000000000271209,2.3557089803621034,2013.0,2023.0,9.32217375928322,11.645,76.19760132,0.170391370746303,6.084794671244889,3,-0.20571899278913366,0.44845110430546925
ECU,Ecuador,2023,Latin America,Latin America & Caribbean ,Latin America and the Caribbean,17980083.0,63.1307729554263,8.09288255232192,49.4714073657307,120792801000.0,6718.1447938811,15907.3619798807,79155240000.0,71494654359.2997,3976.32504584655,4402.384571862099,65.5297661323376,3.6280631831435928,2.118672693054213,2013.0,2023.0,2.21568764237058,3.51,72.6943146,0.1338732608535202,1.7947742919891445,3,-0.4139330699397522,0.17577956549517745
EGY,"Egypt, Arab Rep.",2023,Africa,"Middle East, North Africa, Afghanistan & Pakistan",Northern Africa,114535772.0,42.7098115041919,4.96968538776552,59.7566710357047,395926071447.591,3456.78965212363,18540.1079077988,312623076305.887,375964697614.929,3282.50895811772,2729.479802221851,78.9599621876046,3.5732001984222217,4.069563964762524,2013.0,2023.0,33.8847763115546,6.753,74.01190186,0.5287315235621541,18.88137141569413,0,-1.1189824703681532,0.6023929194050144
ESP,Spain,2023,Europe,Europe & Central Asia,Southern Europe,48352528.0,80.128491001856,20.6537075238774,51.3142228402432,1619481980719.64,33493.2225409111,55661.317481747,897514593096.094,770636659303.582,15937.8773185051,18561.895938431477,55.41985670611,1.7784756966000792,1.3827825513925918,2013.0,2023.0,3.53236133492433,12.179,95.44564516,1.5179437929996098,6.352153608458873,2,1.7401899607785625,0.10423695158950419
EST,Estonia,2023,Europe,Europe & Central Asia,Northern Europe,1370286.0,70.6770085523126,20.9140825455897,58.4343478723355,41470344395.1086,30264.0064885057,48848.1421016254,22236240666.4416,15292055805.8333,11159.7548291622,16227.444976042669,53.6196190091547,-1.3414476452102475,3.195800499436152,2013.0,2023.0,9.15922507983982,6.378,93.18342241,0.0376075929671894,0.1573768465431224,3,0.9040274635249573,-0.16936083225204882
ETH,Ethiopia,2023,Africa,Sub-Saharan Africa ,Sub-Saharan Africa,128691692.0,23.0586471557617,3.17131039041743,74.0248657156642,135874093203.18,1055.81091593061,3063.42789983124,107230732526.856,77694952841.2432,603.729359943788,833.2374130791287,78.9191890808122,7.183212069905709,7.476294037746456,2013.0,2023.0,30.2188278135278,3.375,20.33749962,0.181356633206871,6.476371840303571,0,-3.3867528904666395,-0.4388643616888489
FIN,Finland,2023,Europe,Europe & Central Asia,Northern Europe,5583911.0,74.0062548602828,23.5778747195571,62.6357187918865,295191741637.26,52864.6931581216,63466.8356113767,151334357098.042,131644814605.89,23575.7365412684,27101.85694185348,51.2664603212395,-0.255559082295842,0.5987703988006077,2013.0,2023.0,6.25064322154763,7.149,93.51385075,0.2559479810039859,1.071067913456431,2,2.1627299617210967,0.24087709633574347
FRA,France,2023,Europe,Europe & Central Asia,Western Europe,68372286.0,78.7804323126547,21.7491423914771,62.6913599952639,3056250648138.29,44700.1384177544,60927.0361517867,1670309715724.54,1441339893505.39,21080.762072302,24429.630972475312,54.6522490471129,0.6773845936541179,1.0937442144774543,2013.0,2023.0,4.8783572650844,7.335,86.83635789,2.824952691437238,11.821605987912404,2,1.9216504258061775,0.13531839668048098
GAB,Gabon,2023,Africa,Sub-Saharan Africa ,Sub-Saharan Africa,2484789.0,91.6375962797313,4.04183293668656,68.6454953915487,19388372070.9778,7802.82433276138,20772.7726890351,6685090126.23857,5527468361.71632,2224.52222772892,2690.405554048481,34.479893937281,2.122004541394817,1.1022561117847385,2013.0,2023.0,3.62901534185376,20.161,68.19789886,0.0113063243102949,0.4037567255508548,3,0.2731254935456478,0.693356619431706
GBR,United Kingdom,2023,Europe,Europe & Central Asia,Northern Europe,68526000.0,83.1601932891335,19.238129106618,57.8463970694922,3420796653789.08,49919.6896621586,60786.7193353069,2124077512840.85,2046547454512.93,29865.2694526593,30996.665686613112,62.0930656748653,-0.3945973554788207,1.4663526510992897,2013.0,2023.0,6.79396706793963,4.025,95.44719696,3.5923987211666537,15.033144576841169,2,2.5714160018468157,-0.009942618230361853
GEO,Georgia,2023,Middle East,Europe & Central Asia,Western Asia,3715483.0,60.7523077799724,15.317458316393,57.1296262620538,30777833600.6515,8283.66960652261,25092.632631604,21996831224.279,16926073637.7397,4555.55136108541,5920.31540025321,71.4697191156864,4.65689061821839,4.941293329542207,2013.0,2023.0,2.48776056578715,11.549,81.88425624,0.0372026858163623,0.9548570718762672,3,-0.4619142090725121,-0.7237806896465462
GHA,Ghana,2023,Africa,Sub-Saharan Africa ,Sub-Saharan Africa,33787914.0,57.8074737774654,3.6318149146467,66.1425812587668,80547146875.9526,2383.90410476221,7562.64422849208,68650427211.5376,56956878048.6735,1685.71750385873,2031.804248452201,85.2301166138924,10.15746373363018,4.298167891251681,2013.0,2023.0,38.1069656296501,2.829,70.67430115,0.1161067359507188,4.14625250747271,0,-1.1252243108903475,0.8696101117925729
GIN,Guinea,2023,Africa,Sub-Saharan Africa ,Sub-Saharan Africa,14405468.0,37.6454083954705,3.44105793716664,80.7795140106788,22407615556.0571,1555.49375806861,4337.3181486001,15830268377.0635,9953104902.23956,690.925480674391,1098.906913476431,70.6468224495414,3.959999999930619,3.3107529783317657,2013.0,2023.0,7.80497591927973,5.141,32.31560135,0.0267733336140962,0.9560944136606108,0,-2.2679953507099073,0.039627720248740034
GMB,"Gambia, The",2023,Africa,Sub-Saharan Africa ,Sub-Saharan Africa,2697845.0,63.8020182456108,2.97785770163636,77.6473477794781,2382262185.38179,883.024111978927,3291.84381275128,2211034508.77909,1635603310.63066,606.262891541457,819.5557968597492,92.8123916144329,6.3986161615653625,3.950127931442293,2013.0,2023.0,16.9742129632327,6.479,48.72829819,0.0037394668950522,0.1335389705279688,0,-1.4634863083140965,0.3243987715077137
GNB,Guinea-Bissau,2023,Africa,Sub-Saharan Africa ,Sub-Saharan Africa,2153339.0,45.5923843383789,3.14256138954433,73.5656689085059,2076748678.11987,964.431832665395,2955.52345541775,1503764400.71402,1300855612.29879,604.110923685864,698.3407632119328,72.4095513606109,-0.5356622263653632,5.739584204726533,2013.0,2023.0,7.10220928557059,2.632,28.71240044,0.0025432788009868,0.0908222595308311,0,-2.47700463266499,-0.6289380911802441
GNQ,Equatorial Guinea,2023,Africa,Sub-Saharan Africa ,Sub-Saharan Africa,1847549.0,71.1290664883517,3.62342216634038,69.80165670554,12541814272.8021,6788.35271638376,16997.002016833,6675111971.87133,5793716383.20205,3135.89322026212,3612.955310993825,53.222857767451,1.6599700493987957,1.768796689675067,2013.0,2023.0,2.85949506037322,8.218,63.51950073,0.0112894485094958,0.4031540789360328,3,-0.38499265064506794,0.364812184651138
GRC,Greece,2023,Europe,Europe & Central Asia,Southern Europe,10407351.0,78.7746303842088,23.4829980176041,58.9062451092587,242946187738.269,23343.7103964562,42613.6574438075,168075451116.125,157617802144.668,15144.8531086026,16149.68603596871,69.1821726781717,2.296339367605737,1.8038005151517436,2013.0,2023.0,3.46480128513405,11.023,85.0102229,0.2842617710506858,1.1895528958673292,3,1.207369551661106,0.0742451560412627
GTM,Guatemala,2023,Latin America,Latin America & Caribbean ,Latin America and the Caribbean,18124838.0,55.6082319565539,4.734740380431,58.4095417496558,104298081428.769,5754.42833909847,13751.6084364487,91088847332.7414,70940861870.8817,3914.01356916303,5025.636495771239,87.3351130576177,4.340166754953345,4.048147400964619,2013.0,2023.0,6.20657592272126,2.344,56.72669983,0.154056269930109,2.065358168072363,0,-1.167637781414911,-0.25476810038916975
HKG,"Hong Kong SAR, China",2023,East Asia,East Asia & Pacific,Eastern Asia,7536100.0,100.0,21.6452568609024,47.8071542342089,380762296025.216,50525.1119312663,71519.1754897022,266625821579.514,227796685398.759,30227.3968496648,35379.8147025005,70.0242183542924,6.834576923470292,1.83981370420625,2013.0,2023.0,2.09660511249089,2.949,95.97781908,0.4509375268472234,2.4707906191629148,2,3.121228022819444,-0.25437404577727707
HND,Honduras,2023,Latin America,Latin America & Caribbean ,Latin America and the Caribbean,10644851.0,58.3132392705102,4.29272330819849,54.5329302016737,34355805527.9795,3227.45762509776,7184.25562362375,29868549044.7042,23477054315.4196,2205.48454040546,2805.9151832847824,86.9388698232651,4.605457354405584,4.401770754005163,2013.0,2023.0,6.66325180347463,6.07,58.0685997,0.0505159236151371,0.6772426432470171,0,-1.3158710683641548,-0.26317477548442264
HRV,Croatia,2023,Europe,Europe & Central Asia,Southern Europe,3859686.0,57.2431560672198,22.815365461733,58.6141257780841,85621337533.3348,22183.4982258492,47759.6272293173,48440834509.8048,39173544657.4814,10149.4123245988,12550.45993632767,56.5756573131614,3.274147530539162,2.655582519927857,2013.0,2023.0,7.94128177586822,6.121,83.24117599,0.0819267615674376,0.3428396865022013,3,0.40605800865057895,-0.1038243300427839
HTI,Haiti,2023,Latin America,Latin America & Caribbean ,Latin America and the Caribbean,11637398.0,54.4496819335618,4.61815413470631,56.7161065708492,19572288894.1581,1681.84407667059,3264.65805430675,19324405237.0587,15728355961.6577,1351.53545162395,1660.543468312994,98.7334968411721,0.0786639992931492,1.4205969233171525,2013.0,2023.0,36.8135162780854,14.459,47.99269867,0.0326828791516504,0.438163610235448,0,-1.3647905563935137,1.6979043344248903
HUN,Hungary,2023,Europe,Europe & Central Asia,Eastern Europe,9592186.0,70.2923026891431,20.819084281895,54.5703480456464,213029511028.874,22208.6509820466,46376.1979062264,104759510604.051,82229536874.2475,8572.55445987469,10921.338535767654,49.1760555136663,-2.152790548114658,3.646352680095744,2013.0,2023.0,17.1249659678737,4.096,91.4500713,0.1771771179012688,0.74143474481942,3,0.6309996549791465,0.033198323457004644
IDN,Indonesia,2023,South & Southeast Asia,East Asia & Pacific,South-eastern Asia,281190067.0,58.1179353397878,7.04854077766648,47.0224568841154,1371166925749.88,4876.2992959843,15428.3856954945,746328378694.142,659421312018.891,2345.10884062946,2654.17760540646,54.4301619794382,4.943146972031753,3.94025162436491,2013.0,2023.0,3.66938654859761,3.308,69.20836554,1.262246362000869,15.775794565593465,0,-0.9085393677390022,-0.30216516172611163
IND,India,2023,South & Southeast Asia,South Asia,Southern Asia,1438069596.0,35.0676918424186,6.92184330138637,47.0132181120622,3500906030644.76,2434.44826340989,9853.04309264591,1978122541496.63,1930995469989.07,1342.7691367373,1375.5402012522834,56.5031601585809,5.77925427513708,5.973334930803609,2013.0,2023.0,5.64914318907925,4.172,60.25230026,3.3455487596021016,41.81330327385206,0,-2.000426896970825,-0.9026977280347925
IRL,Ireland,2023,Europe,Europe & Central Asia,Northern Europe,5311538.0,64.1152082461268,15.5417068369309,52.8088109767237,567372737459.116,106818.917130804,133440.438499393,155375514254.187,126705399127.143,23854.7477448422,29252.452727286716,27.3850863807821,4.3791405818661255,3.4159575424151267,2013.0,2023.0,6.29942487419125,4.243,96.8660965,0.2627826881707468,1.0996691765547877,2,2.811419969088675,-1.0671818876368715
IRN,"Iran, Islamic Rep.",2023,Middle East,"Middle East, North Africa, Afghanistan & Pakistan",Southern Asia,90608707.0,76.6759567260742,7.91608360551928,44.414481053557,457510482317.483,5049.29931642754,18932.6833817658,198992315958.344,228794591431.89,2525.08394620276,2196.1721179659257,43.4945916321664,1.6212832342721972,0.485343937018845,2013.0,2023.0,44.5791857572797,8.129,83.71050262,0.3365506847321478,8.638026914173834,3,0.24441399076698075,2.2241196336199773
IRQ,Iraq,2023,Middle East,"Middle East, North Africa, Afghanistan & Pakistan",Western Asia,45074049.0,69.868278503418,3.39670394377039,68.0336199589456,268881051643.549,5965.31835077761,14664.5981923773,109980411552.347,105175771490.365,2333.39967949995,2439.9940540586226,40.9029981399156,4.835880497855882,1.3347364409724172,2013.0,2023.0,4.35835351089595,15.239,81.80889893,0.1860070959866315,4.774122811958021,3,-0.09416707298783893,0.5392438924155548
ISL,Iceland,2023,Europe,Europe & Central Asia,Northern Europe,385663.0,94.1518261784801,15.3483031550157,50.1598302412054,31701996433.7807,82201.2908518078,82256.5277425273,15430293367.6922,11710650601.0573,30364.9834209072,40009.78410605166,48.6729389422621,0.4354699666173633,3.612038650307703,2013.0,2023.0,8.73630299937298,3.518,97.94860077,0.0260968659694468,0.1092077994598922,2,2.983006445336434,-0.6380579625774594
ISR,Israel,2023,Middle East,"Middle East, North Africa, Afghanistan & Pakistan",Western Asia,9849000.0,91.5089569794505,12.4157088880088,66.7509366513991,513393395491.904,52126.4489280033,55301.43606891,248124770568.002,209097203618.589,21230.2978595379,25192.88969113636,48.3303394135531,-0.6245700645725272,3.396963722234947,2013.0,2023.0,4.22522603168918,3.371,87.03842615,0.4196471659295074,10.770810098457662,2,1.8523773121138427,-0.44842930751134613
ITA,Italy,2023,Europe,Europe & Central Asia,Southern Europe,58984216.0,69.5381540123301,24.2187831541913,57.1418238396626,2316882296366.32,39279.699782164,60349.664512107,1331525548102.96,1149933174158.19,19495.6083532277,22574.268819695084,57.4705737184519,0.5461123277396673,0.4752115911439869,2013.0,2023.0,5.62219442195901,7.627,87.0278292,2.2519755740026057,9.423863277766024,2,1.6995106443731576,0.3109098033141184
JPN,Japan,2023,East Asia,East Asia & Pacific,Eastern Asia,124516650.0,92.0826903891473,29.5618100807812,70.1001399306642,4384854269961.93,35215.003535366,52726.2389417641,2350182323673.81,2463367865540.94,19783.4415360591,18874.44228280965,53.5977293424216,0.0839217833282335,-0.1590577790869352,2013.0,2023.0,3.26813365933163,2.6,85.00990295,3.9748040846129222,21.77886749398736,2,2.149840161368112,0.5921344062118529
KAZ,Kazakhstan,2023,Europe,Europe & Central Asia,Central Asia,20330104.0,61.7560919499181,8.30816704134912,60.893935746271,261840101059.923,12879.4275257974,38546.9287207389,135304211195.51,130982034502.573,6442.76263921586,6655.362471117216,51.6743656329957,7.528261899244426,3.1615173020040466,2013.0,2023.0,14.5275597825952,4.835,92.87846096,0.228836599572641,0.957614661640626,3,0.2896426306271,0.10553382895446894
KEN,Kenya,2023,Africa,Sub-Saharan Africa ,Sub-Saharan Africa,55339003.0,31.6330340816429,2.91330784287267,67.6739373442667,107500884685.013,1942.58802756191,6322.24569873446,82726093225.2635,73138092393.7209,1321.63733404667,1494.896704685184,76.9538720240847,7.523365534259607,4.295284478872707,2013.0,2023.0,7.67139634029402,5.409,32.07040024,0.1399125548446108,4.996374901087633,0,-2.4677845842835513,-0.30779724333223335
KGZ,Kyrgyz Republic,2023,Europe,Europe & Central Asia,Central Asia,7099750.0,34.706439175362,5.42703271096246,61.5475158691892,15180842369.4894,2138.22210211478,7304.10137976789,13400006961.3814,10460701455.1912,1473.39011305909,1887.3913815812384,88.2691924152565,18.624273781279864,5.843503175267362,2013.0,2023.0,10.7532770416742,3.498,91.04440308,0.0226630937810307,0.0948384608204353,0,-1.450232868725939,-0.710221544872876
KHM,Cambodia,2023,South & Southeast Asia,East Asia & Pacific,South-eastern Asia,17423880.0,40.6290788072508,5.96118643031327,56.4253473651475,42335646895.7984,2429.74853452838,7436.85544015287,25539852954.0739,22996594850.999,1319.83202656349,1465.795962441999,60.3270643695032,4.579326387617555,3.621753552571039,2013.0,2023.0,2.12746796594194,0.256,68.92549896,0.0431949091011698,0.5398581709353103,0,-1.4575980038795195,-0.30684620476129293
KIR,Kiribati,2023,Oceania,East Asia & Pacific,Micronesia,132530.0,61.5244676194408,4.11829729760319,64.0608558943316,291657337.839517,2200.68918614289,3526.6871592056,326323936.81279,324260668.036299,2446.69635581603,2462.264670737116,111.886071247194,10.447509938241016,8.440767146399475,2013.0,2023.0,9.28307374517721,,88.0,0.0005519034433561,0.0311436863167577,0,-1.2207426528955327,-1.342078006917587
KOR,"Korea, Rep.",2023,East Asia,East Asia & Pacific,Eastern Asia,51712619.0,81.1645551720421,18.3350235838597,41.4544025774417,1844800934391.54,35674.095995632,57429.8031076402,921453055441.203,901114619290.853,17425.4299379201,17818.727290551713,49.9486442283876,2.0206339053799205,2.102274094005163,2013.0,2023.0,3.5974562502901,2.675,97.41597478,1.5584303105562358,8.53899878074697,2,1.8158277950868948,-0.12994748207168155
KWT,Kuwait,2023,Middle East,"Middle East, North Africa, Afghanistan & Pakistan",Western Asia,4853420.0,100.0,2.95275783789783,27.4788324128055,165462656226.772,34091.9714813002,53083.3848600632,63343944887.0661,52893973295.8738,10898.2888964635,13051.403935176866,38.282925181771,2.51370069882626,2.135086192160096,2013.0,2023.0,3.64216403030709,2.08,99.74731125,0.1071320162424775,2.7496875854189367,2,1.8946349770250699,0.08951154274083119
LAO,Lao PDR,2016,South & Southeast Asia,East Asia & Pacific,South-eastern Asia,6908802.0,33.8267455533474,4.10183240872785,58.634824292374,15912501722.6143,2303.22156035363,6743.01053953037,10453643444.5525,10741525239.1977,1554.75945600955,1513.0906117373895,65.6945314242839,4.530913493830724,4.568550776924352,2013.0,2016.0,1.59691227583204,2.634,21.87000084,0.0176799834821076,0.2209677886452282,0,-2.619638504621867,-0.5828376459789951
LBN,Lebanon,2023,Middle East,"Middle East, North Africa, Afghanistan & Pakistan",Western Asia,5773493.0,90.4524074197598,9.8244260298251,57.5802354030357,20078620356.9931,3477.72489842684,12585.1973845359,27314358309.6425,38886765502.2853,6735.39666581137,4730.993578695341,136.037027564642,0.1699994648772351,-0.8833344734065163,2013.0,2023.0,221.341644023365,10.985,81.7059021,0.0461960852501146,1.1856847893135256,1,0.6316571899248005,8.962925768838366
LBY,Libya,2023,Africa,"Middle East, North Africa, Afghanistan & Pakistan",Northern Africa,7305659.0,87.8647197919848,4.8781294062589,48.8966237042016,44027664915.187,6026.51518708812,13858.4923072147,14621381820.4182,18155959701.0851,2485.19123341031,2001.377537661996,33.2095327984899,5.27799130238813,-2.807702593593786,2013.0,2023.0,2.3731753143518,18.713,82.10469818,0.0247287742729826,0.8830817738223223,3,0.8293894627165149,1.7829411226263066
LKA,Sri Lanka,2023,South & Southeast Asia,South Asia,Southern Asia,22037000.0,20.1455348442463,11.7387099915518,51.745033375023,84080307355.5983,3815.41531767474,14512.1432202455,59804035630.0427,58644660508.542,2661.19074776703,2713.801135818973,71.1272799909202,-1.0256384237615768,0.9410787923347596,2015.0,2023.0,16.5411742279832,4.528,51.2,0.1011450570043615,1.2641301164827203,0,-1.7673059775418651,0.8204798109507317
LSO,Lesotho,2023,Africa,Sub-Saharan Africa ,Sub-Saharan Africa,2311472.0,42.6781596804785,3.82680387216458,63.2665285082422,2129871529.52517,921.435141557056,2879.59482438145,1966830070.10639,1975841512.3452,854.797943624321,850.8993706635382,92.3450096797562,9.008921196625286,1.705717072667956,2013.0,2023.0,6.34221743124953,16.348,48.98590088,0.0033264500875734,0.1187898523169102,0,-1.654468849657308,0.4702982911660683
LTU,Lithuania,2023,Europe,Europe & Central Asia,Northern Europe,2871585.0,68.575454583199,19.8561787800633,53.2410196696624,80356613554.5602,27983.3658256887,52720.0689650863,45021530079.0675,30868968838.8024,10749.8015342755,15678.28571296601,56.0271620312856,-0.123537169124932,2.772233779924238,2013.0,2023.0,9.11731962390475,6.841,88.50287484,0.0761437782299644,0.3186395819632861,3,0.8620045577587948,-0.07249182752270943
LUX,Luxembourg,2023,Europe,Europe & Central Asia,Western Europe,666430.0,94.8015300320787,15.1061948765445,44.7725431159019,88788881539.3937,133230.619178899,152596.126692093,29282605563.2633,24939955789.9166,37423.2189275942,43939.50686983374,32.9800365266131,3.801807482316355,3.08137899960006,2013.0,2023.0,3.74140361983136,5.184,99.34785707,0.04952493218442,0.2072474475897971,2,4.5944966153058955,-1.1828932769050937
LVA,Latvia,2023,Europe,Europe & Central Asia,Northern Europe,1883710.0,68.3586316343061,21.3320948408305,58.7910304708067,42779550936.838,22710.2637544197,42783.8260226567,24799183588.0436,18363664431.3503,9748.66854842323,13165.075084829192,57.9697146065381,-0.9057826127165992,1.9814110404352991,2013.0,2023.0,8.9380462331663,6.465,92.18791291,0.0419422336845482,0.1755160581536741,3,0.8116267493498556,0.21907217937605505
MAC,"Macao SAR, China",2023,East Asia,East Asia & Pacific,Eastern Asia,678800.0,100.0,13.479471895326,38.072078888916,45626467279.891,67216.3631112124,116424.421317954,14543634873.1737,13503323576.517,19892.9339665836,21425.5080630137,31.8754348960598,16.39685958452093,1.963077579076522,2013.0,2023.0,0.476384495788075,2.206,89.82640076,0.0245972828221446,0.134774180536193,2,3.2129640960658987,-0.46897822270653017
MAR,Morocco,2023,Africa,"Middle East, North Africa, Afghanistan & Pakistan",Northern Africa,37712505.0,62.673750838878,7.82574109038898,51.1965827591372,146036093666.762,3813.72607421875,9902.8056640625,89277378603.3516,76358100738.9048,1994.08837890625,2367.3149954730293,61.1337761519919,4.796116593912192,2.16671123124339,2013.0,2023.0,6.09114152504141,8.896,91.0,0.1509925785593596,5.39205027456152,3,-0.284140962408492,0.3379584060094921
MDA,Moldova,2023,Europe,Europe & Central Asia,Eastern Europe,2457783.0,43.0011825561523,15.6147071961188,55.2962072281666,16711906746.2133,6799.58594644576,17750.5576656772,14331219199.2728,8071335183.7906,3283.99015852522,5830.953830860089,85.7545426557627,-0.8001935010603201,1.9767628267034263,2013.0,2023.0,13.41701043813,1.57,76.50330353,0.0242380295507059,0.1014291092875066,3,-0.8025311295713311,0.4870900016337199
MDG,Madagascar,2023,Africa,Sub-Saharan Africa ,Sub-Saharan Africa,31195932.0,31.9799438860946,3.33516236451659,75.1537300734546,16036707975.7567,514.064076551927,1810.09891584306,11612805129.7335,10387770085.5252,332.984764985549,372.2538287919559,72.4138965883084,4.35866915608536,2.299773387937209,2013.0,2023.0,9.87432675044888,3.044,18.24080086,0.0196404444023403,0.7013739658106205,0,-2.601870258261558,0.41020672653525375
MDV,Maldives,2023,South & Southeast Asia,South Asia,Southern Asia,525994.0,41.5096832933973,4.34510659817412,32.264975533215,6621008703.95743,12587.6126038651,24806.6325837081,3387993229.77873,2982400330.25108,5670.02728215736,6441.12524055166,51.1703485264065,11.335760163881314,6.688844192144017,2014.0,2023.0,2.90372427754586,4.019,84.55290222,0.0057300274930646,0.0716149709811781,0,-1.0182767807066972,-1.3496123543452778
MEX,Mexico,2023,Latin America,Latin America & Caribbean ,Latin America and the Caribbean,129739759.0,79.4734935748046,7.98664578990007,49.0415538480472,1794410347718.25,13830.843848864,25188.3182559609,1253583863518.97,950659987888.525,7327.43759673952,9662.29529930736,69.8604901110279,4.170231474152386,1.7255246209277877,2013.0,2023.0,5.52796087314389,2.765,81.18318755,2.1201547688142783,28.42389323936452,3,0.4859800837896951,0.3929936842526318
MKD,North Macedonia,2023,Europe,Europe & Central Asia,Southern Europe,1827816.0,62.2518322545779,17.5017325840163,52.8340697087164,15855131188.9092,8674.35846327485,25354.144126576,10850947663.934,8876461942.72448,4856.32139270281,5936.564546942362,68.4380818717181,1.6530875168518255,3.17660261117918,2013.0,2023.0,9.36187249769015,13.174,88.5,0.0183519340870134,0.0767975104681968,3,-0.07325618617094042,0.02802014947602576
MLI,Mali,2023,Africa,Sub-Saharan Africa ,Sub-Saharan Africa,23769127.0,31.0031889023235,2.40531546645959,95.5627428168982,24777941860.767,1042.44223444837,3178.41515939915,18215972689.0436,15942277172.6676,670.713618243851,766.3711287774094,73.5168917233051,3.464845965095642,4.542186173150764,2013.0,2023.0,2.05880228274223,2.947,36.03879929,0.0308082151415488,1.1001828467180743,0,-2.51592227240351,-0.5594021939815496
MLT,Malta,2023,Europe,"Middle East, North Africa, Afghanistan & Pakistan",Southern Europe,552747.0,95.6272277147965,19.800039778143,49.1465329757208,22625329775.6867,40932.5238774461,67101.1037962636,10267078125.0982,8770120951.798,15866.4288576835,18574.64287476585,45.3786894020492,12.823619693848665,5.271837295119197,2013.0,2023.0,5.09396758978883,3.479,92.07266941,0.0173644502631126,0.0726651776610043,2,1.7388312023343109,-0.9407426937116418
MNE,Montenegro,2023,Europe,Europe & Central Asia,Southern Europe,623529.0,65.4731667624849,17.4661274844054,55.7603675124215,7643318276.40347,12258.1600477339,31862.873635118,5735465629.05598,4607271076.05995,7389.02452982933,9198.394347425668,75.0389480281434,7.1090080251197785,4.270901236711588,2013.0,2023.0,8.58476910455403,13.146,88.5515976,0.0097002483508989,0.0405927201318486,3,0.10062022403799385,-0.37259568106615276
MNG,Mongolia,2023,East Asia,East Asia & Pacific,Eastern Asia,3481145.0,70.4464492797852,4.8636009012415,60.0027669535657,20325121393.9074,5838.63108083902,18019.6912274585,9049203222.52678,10287169896.7231,2955.1110042021,2599.490461479421,44.522259164658,9.748968227220534,5.097297102272624,2013.0,2023.0,10.347583131434,5.178,83.74320221,0.0153046891592501,0.0838579185641631,3,-0.4250619132599283,-0.36889370758202794
MOZ,Mozambique,2023,Africa,Sub-Saharan Africa ,Sub-Saharan Africa,33635160.0,35.7149783148407,2.76676995144367,90.5547175254326,20927498317.3094,622.191133245967,1680.20873445078,16335799933.9228,15401899930.1349,457.910708025023,485.676296290037,78.0590192207121,9.110637424143777,4.517235528308894,2013.0,2023.0,7.12697482131851,6.661,19.94560051,0.0276283263850247,0.9866268017370272,0,-2.7486455124421596,-0.3119869733674129
MRT,Mauritania,2023,Africa,Sub-Saharan Africa ,Sub-Saharan Africa,5022441.0,59.7142464747058,3.21532864046301,86.0514074690377,10687541640.1299,2127.9576285973,6971.65100210032,5805550195.69109,5034897582.2295,1002.48018488012,1155.922029883694,54.3207258617104,3.015351627325069,3.199453307747957,2013.0,2023.0,4.95305034506872,10.37,44.95629883,0.0098187806106829,0.3506355027037234,0,-1.4459637328732229,0.06789178203700655
MUS,Mauritius,2023,Africa,Sub-Saharan Africa ,Sub-Saharan Africa,1248647.0,39.0039901092226,12.9415870752551,39.0159696460938,14072212290.4596,11269.9684462139,29402.9391464973,9846439670.20289,9230588546.48621,7392.47244936816,7885.6872039919135,69.9708010863252,3.43049068060286,1.131150868599673,2013.0,2023.0,7.05298238454736,5.571,79.5,0.0166530350542493,0.5946914947296377,3,-0.33398254236945024,0.3515044233785654
MYS,Malaysia,2023,South & Southeast Asia,East Asia & Pacific,South-eastern Asia,35126298.0,76.4434752105739,7.45117376160733,42.3268043029121,399949418752.657,11386.0395636528,36496.9483630681,241825507173.033,243860786881.25,6942.39930667473,6884.457541555703,60.4640226574717,4.617131723563261,5.454274994186847,2013.0,2023.0,2.48886560125754,3.858,97.69272633,0.4089933806379749,5.111676884855084,3,0.4404540790244711,-0.8997756400090813
NAM,Namibia,2023,Africa,Sub-Saharan Africa ,Sub-Saharan Africa,2963095.0,49.9545837830821,3.57118148422511,69.1003275178326,12522012873.7957,4225.99102418102,11247.8071969605,9182615804.47426,9984915341.81897,3369.75876298903,3098.994735057182,73.3317869660585,5.265787344917494,4.287108976566212,2013.0,2023.0,5.87993463284275,19.154,63.69549942,0.0155303264939887,0.5545987891253966,0,-1.2628588671280452,-0.3557274606296803
NER,Niger,2023,Africa,Sub-Saharan Africa ,Sub-Saharan Africa,26159867.0,17.7506873295237,2.57103562491354,98.164041724651,16949765463.9058,647.930108509567,1902.69710752042,12157114659.9381,10107156235.5994,386.361147615903,464.72387110905805,71.7243827699353,6.574041029301503,5.388716110916403,2013.0,2023.0,3.70097316425834,0.407,12.98079967,0.0205610213814783,0.7342484116971397,0,-3.397453022407855,-0.7868285470257532
NIC,Nicaragua,2023,Latin America,Latin America & Caribbean ,Latin America and the Caribbean,6823613.0,59.1250953674316,5.37928367274053,52.8658369386387,17805842220.7571,2609.44491147975,8326.83840449159,13932074607.6542,11440029831.0387,1676.5355583675,2041.7445431993576,78.244401106806,7.61510782763577,3.3890671822591534,2013.0,2023.0,8.38765854872536,4.698,60.30120087,0.0235629663706558,0.3158973346539345,0,-1.1400423664991248,0.09476687538483054
NLD,Netherlands,2023,Europe,Europe & Central Asia,Western Europe,17877117.0,95.3221682092129,20.1567559021407,54.6264908553262,1135475867551.0,63515.6030780019,80391.6029350952,509302392707.852,397920132741.643,22258.62999843,28489.067488222627,44.853651870763,0.735951881455299,1.5369314489095176,2013.0,2023.0,3.83839354342808,3.535,97.00680272,0.8613702904861416,3.604584322663532,2,2.8182922605047387,-0.07737334913532973
NOR,Norway,2023,Europe,Europe & Central Asia,Northern Europe,5519601.0,83.0718560702166,18.5338475896816,53.9423382909882,502197633322.816,90984.4087141111,107767.977198972,199845724203.219,214515035656.7,38864.2287108616,36206.5526481387,39.7942385512512,-1.0284570520669334,2.390097579267181,2013.0,2023.0,5.51784987104659,3.574,99.00000258,0.3379940325709099,1.414406793936818,2,3.7393099820211013,-0.7377175667956811
NPL,Nepal,2023,South & Southeast Asia,South Asia,Southern Asia,29694614.0,66.5432933453944,6.36058770858938,54.0220133747515,41049329851.0546,1382.38300895424,5399.65505811688,35365577027.3624,29526788899.9344,994.348298312091,1190.9761489865602,86.1538474700673,0.7174599285555416,4.366416132679518,2013.0,2023.0,7.11587261530826,10.437,45.80680084,0.0598129083888741,0.747553079588825,0,-1.4437423522495696,-0.14454959342028748
NZL,New Zealand,2023,Oceania,East Asia & Pacific,Australia and New Zealand,5200000.0,83.8898991461229,16.7985801212333,54.2574461849167,256372177757.764,49302.341876493,54949.699278118,147315210938.94,134803113065.484,25923.6755895162,28329.848257488466,57.4614656814017,1.105339939843497,3.592617648028429,2013.0,2023.0,5.73316283034957,3.734,93.32610321,0.2491505004813334,14.059461172170812,2,1.9976235690369408,-0.5682725749369404
OMN,Oman,2023,Middle East,"Middle East, North Africa, Afghanistan & Pakistan",Western Asia,5049269.0,79.5702973228932,2.66044451186895,38.6735887164327,106174707932.38,21027.7384572657,41979.5975879711,40100820546.1638,39847251063.3495,7891.6871062622,7941.906154368841,37.7687128385634,5.521511689975678,4.2392361239008025,2013.0,2023.0,0.950782997762827,3.176,95.25170135,0.0678215063136286,1.7407303668485867,3,0.7532823348380727,-0.6259482032136428
PAN,Panama,2023,Latin America,Latin America & Caribbean ,Latin America and the Caribbean,4458759.0,65.8601271176084,9.05673529338545,52.2832629253976,83812155200.0,18797.1933894611,39846.2245506562,39671366000.0,36023870578.2519,8079.34911446255,8897.400823861528,47.3336664656012,5.463031675581886,3.5680582121443427,2013.0,2023.0,1.48641355277038,6.544,68.54851592,0.0670951806719741,0.8995127527235368,3,-0.011404819512069947,-0.45141390055982705
PER,Peru,2023,Latin America,Latin America & Caribbean ,Latin America and the Caribbean,33845617.0,84.7810255849745,8.99256615708912,50.0391504388028,268025009709.319,7919.04634828547,17041.5682788302,170151604267.933,148887579868.001,4399.02099784445,5027.286229349373,63.4834803112098,0.066730628018341,2.673918177717871,2013.0,2023.0,6.45561348369586,4.899,79.48484477,0.2877731165088494,3.8580354892587856,3,0.18050037790561205,0.2744341294272595
PHL,Philippines,2023,South & Southeast Asia,East Asia & Pacific,South-eastern Asia,114891199.0,55.1242716168851,5.26217156111322,51.2166581870048,437055627245.138,3804.08274131718,10994.8840414773,334429914559.98,309494263402.144,2693.80305972909,2910.840146772078,76.5188442185196,5.537637782628324,4.6084732424742425,2013.0,2023.0,5.97802515541409,2.2,77.86699677,0.5656128790602957,7.0691370974242025,0,-0.9528574765579344,-0.42098267473838163
PLW,Palau,2023,Oceania,East Asia & Pacific,Micronesia,17727.0,79.1531991438847,10.8503737131575,41.6233921866262,276157406.25,15578.3497630733,18313.2535592192,223967833.518982,179560824.719782,10129.2279979569,12634.277289952162,81.1015125613644,-6.990417998088027,-0.1758627688970726,2013.0,2023.0,12.8199748216534,,82.91629791,0.0003787911476168,0.0213750300400445,3,0.764080293093904,1.2029633795962849
POL,Poland,2023,Europe,Europe & Central Asia,Eastern Europe,36687353.0,59.8859561370214,19.5609114692528,53.040171083641,812451193396.143,22145.2660647429,48473.0940286419,468343271743.174,365163469956.228,9953.38829585846,12765.796206206918,57.645711588587,-0.2517179335910668,3.251180468893433,2013.0,2023.0,11.5289127961105,2.743,86.414744,0.7920971623238718,3.314696414392801,3,0.4525784751224349,-0.13904423485085196
PRT,Portugal,2023,Europe,Europe & Central Asia,Southern Europe,10578174.0,61.2048652633664,24.1115106141099,58.7431554582857,292323800948.839,27634.6183139773,49800.3476220918,180152190154.482,152336369205.313,14401.0080761872,17030.55651707771,61.6276162152158,2.412057438186288,1.9873378112436504,2013.0,2023.0,4.31128191898681,6.498,85.79012676,0.3046868551707245,1.2750259366969865,3,0.8750015166157916,-0.08910403117583938
PRY,Paraguay,2023,Latin America,Latin America & Caribbean ,Latin America and the Caribbean,6844146.0,69.3466081733694,6.36927529015307,54.2026658651783,43140465595.6662,6303.26495017292,17585.0746806625,28432615667.6148,28707792857.7558,4194.50328174702,4154.297069000982,65.9070672396059,2.9787837116609595,3.0260807167923343,2013.0,2023.0,4.63202285403356,5.794,78.09481878,0.0480873657134825,0.6446841378314664,3,-0.24381637275288007,0.015617669999754183
PSE,West Bank and Gaza,2023,Middle East,"Middle East, North Africa, Afghanistan & Pakistan",Western Asia,5165775.0,86.8576870415886,3.80247435781418,72.928715183441,18635100000.0,3607.41611858821,6178.51270322198,18310800000.0,15463000000.0,2993.35530486713,3544.6375422855235,98.2597356601252,-0.5044590577425456,2.800214558585168,2013.0,2023.0,5.87110177678988,,86.63765334,0.0309685941807091,0.7948507079698723,3,0.10133358766949109,0.3059806454066099
ROU,Romania,2023,Europe,Europe & Central Asia,Eastern Europe,19061062.0,52.1645747011867,19.7531409207066,55.3509300976065,347757995758.914,18244.4186876321,45981.6373404846,213789148066.371,162403790429.479,8520.18583379451,11216.01451516033,61.4764148268734,2.5236981349334275,5.066003555032905,2013.0,2023.0,10.3971874764996,5.589,89.20335498,0.3615761936511232,1.5130912842926307,3,-0.005523006137273403,-0.721418671144366
RUS,Russian Federation,2023,Europe,Europe & Central Asia,Eastern Europe,143826130.0,74.9805047873279,16.6046427349856,51.7902694468508,2046284838151.09,13986.9951171875,44298.67578125,1017679151012.97,863318095613.809,5901.04833984375,7075.759815083462,49.7330152693938,8.604638456435708,1.059240946146911,2013.0,2023.0,5.86571931748967,3.076,92.24496346,1.721175078854518,7.202617473951502,3,0.9148943840865931,0.46183083892072085
RWA,Rwanda,2023,Africa,Sub-Saharan Africa ,Sub-Saharan Africa,13954471.0,28.8555310645477,3.82185022198798,71.0958025684348,14806501437.282,1061.05788154076,3518.91850615405,9569634676.44418,7882084412.97098,564.842939081745,685.7755250230682,64.6313021140046,11.250092202541072,3.843718147705699,2013.0,2023.0,19.789546746467,12.352,28.80579948,0.016184881750248,0.5779734137784949,0,-2.6328467560114905,0.2683453540401328
SAU,Saudi Arabia,2023,Middle East,"Middle East, North Africa, Afghanistan & Pakistan",Western Asia,33702731.0,84.2962388315415,2.81950386919403,36.8306261402051,1218584800000.0,36156.8562500172,71623.785419098,531169866666.667,408171900975.865,12110.9443912977,15760.43990816848,43.5890769905112,7.748773288053301,4.899514291405382,2013.0,2023.0,2.32708518362706,4.008,100.0,0.8983541976222453,23.057471250423955,2,1.5638172043356788,-0.9842511316264678
SEN,Senegal,2023,Africa,Sub-Saharan Africa ,Sub-Saharan Africa,18077573.0,54.6992276190794,3.5903878360666,73.0702280774448,30696331295.7826,1698.03387300843,4781.55234083159,20646184829.0882,17875949093.9555,988.846738107794,1142.088311804256,67.2594540049312,4.998658499195496,4.291617366646561,2013.0,2023.0,5.93947798773215,2.784,59.18740082,0.0349183716359714,1.2469594013388023,0,-1.4633773633192642,-0.24862696595846753
SGP,Singapore,2023,South & Southeast Asia,East Asia & Pacific,South-eastern Asia,5917648.0,100.0,13.0953667239036,33.1253772353762,511181761243.76,86382.5900499252,144728.385132013,161089302909.589,140214790973.397,23694.3446067418,27221.84606275821,31.5131162969589,3.7071228749732335,2.9291280288919586,2013.0,2023.0,4.83372362825798,3.444,94.28518987,0.2724462748028701,3.4050852439282706,2,3.8263447754256097,-0.8244881181672815
SLB,Solomon Islands,2023,Oceania,East Asia & Pacific,Melanesia,800005.0,30.0088821088389,3.62653756755422,69.461496422262,1506124566.40404,1882.64394148042,2599.03676008376,1160415562.01904,1092667823.79039,1365.82624332396,1450.5103868338824,77.0464533879558,11.627207449691412,3.360307784970362,2013.0,2023.0,5.88585897042164,1.443,28.67239952,0.0019625815705019,0.1107476779471993,0,-2.511955308961698,-0.08326513404468232
SLE,Sierra Leone,2023,Africa,Sub-Saharan Africa ,Sub-Saharan Africa,8460512.0,44.809324991151,3.20667945391485,71.6396127509545,6415852766.09227,758.329137301888,3371.09351712436,5655831179.48357,10212792651.6671,1207.11283804894,668.4975069456282,88.1540051756579,2.188330593446852,2.8258518831089763,2013.0,2023.0,47.6428733253179,3.092,23.71360016,0.0095655646149828,0.3415929829178822,0,-2.2337297189881316,1.647318011238937
SLV,El Salvador,2023,Latin America,Latin America & Caribbean ,Latin America and the Caribbean,6309624.0,74.6080675149903,8.00031824400313,49.7246065816785,33565430000.0,5319.7195268688,12667.4662875421,27755870000.0,22388093664.0618,3548.24529386566,4398.973694787518,82.6918350219258,4.521818116537957,1.4454657925680348,2013.0,2023.0,4.04554694222477,2.992,62.61989975,0.0469428028356227,0.6293395349163584,3,-0.3337647143047338,0.5434312016383498
SMR,San Marino,2023,Europe,Europe & Central Asia,Southern Europe,33860.0,97.1317310361655,21.6823538130883,52.3897389738974,2027243193.5116,59871.3288101478,78810.3378046111,775740065.862171,703998937.016422,20791.462995169,22910.22049209011,38.2657625066891,8.264124072319024,2.602992058671716,2015.0,2023.0,5.93190858629403,,97.33640289,0.0013119896066475,0.0054902951957516,2,2.6350027445019713,-0.2723116287403104
SRB,Serbia,2023,Europe,Europe & Central Asia,Southern Europe,6623183.0,62.1434649229738,22.3383596618497,57.94954577942,81343999280.0179,12281.707946167,29776.9743496564,50921322138.3838,35179899329.9836,5311.63027353821,7688.345941578815,62.5999736785656,0.4940718521591947,1.9224977925578424,2013.0,2023.0,12.3719043552519,8.268,85.35746686,0.0861219477275034,0.3603953213206411,3,0.11053484892856362,0.4692933184092666
STP,Sao Tome and Principe,2023,Africa,Sub-Saharan Africa ,Sub-Saharan Africa,230871.0,68.6043921103568,3.86730280697271,72.8534635081309,690456806.696406,2990.6606143535,6155.05042011344,697463379.440446,399929324.351598,1732.26314414369,3021.009045919349,101.0147735059,1.082601398575167,4.07062905442559,2013.0,2023.0,21.2589138473,9.032,58.70130157,0.0011796022213009,0.0421244179146102,0,-1.0803239991441422,0.4252448100729666
SVK,Slovak Republic,2023,Europe,Europe & Central Asia,Eastern Europe,5426740.0,53.190805019646,18.0508365765507,51.4188207516504,133578518423.544,24614.8734642794,45864.6125430469,77946206279.5014,58851196121.2913,10844.6684604922,14363.357426281967,58.3523512608171,-2.9198505267820862,2.7420747083501062,2013.0,2023.0,10.5319476645211,5.843,87.2131343,0.1318284526178934,0.5516637604476285,3,0.3784034837388105,-0.06443851688225884
SVN,Slovenia,2023,Europe,Europe & Central Asia,Southern Europe,2120461.0,55.5378927789875,21.3323429613727,56.8926761847261,69255264238.3855,32660.4753581346,56150.6852244867,35707845428.4634,28844420252.3822,13602.9006203756,16839.66148326397,51.5597562454637,-0.0189645874463795,2.7226213900764407,2013.0,2023.0,7.44687717385846,3.652,90.37794678,0.0603917783025085,0.2527220403249982,3,0.8026013285723703,-0.25857943204652917
SWE,Sweden,2023,Europe,Europe & Central Asia,Northern Europe,10536632.0,88.631216160938,20.5364235623884,60.7360556550349,578990915246.07,54950.2834725622,68457.9015289277,263717291546.63,263090779391.506,24969.1532732192,25028.613654403987,45.5477425642423,-1.6088450245715369,1.7941697205253735,2013.0,2023.0,8.5486248974891,7.611,95.70327461,0.44601840336541,1.8664573902160173,2,2.542995315276092,0.011146221580945614
SYC,Seychelles,2023,Africa,Sub-Saharan Africa ,Sub-Saharan Africa,119773.0,45.0971081321658,8.33095611193391,39.8025048731806,2171547935.38159,18130.5297135548,31893.9628108379,1388672831.88156,1252648193.46976,10458.5189773134,11594.205971976657,63.948523044578,-6.668885929871293,6.795612384485494,2013.0,2023.0,-1.03530088431952,,86.001297,0.0023486273336127,0.0838711198913045,0,-0.5642645780043316,-1.6098951786058806
TCD,Chad,2023,Africa,Sub-Saharan Africa ,Sub-Saharan Africa,19319064.0,26.3305395171046,2.07477443006556,95.3580792822124,18352937976.2179,949.991054236266,2703.06889886705,11008602061.0161,10868977264.8842,562.603719563442,569.8310260277672,59.9827780995132,-1.598210804840594,2.3241051002265145,2013.0,2023.0,10.8363568399843,1.059,12.03590012,0.01861857099223,0.6648821537353243,0,-2.8272030475951615,0.4022904877252793
TGO,Togo,2023,Africa,Sub-Saharan Africa ,Sub-Saharan Africa,8223850.0,43.2496853032436,3.60486876584568,80.9338235472068,9723300576.72675,1182.32951436696,3572.00417260831,7295738041.66792,6348711110.49162,771.987707763592,887.1438610465804,75.0335545435124,6.016689285171872,4.611688273949266,2013.0,2023.0,5.48928568141131,1.942,37.57020187,0.0123390977270886,0.4406377844659027,0,-2.205270119329533,-0.3896556648474212
THA,Thailand,2023,South & Southeast Asia,East Asia & Pacific,South-eastern Asia,71702435.0,60.9341926574707,14.7182560815403,42.4662473757894,517013369475.121,7210.54130832685,23598.3745068685,295970808043.138,268954121510.661,3750.97612111305,4127.765089750968,57.2462581274467,6.701376945773219,3.0194525055665222,2013.0,2023.0,1.22908986612448,0.733,89.53525238,0.5005679622749696,6.2561933840314925,3,-0.14071713065586453,-0.19833913566149755
TON,Tonga,2023,Oceania,East Asia & Pacific,Polynesia,104597.0,21.147944541337,6.60245225746313,73.0878702631144,591139733.623755,5651.59357939286,7810.10184717265,590086262.746536,501339070.032494,4793.05400759576,5641.52186722885,99.8217898717853,8.433558858225275,2.241812804578003,2013.0,2023.0,6.35112980255182,1.652,64.13140106,0.0009979980122446,0.0563166209818957,0,-1.6532753096941764,0.08205668128007669
TUR,Turkiye,2023,Middle East,Europe & Central Asia,Western Asia,85325965.0,89.0218446796121,10.0010276668343,46.7152423180544,1141242864657.45,13375.0947282864,43196.3381254367,616632766979.269,863667526630.885,10121.9778367685,7226.789254352635,54.0316865126121,10.476143237084656,6.585932573410025,2013.0,2023.0,53.8594087593315,9.388,85.96074155,1.0428954452622925,26.767317178435317,3,0.5888443024755547,0.600944261384873
TZA,Tanzania,2023,Africa,Sub-Saharan Africa ,Sub-Saharan Africa,66617606.0,35.4748019434954,3.04319999848689,84.3899011707131,79030935638.1317,1224.00219726563,4021.82885742188,42771068542.6304,38572798800.647,597.401428222656,642.0385106998651,54.1194004566407,2.1999999999191333,3.613087336085785,2013.0,2023.0,3.79923291384916,1.565,28.43190002,0.0723376293975149,2.5832271902069706,0,-2.4345454766178087,-0.19550607061217484
UGA,Uganda,2023,Africa,Sub-Saharan Africa ,Sub-Saharan Africa,48656601.0,30.6059359395495,2.15058279399148,85.4896724288882,48768955863.3175,1002.30913917142,3100.19016956104,34923573145.5404,34338046420.2008,705.722259970456,717.7561199875099,71.6102539562648,3.7191163331842247,4.620322037342173,2013.0,2023.0,5.35094804280395,2.754,9.286999702,0.0590653583723569,2.109265136521504,0,-3.0433752159103284,-0.43469430627588707
UKR,Ukraine,2023,Europe,Europe & Central Asia,Eastern Europe,37732836.0,69.4754455027606,18.5575345907943,48.927142092575,181221517868.744,5139.59814453125,17679.904296875,110513376129.716,68930584421.9198,1954.93078613281,2928.8383234622493,60.982480132276,4.33079573538504,-2.3703363342496564,2013.0,2023.0,12.8490222828559,,81.58059692,0.186908485533196,0.7821576900980678,3,0.3689790269430116,1.9018232978418925
USA,United States,2023,North America,North America,Northern America,336755052.0,80.071561119178,17.4318194823539,53.9087998260781,27811517000000.0,82586.7847707894,82586.7847707891,18833150000000.0,15205695881388.2,45153.5791106354,55925.3673794922,67.7170900098689,2.565843622079833,2.7712882967547925,2013.0,2023.0,4.11633838374488,3.638,93.52559662,31.852031560304457,93.89240805438222,2,3.421463973005584,-0.8441410227704256
UZB,Uzbekistan,2023,Europe,Europe & Central Asia,Central Asia,35652307.0,50.9964841114568,5.69504099692623,57.6444238962333,107526539716.318,3015.97705069457,11678.6257366395,68821056152.0679,113832884919.952,3192.86168269424,1930.33949113217,64.0037857943122,6.978669508281588,7.434621895944637,2013.0,2023.0,9.95659071258018,4.434,89.01361047,0.1163953163740081,0.4870805706526303,0,-1.1509809187458395,-1.150321657172992
VNM,Viet Nam,2023,South & Southeast Asia,East Asia & Pacific,South-eastern Asia,100352192.0,38.1298904418945,8.62116598619573,47.5514131558407,433805036898.465,4322.82572261566,15033.899969483,234323207726.677,211350963341.813,2106.09214536951,2335.008364607292,54.0157876916311,3.0735007544602237,5.581641448405983,2013.0,2023.0,3.25289282667662,1.645,78.08,0.3963049308173032,4.953094231141226,0,-1.4198390092169242,-0.9194362510820746
ZAF,South Africa,2023,Africa,Sub-Saharan Africa ,Sub-Saharan Africa,63212384.0,63.5823705163545,6.51509367622564,48.3679344695214,381440724491.232,6034.27208964673,15212.2609596178,244863716821.306,241861157450.179,3826.16731319893,3873.666856502454,64.1944347048698,0.2268092108528296,1.2039929192762644,2013.0,2023.0,6.0752438457966,32.098,78.33670044,0.4141318279823445,14.788936370796518,3,-0.20714708062145556,0.5805674037295235
