country_name,iso3,year,internet_users_pct_of_population
Africa Eastern and Southern,AFE,2023,27.8
Africa Eastern and Southern,AFE,2022,26.8
Africa Eastern and Southern,AFE,2021,25.0
Africa Eastern and Southern,AFE,2020,23.5
Africa Eastern and Southern,AFE,2019,21.6
Africa Eastern and Southern,AFE,2018,19.6
Africa Eastern and Southern,AFE,2017,17.3
Africa Eastern and Southern,AFE,2016,16.3
Africa Eastern and Southern,AFE,2015,14.3
Africa Eastern and Southern,AFE,2014,12.1
Africa Eastern and Southern,AFE,2013,10.0
Africa Western and Central,AFW,2023,38.5
Africa Western and Central,AFW,2022,37.5
Africa Western and Central,AFW,2021,34.7
Africa Western and Central,AFW,2020,31.5
Africa Western and Central,AFW,2019,28.5
Africa Western and Central,AFW,2018,25.7
Africa Western and Central,AFW,2017,23.8
Africa Western and Central,AFW,2016,20.9
Africa Western and Central,AFW,2015,18.6
Africa Western and Central,AFW,2014,15.0
Africa Western and Central,AFW,2013,12.6
Arab World,ARB,2023,
Arab World,ARB,2022,
Arab World,ARB,2021,
Arab World,ARB,2020,
Arab World,ARB,2019,
Arab World,ARB,2018,
Arab World,ARB,2017,
Arab World,ARB,2016,
Arab World,ARB,2015,
Arab World,ARB,2014,
Arab World,ARB,2013,
Caribbean small states,CSS,2023,
Caribbean small states,CSS,2022,
Caribbean small states,CSS,2021,
Caribbean small states,CSS,2020,
Caribbean small states,CSS,2019,
Caribbean small states,CSS,2018,
Caribbean small states,CSS,2017,
Caribbean small states,CSS,2016,
Caribbean small states,CSS,2015,
Caribbean small states,CSS,2014,
Caribbean small states,CSS,2013,
Central Europe and the Baltics,CEB,2023,
Central Europe and the Baltics,CEB,2022,
Central Europe and the Baltics,CEB,2021,
Central Europe and the Baltics,CEB,2020,
Central Europe and the Baltics,CEB,2019,
Central Europe and the Baltics,CEB,2018,
Central Europe and the Baltics,CEB,2017,
Central Europe and the Baltics,CEB,2016,
Central Europe and the Baltics,CEB,2015,
Central Europe and the Baltics,CEB,2014,
Central Europe and the Baltics,CEB,2013,
Early-demographic dividend,EAR,2023,
Early-demographic dividend,EAR,2022,
Early-demographic dividend,EAR,2021,
Early-demographic dividend,EAR,2020,
Early-demographic dividend,EAR,2019,
Early-demographic dividend,EAR,2018,
Early-demographic dividend,EAR,2017,
Early-demographic dividend,EAR,2016,
Early-demographic dividend,EAR,2015,
Early-demographic dividend,EAR,2014,
Early-demographic dividend,EAR,2013,
East Asia & Pacific,EAS,2023,84.9
East Asia & Pacific,EAS,2022,82.4
East Asia & Pacific,EAS,2021,78.8
East Asia & Pacific,EAS,2020,73.9
East Asia & Pacific,EAS,2019,67.1
East Asia & Pacific,EAS,2018,62.5
East Asia & Pacific,EAS,2017,57.8
East Asia & Pacific,EAS,2016,53.9
East Asia & Pacific,EAS,2015,48.3
East Asia & Pacific,EAS,2014,45.5
East Asia & Pacific,EAS,2013,43.2
East Asia & Pacific (excluding high income),EAP,2023,84.2
East Asia & Pacific (excluding high income),EAP,2022,81.6
East Asia & Pacific (excluding high income),EAP,2021,77.6
East Asia & Pacific (excluding high income),EAP,2020,72.2
East Asia & Pacific (excluding high income),EAP,2019,64.0
East Asia & Pacific (excluding high income),EAP,2018,59.1
East Asia & Pacific (excluding high income),EAP,2017,53.9
East Asia & Pacific (excluding high income),EAP,2016,49.6
East Asia & Pacific (excluding high income),EAP,2015,43.5
East Asia & Pacific (excluding high income),EAP,2014,40.6
East Asia & Pacific (excluding high income),EAP,2013,38.2
East Asia & Pacific (IDA & IBRD countries),TEA,2023,85.0
East Asia & Pacific (IDA & IBRD countries),TEA,2022,82.3
East Asia & Pacific (IDA & IBRD countries),TEA,2021,78.3
East Asia & Pacific (IDA & IBRD countries),TEA,2020,72.7
East Asia & Pacific (IDA & IBRD countries),TEA,2019,64.3
East Asia & Pacific (IDA & IBRD countries),TEA,2018,59.8
East Asia & Pacific (IDA & IBRD countries),TEA,2017,54.6
East Asia & Pacific (IDA & IBRD countries),TEA,2016,50.2
East Asia & Pacific (IDA & IBRD countries),TEA,2015,44.1
East Asia & Pacific (IDA & IBRD countries),TEA,2014,41.1
East Asia & Pacific (IDA & IBRD countries),TEA,2013,38.7
Euro area,EMU,2023,
Euro area,EMU,2022,
Euro area,EMU,2021,
Euro area,EMU,2020,
Euro area,EMU,2019,
Euro area,EMU,2018,
Euro area,EMU,2017,
Euro area,EMU,2016,
Euro area,EMU,2015,
Euro area,EMU,2014,
Euro area,EMU,2013,
Europe & Central Asia,ECS,2023,89.6
Europe & Central Asia,ECS,2022,87.9
Europe & Central Asia,ECS,2021,86.3
Europe & Central Asia,ECS,2020,83.4
Europe & Central Asia,ECS,2019,80.3
Europe & Central Asia,ECS,2018,78.1
Europe & Central Asia,ECS,2017,74.5
Europe & Central Asia,ECS,2016,72.3
Europe & Central Asia,ECS,2015,69.9
Europe & Central Asia,ECS,2014,68.9
Europe & Central Asia,ECS,2013,66.1
Europe & Central Asia (excluding high income),ECA,2023,84.6
Europe & Central Asia (excluding high income),ECA,2022,82.0
Europe & Central Asia (excluding high income),ECA,2021,79.1
Europe & Central Asia (excluding high income),ECA,2020,74.5
Europe & Central Asia (excluding high income),ECA,2019,70.3
Europe & Central Asia (excluding high income),ECA,2018,65.8
Europe & Central Asia (excluding high income),ECA,2017,60.6
Europe & Central Asia (excluding high income),ECA,2016,56.2
Europe & Central Asia (excluding high income),ECA,2015,51.9
Europe & Central Asia (excluding high income),ECA,2014,48.6
Europe & Central Asia (excluding high income),ECA,2013,43.2
Europe & Central Asia (IDA & IBRD countries),TEC,2023,87.3
Europe & Central Asia (IDA & IBRD countries),TEC,2022,85.2
Europe & Central Asia (IDA & IBRD countries),TEC,2021,82.6
Europe & Central Asia (IDA & IBRD countries),TEC,2020,78.6
Europe & Central Asia (IDA & IBRD countries),TEC,2019,75.2
Europe & Central Asia (IDA & IBRD countries),TEC,2018,71.8
Europe & Central Asia (IDA & IBRD countries),TEC,2017,67.0
Europe & Central Asia (IDA & IBRD countries),TEC,2016,63.3
Europe & Central Asia (IDA & IBRD countries),TEC,2015,59.4
Europe & Central Asia (IDA & IBRD countries),TEC,2014,57.7
Europe & Central Asia (IDA & IBRD countries),TEC,2013,53.5
European Union,EUU,2023,
European Union,EUU,2022,
European Union,EUU,2021,
European Union,EUU,2020,
European Union,EUU,2019,
European Union,EUU,2018,
European Union,EUU,2017,
European Union,EUU,2016,
European Union,EUU,2015,
European Union,EUU,2014,
European Union,EUU,2013,
Heavily indebted poor countries (HIPC),HPC,2023,
Heavily indebted poor countries (HIPC),HPC,2022,
Heavily indebted poor countries (HIPC),HPC,2021,
Heavily indebted poor countries (HIPC),HPC,2020,
Heavily indebted poor countries (HIPC),HPC,2019,
Heavily indebted poor countries (HIPC),HPC,2018,
Heavily indebted poor countries (HIPC),HPC,2017,
Heavily indebted poor countries (HIPC),HPC,2016,
Heavily indebted poor countries (HIPC),HPC,2015,
Heavily indebted poor countries (HIPC),HPC,2014,
Heavily indebted poor countries (HIPC),HPC,2013,
High income,,2023,91.9
High income,,2022,91.0
High income,,2021,90.0
High income,,2020,88.4
High income,,2019,87.5
High income,,2018,86.3
High income,,2017,84.2
High income,,2016,82.5
High income,,2015,78.3
High income,,2014,77.0
High income,,2013,75.1
IBRD only,IBD,2023,77.3
IBRD only,IBD,2022,74.4
IBRD only,IBD,2021,70.3
IBRD only,IBD,2020,65.4
IBRD only,IBD,2019,56.3
IBRD only,IBD,2018,50.3
IBRD only,IBD,2017,46.6
IBRD only,IBD,2016,43.2
IBRD only,IBD,2015,39.1
IBRD only,IBD,2014,36.4
IBRD only,IBD,2013,34.0
IDA & IBRD total,IBT,2023,65.5
IDA & IBRD total,IBT,2022,63.0
IDA & IBRD total,IBT,2021,59.3
IDA & IBRD total,IBT,2020,55.1
IDA & IBRD total,IBT,2019,47.8
IDA & IBRD total,IBT,2018,42.9
IDA & IBRD total,IBT,2017,39.5
IDA & IBRD total,IBT,2016,36.4
IDA & IBRD total,IBT,2015,32.8
IDA & IBRD total,IBT,2014,30.1
IDA & IBRD total,IBT,2013,27.8
IDA blend,IDB,2023,38.3
IDA blend,IDB,2022,36.5
IDA blend,IDB,2021,32.4
IDA blend,IDB,2020,28.7
IDA blend,IDB,2019,26.9
IDA blend,IDB,2018,24.1
IDA blend,IDB,2017,22.3
IDA blend,IDB,2016,20.6
IDA blend,IDB,2015,19.0
IDA blend,IDB,2014,16.1
IDA blend,IDB,2013,13.9
IDA only,IDX,2023,32.5
IDA only,IDX,2022,30.7
IDA only,IDX,2021,28.4
IDA only,IDX,2020,26.0
IDA only,IDX,2019,22.8
IDA only,IDX,2018,20.9
IDA only,IDX,2017,17.5
IDA only,IDX,2016,14.9
IDA only,IDX,2015,11.6
IDA only,IDX,2014,9.0
IDA only,IDX,2013,6.9
IDA total,IDA,2023,34.5
IDA total,IDA,2022,32.8
IDA total,IDA,2021,29.8
IDA total,IDA,2020,27.0
IDA total,IDA,2019,24.2
IDA total,IDA,2018,22.0
IDA total,IDA,2017,19.2
IDA total,IDA,2016,16.9
IDA total,IDA,2015,14.2
IDA total,IDA,2014,11.6
IDA total,IDA,2013,9.4
Late-demographic dividend,LTE,2023,
Late-demographic dividend,LTE,2022,
Late-demographic dividend,LTE,2021,
Late-demographic dividend,LTE,2020,
Late-demographic dividend,LTE,2019,
Late-demographic dividend,LTE,2018,
Late-demographic dividend,LTE,2017,
Late-demographic dividend,LTE,2016,
Late-demographic dividend,LTE,2015,
Late-demographic dividend,LTE,2014,
Late-demographic dividend,LTE,2013,
Latin America & Caribbean,LCN,2023,80.0
Latin America & Caribbean,LCN,2022,77.1
Latin America & Caribbean,LCN,2021,75.8
Latin America & Caribbean,LCN,2020,73.8
Latin America & Caribbean,LCN,2019,67.8
Latin America & Caribbean,LCN,2018,63.5
Latin America & Caribbean,LCN,2017,60.2
Latin America & Caribbean,LCN,2016,57.5
Latin America & Caribbean,LCN,2015,54.4
Latin America & Caribbean,LCN,2014,48.7
Latin America & Caribbean,LCN,2013,46.1
Latin America & Caribbean (excluding high income),LAC,2023,79.7
Latin America & Caribbean (excluding high income),LAC,2022,76.6
Latin America & Caribbean (excluding high income),LAC,2021,75.3
Latin America & Caribbean (excluding high income),LAC,2020,73.3
Latin America & Caribbean (excluding high income),LAC,2019,67.9
Latin America & Caribbean (excluding high income),LAC,2018,62.6
Latin America & Caribbean (excluding high income),LAC,2017,59.2
Latin America & Caribbean (excluding high income),LAC,2016,56.4
Latin America & Caribbean (excluding high income),LAC,2015,53.3
Latin America & Caribbean (excluding high income),LAC,2014,47.7
Latin America & Caribbean (excluding high income),LAC,2013,45.1
Latin America & the Caribbean (IDA & IBRD countries),TLA,2023,80.2
Latin America & the Caribbean (IDA & IBRD countries),TLA,2022,77.3
Latin America & the Caribbean (IDA & IBRD countries),TLA,2021,75.9
Latin America & the Caribbean (IDA & IBRD countries),TLA,2020,73.8
Latin America & the Caribbean (IDA & IBRD countries),TLA,2019,67.7
Latin America & the Caribbean (IDA & IBRD countries),TLA,2018,63.5
Latin America & the Caribbean (IDA & IBRD countries),TLA,2017,60.2
Latin America & the Caribbean (IDA & IBRD countries),TLA,2016,57.7
Latin America & the Caribbean (IDA & IBRD countries),TLA,2015,54.7
Latin America & the Caribbean (IDA & IBRD countries),TLA,2014,49.0
Latin America & the Caribbean (IDA & IBRD countries),TLA,2013,46.4
Least developed countries: UN classification,LDC,2023,29.9
Least developed countries: UN classification,LDC,2022,28.2
Least developed countries: UN classification,LDC,2021,26.1
Least developed countries: UN classification,LDC,2020,24.1
Least developed countries: UN classification,LDC,2019,21.2
Least developed countries: UN classification,LDC,2018,19.5
Least developed countries: UN classification,LDC,2017,16.2
Least developed countries: UN classification,LDC,2016,13.8
Least developed countries: UN classification,LDC,2015,10.7
Least developed countries: UN classification,LDC,2014,8.2
Least developed countries: UN classification,LDC,2013,6.0
Low & middle income,LMY,2023,
Low & middle income,LMY,2022,
Low & middle income,LMY,2021,
Low & middle income,LMY,2020,
Low & middle income,LMY,2019,
Low & middle income,LMY,2018,
Low & middle income,LMY,2017,
Low & middle income,LMY,2016,
Low & middle income,LMY,2015,
Low & middle income,LMY,2014,
Low & middle income,LMY,2013,
Low income,,2023,22.0
Low income,,2022,21.2
Low income,,2021,19.0
Low income,,2020,17.6
Low income,,2019,16.4
Low income,,2018,13.8
Low income,,2017,11.4
Low income,,2016,10.0
Low income,,2015,7.9
Low income,,2014,6.9
Low income,,2013,6.0
Lower middle income,,2023,55.4
Lower middle income,,2022,52.3
Lower middle income,,2021,47.4
Lower middle income,,2020,42.5
Lower middle income,,2019,33.4
Lower middle income,,2018,27.2
Lower middle income,,2017,24.4
Lower middle income,,2016,21.9
Lower middle income,,2015,19.5
Lower middle income,,2014,17.2
Lower middle income,,2013,15.2
"Middle East, North Africa, Afghanistan & Pakistan",MEA,2023,59.5
"Middle East, North Africa, Afghanistan & Pakistan",MEA,2022,57.8
"Middle East, North Africa, Afghanistan & Pakistan",MEA,2021,54.2
"Middle East, North Africa, Afghanistan & Pakistan",MEA,2020,50.6
"Middle East, North Africa, Afghanistan & Pakistan",MEA,2019,46.0
"Middle East, North Africa, Afghanistan & Pakistan",MEA,2018,42.3
"Middle East, North Africa, Afghanistan & Pakistan",MEA,2017,39.7
"Middle East, North Africa, Afghanistan & Pakistan",MEA,2016,35.0
"Middle East, North Africa, Afghanistan & Pakistan",MEA,2015,31.8
"Middle East, North Africa, Afghanistan & Pakistan",MEA,2014,28.7
"Middle East, North Africa, Afghanistan & Pakistan",MEA,2013,25.2
"Middle East, North Africa, Afghanistan & Pakistan (excluding high income)",MNA,2023,55.9
"Middle East, North Africa, Afghanistan & Pakistan (excluding high income)",MNA,2022,54.1
"Middle East, North Africa, Afghanistan & Pakistan (excluding high income)",MNA,2021,50.2
"Middle East, North Africa, Afghanistan & Pakistan (excluding high income)",MNA,2020,46.4
"Middle East, North Africa, Afghanistan & Pakistan (excluding high income)",MNA,2019,41.5
"Middle East, North Africa, Afghanistan & Pakistan (excluding high income)",MNA,2018,37.6
"Middle East, North Africa, Afghanistan & Pakistan (excluding high income)",MNA,2017,34.8
"Middle East, North Africa, Afghanistan & Pakistan (excluding high income)",MNA,2016,30.8
"Middle East, North Africa, Afghanistan & Pakistan (excluding high income)",MNA,2015,27.6
"Middle East, North Africa, Afghanistan & Pakistan (excluding high income)",MNA,2014,24.7
"Middle East, North Africa, Afghanistan & Pakistan (excluding high income)",MNA,2013,21.3
"Middle East, North Africa, Afghanistan & Pakistan (IDA & IBRD)",TMN,2023,55.7
"Middle East, North Africa, Afghanistan & Pakistan (IDA & IBRD)",TMN,2022,53.8
"Middle East, North Africa, Afghanistan & Pakistan (IDA & IBRD)",TMN,2021,50.0
"Middle East, North Africa, Afghanistan & Pakistan (IDA & IBRD)",TMN,2020,46.2
"Middle East, North Africa, Afghanistan & Pakistan (IDA & IBRD)",TMN,2019,41.3
"Middle East, North Africa, Afghanistan & Pakistan (IDA & IBRD)",TMN,2018,37.4
"Middle East, North Africa, Afghanistan & Pakistan (IDA & IBRD)",TMN,2017,34.6
"Middle East, North Africa, Afghanistan & Pakistan (IDA & IBRD)",TMN,2016,30.6
"Middle East, North Africa, Afghanistan & Pakistan (IDA & IBRD)",TMN,2015,27.4
"Middle East, North Africa, Afghanistan & Pakistan (IDA & IBRD)",TMN,2014,24.5
"Middle East, North Africa, Afghanistan & Pakistan (IDA & IBRD)",TMN,2013,21.1
Middle income,MIC,2023,
Middle income,MIC,2022,
Middle income,MIC,2021,
Middle income,MIC,2020,
Middle income,MIC,2019,
Middle income,MIC,2018,
Middle income,MIC,2017,
Middle income,MIC,2016,
Middle income,MIC,2015,
Middle income,MIC,2014,
Middle income,MIC,2013,
North America,NAC,2023,93.3
North America,NAC,2022,92.6
North America,NAC,2021,91.5
North America,NAC,2020,90.5
North America,NAC,2019,89.7
North America,NAC,2018,89.1
North America,NAC,2017,87.8
North America,NAC,2016,86.1
North America,NAC,2015,76.1
North America,NAC,2014,74.4
North America,NAC,2013,72.8
Not classified,,2023,
Not classified,,2022,
Not classified,,2021,
Not classified,,2020,
Not classified,,2019,
Not classified,,2018,
Not classified,,2017,
Not classified,,2016,
Not classified,,2015,
Not classified,,2014,
Not classified,,2013,
OECD members,OED,2023,
OECD members,OED,2022,
OECD members,OED,2021,
OECD members,OED,2020,
OECD members,OED,2019,
OECD members,OED,2018,
OECD members,OED,2017,
OECD members,OED,2016,
OECD members,OED,2015,
OECD members,OED,2014,
OECD members,OED,2013,
Other small states,OSS,2023,
Other small states,OSS,2022,
Other small states,OSS,2021,
Other small states,OSS,2020,
Other small states,OSS,2019,
Other small states,OSS,2018,
Other small states,OSS,2017,
Other small states,OSS,2016,
Other small states,OSS,2015,
Other small states,OSS,2014,
Other small states,OSS,2013,
Pacific island small states,PSS,2023,
Pacific island small states,PSS,2022,
Pacific island small states,PSS,2021,
Pacific island small states,PSS,2020,
Pacific island small states,PSS,2019,
Pacific island small states,PSS,2018,
Pacific island small states,PSS,2017,
Pacific island small states,PSS,2016,
Pacific island small states,PSS,2015,
Pacific island small states,PSS,2014,
Pacific island small states,PSS,2013,
Post-demographic dividend,PST,2023,
Post-demographic dividend,PST,2022,
Post-demographic dividend,PST,2021,
Post-demographic dividend,PST,2020,
Post-demographic dividend,PST,2019,
Post-demographic dividend,PST,2018,
Post-demographic dividend,PST,2017,
Post-demographic dividend,PST,2016,
Post-demographic dividend,PST,2015,
Post-demographic dividend,PST,2014,
Post-demographic dividend,PST,2013,
Pre-demographic dividend,PRE,2023,
Pre-demographic dividend,PRE,2022,
Pre-demographic dividend,PRE,2021,
Pre-demographic dividend,PRE,2020,
Pre-demographic dividend,PRE,2019,
Pre-demographic dividend,PRE,2018,
Pre-demographic dividend,PRE,2017,
Pre-demographic dividend,PRE,2016,
Pre-demographic dividend,PRE,2015,
Pre-demographic dividend,PRE,2014,
Pre-demographic dividend,PRE,2013,
Small states,SST,2023,71.7
Small states,SST,2022,70.5
Small states,SST,2021,69.1
Small states,SST,2020,65.6
Small states,SST,2019,62.1
Small states,SST,2018,58.0
Small states,SST,2017,55.6
Small states,SST,2016,50.9
Small states,SST,2015,47.7
Small states,SST,2014,44.7
Small states,SST,2013,41.2
South Asia,SAS,2023,58.3
South Asia,SAS,2022,54.2
South Asia,SAS,2021,48.0
South Asia,SAS,2020,42.5
South Asia,SAS,2019,29.7
South Asia,SAS,2018,20.9
South Asia,SAS,2017,18.8
South Asia,SAS,2016,16.7
South Asia,SAS,2015,14.7
South Asia,SAS,2014,13.0
South Asia,SAS,2013,11.7
South Asia (IDA & IBRD),TSA,2023,58.3
South Asia (IDA & IBRD),TSA,2022,54.2
South Asia (IDA & IBRD),TSA,2021,48.0
South Asia (IDA & IBRD),TSA,2020,42.5
South Asia (IDA & IBRD),TSA,2019,29.7
South Asia (IDA & IBRD),TSA,2018,20.9
South Asia (IDA & IBRD),TSA,2017,18.8
South Asia (IDA & IBRD),TSA,2016,16.7
South Asia (IDA & IBRD),TSA,2015,14.7
South Asia (IDA & IBRD),TSA,2014,13.0
South Asia (IDA & IBRD),TSA,2013,11.7
Sub-Saharan Africa,SSF,2023,32.3
Sub-Saharan Africa,SSF,2022,31.1
Sub-Saharan Africa,SSF,2021,29.0
Sub-Saharan Africa,SSF,2020,26.7
Sub-Saharan Africa,SSF,2019,24.4
Sub-Saharan Africa,SSF,2018,22.0
Sub-Saharan Africa,SSF,2017,20.0
Sub-Saharan Africa,SSF,2016,18.3
Sub-Saharan Africa,SSF,2015,16.2
Sub-Saharan Africa,SSF,2014,13.4
Sub-Saharan Africa,SSF,2013,11.2
Sub-Saharan Africa (excluding high income),SSA,2023,33.5
Sub-Saharan Africa (excluding high income),SSA,2022,32.7
Sub-Saharan Africa (excluding high income),SSA,2021,30.3
Sub-Saharan Africa (excluding high income),SSA,2020,28.0
Sub-Saharan Africa (excluding high income),SSA,2019,25.3
Sub-Saharan Africa (excluding high income),SSA,2018,22.8
Sub-Saharan Africa (excluding high income),SSA,2017,20.4
Sub-Saharan Africa (excluding high income),SSA,2016,18.5
Sub-Saharan Africa (excluding high income),SSA,2015,16.3
Sub-Saharan Africa (excluding high income),SSA,2014,13.9
Sub-Saharan Africa (excluding high income),SSA,2013,11.8
Sub-Saharan Africa (IDA & IBRD countries),TSS,2023,32.1
Sub-Saharan Africa (IDA & IBRD countries),TSS,2022,31.1
Sub-Saharan Africa (IDA & IBRD countries),TSS,2021,28.9
Sub-Saharan Africa (IDA & IBRD countries),TSS,2020,26.8
Sub-Saharan Africa (IDA & IBRD countries),TSS,2019,24.4
Sub-Saharan Africa (IDA & IBRD countries),TSS,2018,22.1
Sub-Saharan Africa (IDA & IBRD countries),TSS,2017,19.9
Sub-Saharan Africa (IDA & IBRD countries),TSS,2016,18.2
Sub-Saharan Africa (IDA & IBRD countries),TSS,2015,16.1
Sub-Saharan Africa (IDA & IBRD countries),TSS,2014,13.3
Sub-Saharan Africa (IDA & IBRD countries),TSS,2013,11.1
Upper middle income,,2023,85.3
Upper middle income,,2022,82.7
Upper middle income,,2021,79.4
Upper middle income,,2020,74.9
Upper middle income,,2019,67.5
Upper middle income,,2018,62.2
Upper middle income,,2017,57.7
Upper middle income,,2016,53.3
Upper middle income,,2015,47.9
Upper middle income,,2014,44.3
Upper middle income,,2013,41.4
World,WLD,2023,69.2
World,WLD,2022,67.0
World,WLD,2021,63.8
World,WLD,2020,60.1
World,WLD,2019,53.9
World,WLD,2018,49.4
World,WLD,2017,46.3
World,WLD,2016,43.6
World,WLD,2015,39.9
World,WLD,2014,37.4
World,WLD,2013,35.3
Afghanistan,AFG,2023,15.92840004
Afghanistan,AFG,2022,15.86629963
Afghanistan,AFG,2021,16.51429939
Afghanistan,AFG,2020,17.04850006
Afghanistan,AFG,2019,17.60000038
Afghanistan,AFG,2018,16.79999924
Afghanistan,AFG,2017,13.5
Afghanistan,AFG,2016,11.0
Afghanistan,AFG,2015,8.260000229
Afghanistan,AFG,2014,7.0
Afghanistan,AFG,2013,5.900000095
Albania,ALB,2023,83.13559161
Albania,ALB,2022,82.61367544
Albania,ALB,2021,79.32371752
Albania,ALB,2020,72.23767711
Albania,ALB,2019,68.5503911218006
Albania,ALB,2018,65.40000153
Albania,ALB,2017,62.40000153
Albania,ALB,2016,59.59999847
Albania,ALB,2015,56.90000153
Albania,ALB,2014,54.29999924
Albania,ALB,2013,51.79999924
Algeria,DZA,2023,76.19760132
Algeria,DZA,2022,74.78150177
Algeria,DZA,2021,72.21240234
Algeria,DZA,2020,63.47269821
Algeria,DZA,2019,55.79069901
Algeria,DZA,2018,49.0384680793271
Algeria,DZA,2017,47.69110107
Algeria,DZA,2016,42.94549942
Algeria,DZA,2015,38.20000076
Algeria,DZA,2014,29.5
Algeria,DZA,2013,22.5
American Samoa,ASM,2023,
American Samoa,ASM,2022,
American Samoa,ASM,2021,
American Samoa,ASM,2020,
American Samoa,ASM,2019,
American Samoa,ASM,2018,
American Samoa,ASM,2017,
American Samoa,ASM,2016,
American Samoa,ASM,2015,
American Samoa,ASM,2014,
American Samoa,ASM,2013,
Andorra,AND,2023,94.21499634
Andorra,AND,2022,94.05169678
Andorra,AND,2021,93.89749908
Andorra,AND,2020,93.20570374
Andorra,AND,2019,90.71869659
Andorra,AND,2018,93.5
Andorra,AND,2017,91.5674670273926
Andorra,AND,2016,89.69999695
Andorra,AND,2015,87.90000153
Andorra,AND,2014,86.09999847
Andorra,AND,2013,84.40000153
Angola,AGO,2023,37.88589859
Angola,AGO,2022,35.83800125
Angola,AGO,2021,34.55649948
Angola,AGO,2020,33.32089996
Angola,AGO,2019,32.12939835
Angola,AGO,2018,29.0
Angola,AGO,2017,26.0
Angola,AGO,2016,23.20000076
Angola,AGO,2015,22.0
Angola,AGO,2014,21.3623407584103
Angola,AGO,2013,13.0
Antigua and Barbuda,ATG,2023,72.12409973
Antigua and Barbuda,ATG,2022,71.9233017
Antigua and Barbuda,ATG,2021,71.64530182
Antigua and Barbuda,ATG,2020,71.36840057
Antigua and Barbuda,ATG,2019,71.09259796
Antigua and Barbuda,ATG,2018,70.81790161
Antigua and Barbuda,ATG,2017,70.54419708
Antigua and Barbuda,ATG,2016,70.27159882
Antigua and Barbuda,ATG,2015,70.0
Antigua and Barbuda,ATG,2014,67.77999878
Antigua and Barbuda,ATG,2013,63.40000153
Argentina,ARG,2023,89.22897166
Argentina,ARG,2022,88.37535691
Argentina,ARG,2021,87.15070683
Argentina,ARG,2020,85.51438646
Argentina,ARG,2019,79.9469520347551
Argentina,ARG,2018,77.7
Argentina,ARG,2017,74.2949068657957
Argentina,ARG,2016,70.9689808206024
Argentina,ARG,2015,68.0430641088122
Argentina,ARG,2014,64.69999695
Argentina,ARG,2013,59.90000153
Armenia,ARM,2023,79.99663036
Armenia,ARM,2022,77.02767465
Armenia,ARM,2021,78.61225758
Armenia,ARM,2020,76.50770055
Armenia,ARM,2019,66.5439496866159
Armenia,ARM,2018,68.2450522610271
Armenia,ARM,2017,64.7448843250726
Armenia,ARM,2016,64.3460297653742
Armenia,ARM,2015,59.1008337674937
Armenia,ARM,2014,54.6228058583362
Armenia,ARM,2013,41.9
Aruba,ABW,2023,
Aruba,ABW,2022,
Aruba,ABW,2021,
Aruba,ABW,2020,
Aruba,ABW,2019,
Aruba,ABW,2018,
Aruba,ABW,2017,97.17
Aruba,ABW,2016,93.542453865048
Aruba,ABW,2015,88.661226932496
Aruba,ABW,2014,83.78
Aruba,ABW,2013,78.9
Australia,AUS,2023,96.1160965
Australia,AUS,2022,96.11940002
Australia,AUS,2021,96.97219849
Australia,AUS,2020,94.6934967
Australia,AUS,2019,93.60990143
Australia,AUS,2018,90.0082016
Australia,AUS,2017,86.5450488476768
Australia,AUS,2016,86.54000092
Australia,AUS,2015,84.5605149091408
Australia,AUS,2014,84.0
Australia,AUS,2013,83.453497167
Austria,AUT,2023,95.33467117
Austria,AUT,2022,93.61409139
Austria,AUT,2021,92.52915104
Austria,AUT,2020,87.52942813
Austria,AUT,2019,87.7522047870069
Austria,AUT,2018,87.4791372262556
Austria,AUT,2017,87.9355865856062
Austria,AUT,2016,84.3237425711653
Austria,AUT,2015,83.9401419315026
Austria,AUT,2014,80.9958249574764
Austria,AUT,2013,80.6188
Azerbaijan,AZE,2023,89.0
Azerbaijan,AZE,2022,88.0
Azerbaijan,AZE,2021,85.99998954
Azerbaijan,AZE,2020,84.59999573
Azerbaijan,AZE,2019,81.0999990651547
Azerbaijan,AZE,2018,79.7999954887896
Azerbaijan,AZE,2017,79.0
Azerbaijan,AZE,2016,78.2
Azerbaijan,AZE,2015,77.0
Azerbaijan,AZE,2014,75.0000156363396
Azerbaijan,AZE,2013,73.000001372
"Bahamas, The",BHS,2023,92.38729858
"Bahamas, The",BHS,2022,92.2559967
"Bahamas, The",BHS,2021,92.34980011
"Bahamas, The",BHS,2020,92.4437027
"Bahamas, The",BHS,2019,90.69329834
"Bahamas, The",BHS,2018,83.0
"Bahamas, The",BHS,2017,80.59999847
"Bahamas, The",BHS,2016,80.0
"Bahamas, The",BHS,2015,78.0
"Bahamas, The",BHS,2014,76.91999817
"Bahamas, The",BHS,2013,72.0
Bahrain,BHR,2023,100.0
Bahrain,BHR,2022,100.0
Bahrain,BHR,2021,100.0
Bahrain,BHR,2020,99.67103159
Bahrain,BHR,2019,99.7015043807778
Bahrain,BHR,2018,98.6446725799886
Bahrain,BHR,2017,95.8781357543453
Bahrain,BHR,2016,97.9999807024146
Bahrain,BHR,2015,93.4783007986129
Bahrain,BHR,2014,90.5031334814656
Bahrain,BHR,2013,90.0000397
Bangladesh,BGD,2023,44.50274195
Bangladesh,BGD,2022,41.61650085
Bangladesh,BGD,2021,38.91744466
Bangladesh,BGD,2020,36.10910034
Bangladesh,BGD,2019,30.38310051
Bangladesh,BGD,2018,25.56509972
Bangladesh,BGD,2017,21.5
Bangladesh,BGD,2016,16.89909935
Bangladesh,BGD,2015,12.36880016
Bangladesh,BGD,2014,9.052900314
Bangladesh,BGD,2013,6.63
Barbados,BRB,2023,69.67510223
Barbados,BRB,2022,69.06359863
Barbados,BRB,2021,69.4756012
Barbados,BRB,2020,69.89009857
Barbados,BRB,2019,70.30709839
Barbados,BRB,2018,70.72650146
Barbados,BRB,2017,71.14849854
Barbados,BRB,2016,71.57299805
Barbados,BRB,2015,72.04940033
Barbados,BRB,2014,71.92459869
Barbados,BRB,2013,71.80000305
Belarus,BLR,2023,91.51249979
Belarus,BLR,2022,89.50733148
Belarus,BLR,2021,86.88841196
Belarus,BLR,2020,85.08791245
Belarus,BLR,2019,82.7891520910901
Belarus,BLR,2018,79.1298866919307
Belarus,BLR,2017,74.4364454136036
Belarus,BLR,2016,71.1130457603832
Belarus,BLR,2015,62.230360906803
Belarus,BLR,2014,59.0163187101542
Belarus,BLR,2013,54.17
Belgium,BEL,2023,94.62625074
Belgium,BEL,2022,94.00783071
Belgium,BEL,2021,92.78867618
Belgium,BEL,2020,91.52641629
Belgium,BEL,2019,90.275428012141
Belgium,BEL,2018,88.6473429951691
Belgium,BEL,2017,87.6796808175598
Belgium,BEL,2016,86.5164766644457
Belgium,BEL,2015,85.0529417508701
Belgium,BEL,2014,85.0012379539925
Belgium,BEL,2013,82.1702
Belize,BLZ,2023,70.18720245
Belize,BLZ,2022,69.98329926
Belize,BLZ,2021,70.65370178
Belize,BLZ,2020,64.43589783
Belize,BLZ,2019,58.76520157
Belize,BLZ,2018,53.59360123
Belize,BLZ,2017,48.8771019
Belize,BLZ,2016,44.57569885
Belize,BLZ,2015,41.59000015
Belize,BLZ,2014,38.70000076
Belize,BLZ,2013,33.59999847
Benin,BEN,2023,32.39400101
Benin,BEN,2022,30.53730011
Benin,BEN,2021,28.20470047
Benin,BEN,2020,22.12059975
Benin,BEN,2019,20.50099945
Benin,BEN,2018,19.0
Benin,BEN,2017,18.7
Benin,BEN,2016,14.5
Benin,BEN,2015,11.25500011
Benin,BEN,2014,6.0
Benin,BEN,2013,4.900000095
Bermuda,BMU,2023,
Bermuda,BMU,2022,
Bermuda,BMU,2021,
Bermuda,BMU,2020,
Bermuda,BMU,2019,
Bermuda,BMU,2018,
Bermuda,BMU,2017,98.37
Bermuda,BMU,2016,98.0
Bermuda,BMU,2015,98.3236096537251
Bermuda,BMU,2014,96.8
Bermuda,BMU,2013,95.3
Bhutan,BTN,2023,90.02140045
Bhutan,BTN,2022,88.35620117
Bhutan,BTN,2021,85.63688389
Bhutan,BTN,2020,76.85079956
Bhutan,BTN,2019,74.17939758
Bhutan,BTN,2018,63.48680115
Bhutan,BTN,2017,54.33549881
Bhutan,BTN,2016,46.50320053
Bhutan,BTN,2015,39.79999924
Bhutan,BTN,2014,30.29999924
Bhutan,BTN,2013,22.39999962
Bolivia,BOL,2023,77.30039978
Bolivia,BOL,2022,72.62270355
Bolivia,BOL,2021,65.9773785
Bolivia,BOL,2020,59.94010155
Bolivia,BOL,2019,47.4748191121692
Bolivia,BOL,2018,44.2861422024283
Bolivia,BOL,2017,43.83229828
Bolivia,BOL,2016,39.69749832
Bolivia,BOL,2015,37.4868176324391
Bolivia,BOL,2014,34.6016202324676
Bolivia,BOL,2013,36.99
Bosnia and Herzegovina,BIH,2023,83.3771539
Bosnia and Herzegovina,BIH,2022,78.8455371
Bosnia and Herzegovina,BIH,2021,75.67620138
Bosnia and Herzegovina,BIH,2020,73.21175294
Bosnia and Herzegovina,BIH,2019,69.9463476317266
Bosnia and Herzegovina,BIH,2018,70.1201350394885
Bosnia and Herzegovina,BIH,2017,64.8920205128383
Bosnia and Herzegovina,BIH,2016,60.2565354318987
Bosnia and Herzegovina,BIH,2015,52.59999847
Bosnia and Herzegovina,BIH,2014,49.91770172
Bosnia and Herzegovina,BIH,2013,48.52130127
Botswana,BWA,2023,
Botswana,BWA,2022,57.9
Botswana,BWA,2021,54.70069885
Botswana,BWA,2020,51.67819977
Botswana,BWA,2019,48.82279968
Botswana,BWA,2018,46.12509918
Botswana,BWA,2017,43.57640076
Botswana,BWA,2016,41.16859818
Botswana,BWA,2015,38.89379883
Botswana,BWA,2014,36.74474744423
Botswana,BWA,2013,30.0
Brazil,BRA,2023,84.15060238
Brazil,BRA,2022,80.52775094
Brazil,BRA,2021,80.68989314
Brazil,BRA,2020,81.34269353
Brazil,BRA,2019,73.9124399133589
Brazil,BRA,2018,70.4342825404361
Brazil,BRA,2017,67.4712845236305
Brazil,BRA,2016,60.8725400681261
Brazil,BRA,2015,58.3279517340924
Brazil,BRA,2014,54.5510018796392
Brazil,BRA,2013,51.04
British Virgin Islands,VGB,2023,
British Virgin Islands,VGB,2022,
British Virgin Islands,VGB,2021,
British Virgin Islands,VGB,2020,
British Virgin Islands,VGB,2019,
British Virgin Islands,VGB,2018,
British Virgin Islands,VGB,2017,77.7042682926829
British Virgin Islands,VGB,2016,77.7014296797074
British Virgin Islands,VGB,2015,
British Virgin Islands,VGB,2014,
British Virgin Islands,VGB,2013,
Brunei Darussalam,BRN,2023,98.97039795
Brunei Darussalam,BRN,2022,98.97042579
Brunei Darussalam,BRN,2021,97.62879944
Brunei Darussalam,BRN,2020,96.30549622
Brunei Darussalam,BRN,2019,95.0
Brunei Darussalam,BRN,2018,95.0
Brunei Darussalam,BRN,2017,94.86669922
Brunei Darussalam,BRN,2016,90.0
Brunei Darussalam,BRN,2015,71.19999695
Brunei Darussalam,BRN,2014,68.76999664
Brunei Darussalam,BRN,2013,64.5
Bulgaria,BGR,2023,80.38956462
Bulgaria,BGR,2022,79.12686326
Bulgaria,BGR,2021,75.27144583
Bulgaria,BGR,2020,70.16248359
Bulgaria,BGR,2019,67.9469809417603
Bulgaria,BGR,2018,64.78201069118
Bulgaria,BGR,2017,63.4101013837926
Bulgaria,BGR,2016,59.825547661014
Bulgaria,BGR,2015,56.6562516053086
Bulgaria,BGR,2014,55.4903766299262
Bulgaria,BGR,2013,53.0615
Burkina Faso,BFA,2023,25.36120033
Burkina Faso,BFA,2022,25.3987999
Burkina Faso,BFA,2021,18.1522007
Burkina Faso,BFA,2020,12.97319984
Burkina Faso,BFA,2019,9.27180600953186
Burkina Faso,BFA,2018,8.498900414
Burkina Faso,BFA,2017,7.790400028
Burkina Faso,BFA,2016,7.140999794
Burkina Faso,BFA,2015,6.545700073
Burkina Faso,BFA,2014,6.0
Burkina Faso,BFA,2013,5.0
Burundi,BDI,2023,7.172299862
Burundi,BDI,2022,7.144800186
Burundi,BDI,2021,6.777999878
Burundi,BDI,2020,6.430099964
Burundi,BDI,2019,6.072199821
Burundi,BDI,2018,4.019499779
Burundi,BDI,2017,2.6607485347534
Burundi,BDI,2016,2.200000048
Burundi,BDI,2015,2.0
Burundi,BDI,2014,1.04239212643994
Burundi,BDI,2013,1.2642181112
Cabo Verde,CPV,2023,74.59919739
Cabo Verde,CPV,2022,73.32740021
Cabo Verde,CPV,2021,70.28250122
Cabo Verde,CPV,2020,69.37339783
Cabo Verde,CPV,2019,61.9433977593088
Cabo Verde,CPV,2018,59.5
Cabo Verde,CPV,2017,57.1621463484891
Cabo Verde,CPV,2016,50.3228178676892
Cabo Verde,CPV,2015,42.6830141582781
Cabo Verde,CPV,2014,40.25999832
Cabo Verde,CPV,2013,37.5
Cambodia,KHM,2023,68.92549896
Cambodia,KHM,2022,65.49079895
Cambodia,KHM,2021,60.76269913
Cambodia,KHM,2020,56.37590027
Cambodia,KHM,2019,52.305878224498
Cambodia,KHM,2018,65.0
Cambodia,KHM,2017,32.9002785437986
Cambodia,KHM,2016,32.3984517141849
Cambodia,KHM,2015,6.43319107021405
Cambodia,KHM,2014,14.0
Cambodia,KHM,2013,6.0
Cameroon,CMR,2023,42.24380112
Cameroon,CMR,2022,40.12559891
Cameroon,CMR,2021,38.89260101
Cameroon,CMR,2020,37.69749832
Cameroon,CMR,2019,36.53919983
Cameroon,CMR,2018,29.70000076
Cameroon,CMR,2017,23.2029719748646
Cameroon,CMR,2016,20.60000038
Cameroon,CMR,2015,18.29999924
Cameroon,CMR,2014,16.2148722257524
Cameroon,CMR,2013,10.0
Canada,CAN,2023,94.14530182
Canada,CAN,2022,94.0
Canada,CAN,2021,93.93710327
Canada,CAN,2020,92.3
Canada,CAN,2019,91.91290283
Canada,CAN,2018,94.64
Canada,CAN,2017,92.70140076
Canada,CAN,2016,91.16000366
Canada,CAN,2015,90.0
Canada,CAN,2014,87.12000275
Canada,CAN,2013,85.80000305
Cayman Islands,CYM,2023,
Cayman Islands,CYM,2022,
Cayman Islands,CYM,2021,
Cayman Islands,CYM,2020,
Cayman Islands,CYM,2019,
Cayman Islands,CYM,2018,
Cayman Islands,CYM,2017,81.0676932508161
Cayman Islands,CYM,2016,79.0
Cayman Islands,CYM,2015,77.0
Cayman Islands,CYM,2014,74.1
Cayman Islands,CYM,2013,71.4
Central African Republic,CAF,2023,13.8416996
Central African Republic,CAF,2022,13.75360012
Central African Republic,CAF,2021,
Central African Republic,CAF,2020,
Central African Republic,CAF,2019,7.509200096
Central African Republic,CAF,2018,5.099999905
Central African Republic,CAF,2017,4.0
Central African Republic,CAF,2016,3.099999905
Central African Republic,CAF,2015,2.900000095
Central African Republic,CAF,2014,2.700000048
Central African Republic,CAF,2013,2.5
Chad,TCD,2023,12.03590012
Chad,TCD,2022,11.17029953
Chad,TCD,2021,9.653699875
Chad,TCD,2020,8.343099594
Chad,TCD,2019,7.618199825
Chad,TCD,2018,6.956299782
Chad,TCD,2017,6.351900101
Chad,TCD,2016,5.800000191
Chad,TCD,2015,3.5
Chad,TCD,2014,2.900000095
Chad,TCD,2013,2.5
Channel Islands,CHI,2023,
Channel Islands,CHI,2022,
Channel Islands,CHI,2021,
Channel Islands,CHI,2020,
Channel Islands,CHI,2019,
Channel Islands,CHI,2018,
Channel Islands,CHI,2017,
Channel Islands,CHI,2016,
Channel Islands,CHI,2015,
Channel Islands,CHI,2014,
Channel Islands,CHI,2013,
Chile,CHL,2023,94.45742345
Chile,CHL,2022,92.31819916
Chile,CHL,2021,90.23280334
Chile,CHL,2020,87.45929718
Chile,CHL,2019,85.01760101
Chile,CHL,2018,84.90000153
Chile,CHL,2017,82.3274869338464
Chile,CHL,2016,83.5585860244169
Chile,CHL,2015,76.6295919508796
Chile,CHL,2014,61.11000061
Chile,CHL,2013,58.0
China,CHN,2023,90.6
China,CHN,2022,75.61131603
China,CHN,2021,73.05323517
China,CHN,2020,70.05275998
China,CHN,2019,64.080881297515
China,CHN,2018,65.35839844
China,CHN,2017,54.3
China,CHN,2016,53.2
China,CHN,2015,50.29999924
China,CHN,2014,47.90000153
China,CHN,2013,45.79999924
Colombia,COL,2023,77.33686322
Colombia,COL,2022,72.79637855
Colombia,COL,2021,73.02837449
Colombia,COL,2020,69.79533474
Colombia,COL,2019,65.0069007159493
Colombia,COL,2018,64.1263768204459
Colombia,COL,2017,62.2598803162841
Colombia,COL,2016,58.1364935728703
Colombia,COL,2015,55.9049725142924
Colombia,COL,2014,52.568136539247
Colombia,COL,2013,51.7
Comoros,COM,2023,31.92749977
Comoros,COM,2022,31.37409973
Comoros,COM,2021,30.68120003
Comoros,COM,2020,22.42040062
Comoros,COM,2019,16.38380051
Comoros,COM,2018,
Comoros,COM,2017,8.478199959
Comoros,COM,2016,7.938300133
Comoros,COM,2015,7.459199905
Comoros,COM,2014,6.980000019
Comoros,COM,2013,6.5
"Congo, Dem. Rep.",COD,2023,18.96789932
"Congo, Dem. Rep.",COD,2022,17.99620056
"Congo, Dem. Rep.",COD,2021,16.1595993
"Congo, Dem. Rep.",COD,2020,14.51049995
"Congo, Dem. Rep.",COD,2019,13.02970028
"Congo, Dem. Rep.",COD,2018,11.69999981
"Congo, Dem. Rep.",COD,2017,
"Congo, Dem. Rep.",COD,2016,10.1
"Congo, Dem. Rep.",COD,2015,3.799999952
"Congo, Dem. Rep.",COD,2014,3.0
"Congo, Dem. Rep.",COD,2013,2.200000048
"Congo, Rep.",COG,2023,43.15039825
"Congo, Rep.",COG,2022,40.98669815
"Congo, Rep.",COG,2021,30.02739906
"Congo, Rep.",COG,2020,21.99850082
"Congo, Rep.",COG,2019,16.11639977
"Congo, Rep.",COG,2018,11.8071003
"Congo, Rep.",COG,2017,8.649999619
"Congo, Rep.",COG,2016,8.121899605
"Congo, Rep.",COG,2015,7.616000175
"Congo, Rep.",COG,2014,7.110000134
"Congo, Rep.",COG,2013,6.599999905
Costa Rica,CRI,2023,85.39514799
Costa Rica,CRI,2022,82.59801121
Costa Rica,CRI,2021,82.74901607
Costa Rica,CRI,2020,80.53018608
Costa Rica,CRI,2019,81.2025964435269
Costa Rica,CRI,2018,73.4797284369906
Costa Rica,CRI,2017,71.5816646195022
Costa Rica,CRI,2016,65.8804491942718
Costa Rica,CRI,2015,59.7629501371681
Costa Rica,CRI,2014,53.0
Costa Rica,CRI,2013,45.96
Cote d'Ivoire,CIV,2023,40.65284979
Cote d'Ivoire,CIV,2022,38.41328122
Cote d'Ivoire,CIV,2021,35.95069885
Cote d'Ivoire,CIV,2020,36.01660156
Cote d'Ivoire,CIV,2019,36.2889545655205
Cote d'Ivoire,CIV,2018,37.5465361301281
Cote d'Ivoire,CIV,2017,43.8399208514876
Cote d'Ivoire,CIV,2016,41.2078149304414
Cote d'Ivoire,CIV,2015,38.4400001654616
Cote d'Ivoire,CIV,2014,10.0
Cote d'Ivoire,CIV,2013,6.599999905
Croatia,HRV,2023,83.24117599
Croatia,HRV,2022,82.07155532
Croatia,HRV,2021,81.25396608
Croatia,HRV,2020,78.32090004
Croatia,HRV,2019,79.0797836757554
Croatia,HRV,2018,75.2946259897258
Croatia,HRV,2017,67.0961920368478
Croatia,HRV,2016,72.6972696701463
Croatia,HRV,2015,69.8450359238281
Croatia,HRV,2014,68.5678992528467
Croatia,HRV,2013,66.7476
Cuba,CUB,2023,69.55580139
Cuba,CUB,2022,67.88410187
Cuba,CUB,2021,67.64354869
Cuba,CUB,2020,71.11907507
Cuba,CUB,2019,67.9708086565152
Cuba,CUB,2018,62.6789236230601
Cuba,CUB,2017,57.1484043170788
Cuba,CUB,2016,42.9786751910106
Cuba,CUB,2015,37.3050974155373
Cuba,CUB,2014,29.0701843656523
Cuba,CUB,2013,27.93
Curacao,CUW,2023,
Curacao,CUW,2022,
Curacao,CUW,2021,
Curacao,CUW,2020,
Curacao,CUW,2019,
Curacao,CUW,2018,
Curacao,CUW,2017,68.1272162511339
Curacao,CUW,2016,61.855510740634
Curacao,CUW,2015,
Curacao,CUW,2014,
Curacao,CUW,2013,
Cyprus,CYP,2023,91.22110357
Cyprus,CYP,2022,89.60099194
Cyprus,CYP,2021,90.75951564
Cyprus,CYP,2020,90.80194644
Cyprus,CYP,2019,86.0636299618935
Cyprus,CYP,2018,84.4335825186889
Cyprus,CYP,2017,80.743188971932
Cyprus,CYP,2016,75.9002054030125
Cyprus,CYP,2015,71.7157409175171
Cyprus,CYP,2014,69.3286967086473
Cyprus,CYP,2013,65.4548
Czechia,CZE,2023,85.99404818
Czechia,CZE,2022,84.54009378
Czechia,CZE,2021,82.67062427
Czechia,CZE,2020,81.33889705
Czechia,CZE,2019,80.8669444139622
Czechia,CZE,2018,80.6881675434288
Czechia,CZE,2017,78.7191728513432
Czechia,CZE,2016,76.4811986951838
Czechia,CZE,2015,75.668838699279
Czechia,CZE,2014,74.2317116367383
Czechia,CZE,2013,74.1104
Denmark,DNK,2023,98.77559197
Denmark,DNK,2022,97.86011812
Denmark,DNK,2021,98.8658506
Denmark,DNK,2020,96.54914573
Denmark,DNK,2019,98.0464347521549
Denmark,DNK,2018,97.3192043651002
Denmark,DNK,2017,97.0993621555621
Denmark,DNK,2016,96.9677852516645
Denmark,DNK,2015,96.3305016195436
Denmark,DNK,2014,95.9935053764454
Denmark,DNK,2013,94.6297
Djibouti,DJI,2023,64.75869751
Djibouti,DJI,2022,63.77600098
Djibouti,DJI,2021,61.41120148
Djibouti,DJI,2020,59.92570114
Djibouti,DJI,2019,58.4762001
Djibouti,DJI,2018,57.06169891
Djibouti,DJI,2017,55.6814092453962
Djibouti,DJI,2016,30.79999924
Djibouti,DJI,2015,22.89999962
Djibouti,DJI,2014,17.0
Djibouti,DJI,2013,12.69999981
Dominica,DMA,2023,81.33650208
Dominica,DMA,2022,80.57980347
Dominica,DMA,2021,78.07949829
Dominica,DMA,2020,75.65670013
Dominica,DMA,2019,73.38200378
Dominica,DMA,2018,
Dominica,DMA,2017,69.61969757
Dominica,DMA,2016,67.02999878
Dominica,DMA,2015,65.0
Dominica,DMA,2014,57.5
Dominica,DMA,2013,51.0
Dominican Republic,DOM,2023,86.12689972
Dominican Republic,DOM,2022,81.51269675
Dominican Republic,DOM,2021,85.24298638
Dominican Republic,DOM,2020,81.61730194
Dominican Republic,DOM,2019,79.71549988
Dominican Republic,DOM,2018,74.8220483597284
Dominican Republic,DOM,2017,67.5712453277737
Dominican Republic,DOM,2016,63.8708647408206
Dominican Republic,DOM,2015,54.2157663369785
Dominican Republic,DOM,2014,49.58000183
Dominican Republic,DOM,2013,45.9
Ecuador,ECU,2023,72.6943146
Ecuador,ECU,2022,69.71811356
Ecuador,ECU,2021,69.1147995
Ecuador,ECU,2020,70.7
Ecuador,ECU,2019,59.2
Ecuador,ECU,2018,57.5
Ecuador,ECU,2017,55.79999924
Ecuador,ECU,2016,54.0629247288864
Ecuador,ECU,2015,48.9404337892669
Ecuador,ECU,2014,45.5903906666095
Ecuador,ECU,2013,40.279121941
"Egypt, Arab Rep.",EGY,2023,74.01190186
"Egypt, Arab Rep.",EGY,2022,72.19806556
"Egypt, Arab Rep.",EGY,2021,72.05599976
"Egypt, Arab Rep.",EGY,2020,71.91420096
"Egypt, Arab Rep.",EGY,2019,57.2828663990195
"Egypt, Arab Rep.",EGY,2018,46.92433676792
"Egypt, Arab Rep.",EGY,2017,44.9502042452857
"Egypt, Arab Rep.",EGY,2016,41.2480670885772
"Egypt, Arab Rep.",EGY,2015,37.8193834276939
"Egypt, Arab Rep.",EGY,2014,33.8946039115275
"Egypt, Arab Rep.",EGY,2013,29.4
El Salvador,SLV,2023,62.61989975
El Salvador,SLV,2022,60.05609894
El Salvador,SLV,2021,57.26380157
El Salvador,SLV,2020,54.60136976
El Salvador,SLV,2019,50.4911940673888
El Salvador,SLV,2018,43.79999924
El Salvador,SLV,2017,33.8207289048526
El Salvador,SLV,2016,28.99710083
El Salvador,SLV,2015,26.8026049600572
El Salvador,SLV,2014,24.7617121459061
El Salvador,SLV,2013,23.1093
Equatorial Guinea,GNQ,2023,63.51950073
Equatorial Guinea,GNQ,2022,63.65950012
Equatorial Guinea,GNQ,2021,58.71730042
Equatorial Guinea,GNQ,2020,55.00130081
Equatorial Guinea,GNQ,2019,49.13370132
Equatorial Guinea,GNQ,2018,29.39999962
Equatorial Guinea,GNQ,2017,26.23999977
Equatorial Guinea,GNQ,2016,23.78000069
Equatorial Guinea,GNQ,2015,21.31999969
Equatorial Guinea,GNQ,2014,18.86000061
Equatorial Guinea,GNQ,2013,16.39999962
Eritrea,ERI,2023,
Eritrea,ERI,2022,
Eritrea,ERI,2021,
Eritrea,ERI,2020,14.34939957
Eritrea,ERI,2019,11.22379971
Eritrea,ERI,2018,5.293000221
Eritrea,ERI,2017,2.496099949
Eritrea,ERI,2016,1.177099943
Eritrea,ERI,2015,1.083699942
Eritrea,ERI,2014,0.99000001
Eritrea,ERI,2013,0.899999976
Estonia,EST,2023,93.18342241
Estonia,EST,2022,91.52016546
Estonia,EST,2021,90.97970174
Estonia,EST,2020,89.05828666
Estonia,EST,2019,90.2289281997919
Estonia,EST,2018,89.3570077747426
Estonia,EST,2017,88.1024568740199
Estonia,EST,2016,87.2402327514547
Estonia,EST,2015,88.4097035040431
Estonia,EST,2014,84.2415280294352
Estonia,EST,2013,80.0043
Eswatini,SWZ,2023,61.33330154
Eswatini,SWZ,2022,57.34370041
Eswatini,SWZ,2021,53.99530029
Eswatini,SWZ,2020,49.01300049
Eswatini,SWZ,2019,43.93389893
Eswatini,SWZ,2018,39.38100052
Eswatini,SWZ,2017,35.33160019
Eswatini,SWZ,2016,28.56999969
Eswatini,SWZ,2015,25.64299965
Eswatini,SWZ,2014,25.0
Eswatini,SWZ,2013,24.70000076
Ethiopia,ETH,2023,20.33749962
Ethiopia,ETH,2022,17.9836998
Ethiopia,ETH,2021,16.6981031
Ethiopia,ETH,2020,16.06959915
Ethiopia,ETH,2019,15.98460007
Ethiopia,ETH,2018,15.88619995
Ethiopia,ETH,2017,15.62440014
Ethiopia,ETH,2016,15.3669238595896
Ethiopia,ETH,2015,13.8551755555556
Ethiopia,ETH,2014,7.699999809
Ethiopia,ETH,2013,4.599999905
Faroe Islands,FRO,2023,
Faroe Islands,FRO,2022,
Faroe Islands,FRO,2021,
Faroe Islands,FRO,2020,
Faroe Islands,FRO,2019,
Faroe Islands,FRO,2018,
Faroe Islands,FRO,2017,97.5819589384468
Faroe Islands,FRO,2016,95.1086816720257
Faroe Islands,FRO,2015,94.2
Faroe Islands,FRO,2014,93.3
Faroe Islands,FRO,2013,90.0
Fiji,FJI,2023,74.1160965
Fiji,FJI,2022,72.56549835
Fiji,FJI,2021,70.56800079
Fiji,FJI,2020,68.62560272
Fiji,FJI,2019,63.21789932
Fiji,FJI,2018,58.2364006
Fiji,FJI,2017,53.6473999
Fiji,FJI,2016,49.41999817
Fiji,FJI,2015,42.5
Fiji,FJI,2014,37.40000153
Fiji,FJI,2013,35.20000076
Finland,FIN,2023,93.51385075
Finland,FIN,2022,92.98879471
Finland,FIN,2021,92.80806082
Finland,FIN,2020,92.17027106
Finland,FIN,2019,89.6073851129779
Finland,FIN,2018,88.8899599985585
Finland,FIN,2017,87.4689290730615
Finland,FIN,2016,87.7036499599455
Finland,FIN,2015,86.4221333325445
Finland,FIN,2014,86.5303927529377
Finland,FIN,2013,91.5144
France,FRA,2023,86.83635789
France,FRA,2022,85.33331734
France,FRA,2021,86.09548575
France,FRA,2020,84.70639801
France,FRA,2019,83.3397440866883
France,FRA,2018,82.0431867788484
France,FRA,2017,80.5024597243607
France,FRA,2016,79.2698113207547
France,FRA,2015,78.0060377071902
France,FRA,2014,83.7510996681821
France,FRA,2013,81.9198
French Polynesia,PYF,2023,
French Polynesia,PYF,2022,
French Polynesia,PYF,2021,
French Polynesia,PYF,2020,
French Polynesia,PYF,2019,
French Polynesia,PYF,2018,
French Polynesia,PYF,2017,72.7038953132942
French Polynesia,PYF,2016,68.440419493378
French Polynesia,PYF,2015,64.560209747212
French Polynesia,PYF,2014,60.68
French Polynesia,PYF,2013,56.8
Gabon,GAB,2023,68.19789886
Gabon,GAB,2022,67.67169952
Gabon,GAB,2021,65.76809692
Gabon,GAB,2020,63.91790009
Gabon,GAB,2019,59.51760101
Gabon,GAB,2018,55.42020035
Gabon,GAB,2017,51.60490036
Gabon,GAB,2016,48.0522995
Gabon,GAB,2015,45.78450012
Gabon,GAB,2014,38.07120132
Gabon,GAB,2013,30.53800011
"Gambia, The",GMB,2023,48.72829819
"Gambia, The",GMB,2022,48.22539902
"Gambia, The",GMB,2021,41.67309952
"Gambia, The",GMB,2020,36.01100159
"Gambia, The",GMB,2019,31.11829948
"Gambia, The",GMB,2018,28.30900002
"Gambia, The",GMB,2017,22.5156002
"Gambia, The",GMB,2016,19.90640068
"Gambia, The",GMB,2015,17.59950066
"Gambia, The",GMB,2014,15.56000042
"Gambia, The",GMB,2013,14.0
Georgia,GEO,2023,81.88425624
Georgia,GEO,2022,78.71127536
Georgia,GEO,2021,76.4427093
Georgia,GEO,2020,72.53157487
Georgia,GEO,2019,68.8467135616978
Georgia,GEO,2018,62.7179081974285
Georgia,GEO,2017,59.7055045962571
Georgia,GEO,2016,58.4592896118725
Georgia,GEO,2015,47.5697596438736
Georgia,GEO,2014,49.1024547144647
Georgia,GEO,2013,43.3
Germany,DEU,2023,92.4763763
Germany,DEU,2022,91.62984383
Germany,DEU,2021,91.43060973
Germany,DEU,2020,89.81294133
Germany,DEU,2019,88.1345169091916
Germany,DEU,2018,87.037112092841
Germany,DEU,2017,84.3941537010844
Germany,DEU,2016,84.1652066441212
Germany,DEU,2015,87.5897993525767
Germany,DEU,2014,86.1937006578756
Germany,DEU,2013,84.17
Ghana,GHA,2023,70.67430115
Ghana,GHA,2022,69.91329956
Ghana,GHA,2021,68.6
Ghana,GHA,2020,62.51760101
Ghana,GHA,2019,22.0732
Ghana,GHA,2018,43.0
Ghana,GHA,2017,37.88420105
Ghana,GHA,2016,28.0
Ghana,GHA,2015,23.0
Ghana,GHA,2014,19.0
Ghana,GHA,2013,15.0
Gibraltar,GIB,2023,
Gibraltar,GIB,2022,
Gibraltar,GIB,2021,
Gibraltar,GIB,2020,
Gibraltar,GIB,2019,
Gibraltar,GIB,2018,
Gibraltar,GIB,2017,
Gibraltar,GIB,2016,94.4444715818151
Gibraltar,GIB,2015,
Gibraltar,GIB,2014,
Gibraltar,GIB,2013,
Greece,GRC,2023,85.0102229
Greece,GRC,2022,83.17066333
Greece,GRC,2021,78.49426371
Greece,GRC,2020,78.11584474
Greece,GRC,2019,75.6712066931757
Greece,GRC,2018,72.2383733920483
Greece,GRC,2017,69.8929706543154
Greece,GRC,2016,69.0879154723892
Greece,GRC,2015,66.8349594911035
Greece,GRC,2014,63.2073404784561
Greece,GRC,2013,59.8663
Greenland,GRL,2023,
Greenland,GRL,2022,
Greenland,GRL,2021,
Greenland,GRL,2020,
Greenland,GRL,2019,
Greenland,GRL,2018,
Greenland,GRL,2017,69.4824617821988
Greenland,GRL,2016,68.500873675421
Greenland,GRL,2015,67.600443481006
Greenland,GRL,2014,66.7
Greenland,GRL,2013,65.8
Grenada,GRD,2023,69.4131012
Grenada,GRD,2022,68.42030334
Grenada,GRD,2021,67.02279663
Grenada,GRD,2020,65.65380096
Grenada,GRD,2019,64.31279755
Grenada,GRD,2018,61.42459869
Grenada,GRD,2017,54.20000076
Grenada,GRD,2016,53.29999924
Grenada,GRD,2015,52.5
Grenada,GRD,2014,51.6
Grenada,GRD,2013,35.0
Guam,GUM,2023,
Guam,GUM,2022,
Guam,GUM,2021,
Guam,GUM,2020,
Guam,GUM,2019,
Guam,GUM,2018,
Guam,GUM,2017,80.5054655600831
Guam,GUM,2016,77.009999893206
Guam,GUM,2015,73.139999947043
Guam,GUM,2014,69.27
Guam,GUM,2013,65.4
Guatemala,GTM,2023,56.72669983
Guatemala,GTM,2022,54.40430069
Guatemala,GTM,2021,50.84164945
Guatemala,GTM,2020,47.51229858
Guatemala,GTM,2019,44.401049838502
Guatemala,GTM,2018,41.5
Guatemala,GTM,2017,37.90000153
Guatemala,GTM,2016,34.50930023
Guatemala,GTM,2015,28.80590057
Guatemala,GTM,2014,23.39999962
Guatemala,GTM,2013,19.70000076
Guinea,GIN,2023,32.31560135
Guinea,GIN,2022,31.31399918
Guinea,GIN,2021,28.61330032
Guinea,GIN,2020,26.14550018
Guinea,GIN,2019,23.89049911
Guinea,GIN,2018,21.8300230430563
Guinea,GIN,2017,18.70000076
Guinea,GIN,2016,13.10000038
Guinea,GIN,2015,9.199999809
Guinea,GIN,2014,6.400000095
Guinea,GIN,2013,4.5
Guinea-Bissau,GNB,2023,28.71240044
Guinea-Bissau,GNB,2022,27.67379951
Guinea-Bissau,GNB,2021,23.3519001
Guinea-Bissau,GNB,2020,20.45730019
Guinea-Bissau,GNB,2019,17.92149925
Guinea-Bissau,GNB,2018,15.69999981
Guinea-Bissau,GNB,2017,14.80000019
Guinea-Bissau,GNB,2016,13.80000019
Guinea-Bissau,GNB,2015,6.099999905
Guinea-Bissau,GNB,2014,3.319999933
Guinea-Bissau,GNB,2013,3.099999905
Guyana,GUY,2023,79.3553009
Guyana,GUY,2022,76.56240082
Guyana,GUY,2021,71.65090179
Guyana,GUY,2020,62.95399857
Guyana,GUY,2019,55.31269836
Guyana,GUY,2018,48.59889984
Guyana,GUY,2017,42.6753006
Guyana,GUY,2016,35.65999985
Guyana,GUY,2015,34.0
Guyana,GUY,2014,32.0
Guyana,GUY,2013,31.0
Haiti,HTI,2023,47.99269867
Haiti,HTI,2022,47.77470016
Haiti,HTI,2021,43.37919998
Haiti,HTI,2020,39.38809967
Haiti,HTI,2019,35.76409912
Haiti,HTI,2018,32.4736271300557
Haiti,HTI,2017,27.20000076
Haiti,HTI,2016,22.79999924
Haiti,HTI,2015,14.19999981
Haiti,HTI,2014,11.39999962
Haiti,HTI,2013,10.60000038
Honduras,HND,2023,58.0685997
Honduras,HND,2022,56.88069916
Honduras,HND,2021,51.95159912
Honduras,HND,2020,45.24829865
Honduras,HND,2019,39.3883521850111
Honduras,HND,2018,36.0400608231468
Honduras,HND,2017,31.7357924661485
Honduras,HND,2016,29.5282180796457
Honduras,HND,2015,27.1395454833776
Honduras,HND,2014,23.0
Honduras,HND,2013,17.8
"Hong Kong SAR, China",HKG,2023,95.97781908
"Hong Kong SAR, China",HKG,2022,95.61357052
"Hong Kong SAR, China",HKG,2021,93.08715788
"Hong Kong SAR, China",HKG,2020,92.41313602
"Hong Kong SAR, China",HKG,2019,91.7434003891587
"Hong Kong SAR, China",HKG,2018,90.5073953294283
"Hong Kong SAR, China",HKG,2017,89.4159446487565
"Hong Kong SAR, China",HKG,2016,87.47941467087
"Hong Kong SAR, China",HKG,2015,84.9483529634062
"Hong Kong SAR, China",HKG,2014,79.8662704309064
"Hong Kong SAR, China",HKG,2013,74.2
Hungary,HUN,2023,91.4500713
Hungary,HUN,2022,89.14282688
Hungary,HUN,2021,88.64083466
Hungary,HUN,2020,84.77115202
Hungary,HUN,2019,80.3716936050482
Hungary,HUN,2018,76.0743606365063
Hungary,HUN,2017,76.7505471201922
Hungary,HUN,2016,79.2594121273057
Hungary,HUN,2015,72.8347370323805
Hungary,HUN,2014,75.6531974544103
Hungary,HUN,2013,72.6439
Iceland,ISL,2023,97.94860077
Iceland,ISL,2022,97.58339691
Iceland,ISL,2021,99.68701957
Iceland,ISL,2020,99.5327519
Iceland,ISL,2019,99.5049411693787
Iceland,ISL,2018,99.0109539916991
Iceland,ISL,2017,98.2552011867973
Iceland,ISL,2016,98.23999786
Iceland,ISL,2015,98.19999695
Iceland,ISL,2014,98.1580233097118
Iceland,ISL,2013,96.5468
India,IND,2023,60.25230026
India,IND,2022,55.9
India,IND,2021,49.2580986
India,IND,2020,43.40544313
India,IND,2019,29.52350044
India,IND,2018,20.0813000379384
India,IND,2017,18.20000076
India,IND,2016,16.5
India,IND,2015,14.89999962
India,IND,2014,13.5
India,IND,2013,12.30000019
Indonesia,IDN,2023,69.20836554
Indonesia,IDN,2022,66.48461277
Indonesia,IDN,2021,62.10447842
Indonesia,IDN,2020,53.72649449
Indonesia,IDN,2019,47.6906489788375
Indonesia,IDN,2018,39.9046386385762
Indonesia,IDN,2017,32.335806250688
Indonesia,IDN,2016,25.447353701827
Indonesia,IDN,2015,22.062742603379
Indonesia,IDN,2014,17.1431598350566
Indonesia,IDN,2013,14.94
"Iran, Islamic Rep.",IRN,2023,83.71050262
"Iran, Islamic Rep.",IRN,2022,81.71649933
"Iran, Islamic Rep.",IRN,2021,78.5957366
"Iran, Islamic Rep.",IRN,2020,75.56986637
"Iran, Islamic Rep.",IRN,2019,72.4509047672065
"Iran, Islamic Rep.",IRN,2018,70.2005650008363
"Iran, Islamic Rep.",IRN,2017,64.0439736249513
"Iran, Islamic Rep.",IRN,2016,53.2267716709857
"Iran, Islamic Rep.",IRN,2015,45.3349761533285
"Iran, Islamic Rep.",IRN,2014,39.353614505223
"Iran, Islamic Rep.",IRN,2013,29.95
Iraq,IRQ,2023,81.80889893
Iraq,IRQ,2022,78.71560926
Iraq,IRQ,2021,65.00219727
Iraq,IRQ,2020,53.67779922
Iraq,IRQ,2019,44.3263465511579
Iraq,IRQ,2018,33.92810059
Iraq,IRQ,2017,25.96920013
Iraq,IRQ,2016,19.87719917
Iraq,IRQ,2015,15.21440029
Iraq,IRQ,2014,11.6453267304545
Iraq,IRQ,2013,9.199999809
Ireland,IRL,2023,96.8660965
Ireland,IRL,2022,95.03690338
Ireland,IRL,2021,93.50610352
Ireland,IRL,2020,91.99989097
Ireland,IRL,2019,87.0000552425146
Ireland,IRL,2018,87.0001401148942
Ireland,IRL,2017,84.1140070623844
Ireland,IRL,2016,83.5
Ireland,IRL,2015,83.4947916666667
Ireland,IRL,2014,83.4917223351728
Ireland,IRL,2013,78.2477
Isle of Man,IMN,2023,
Isle of Man,IMN,2022,
Isle of Man,IMN,2021,
Isle of Man,IMN,2020,
Isle of Man,IMN,2019,
Isle of Man,IMN,2018,
Isle of Man,IMN,2017,
Isle of Man,IMN,2016,
Isle of Man,IMN,2015,
Isle of Man,IMN,2014,
Isle of Man,IMN,2013,
Israel,ISR,2023,87.03842615
Israel,ISR,2022,91.85079615
Israel,ISR,2021,90.29689758
Israel,ISR,2020,90.12734091
Israel,ISR,2019,86.7878776180583
Israel,ISR,2018,83.7331569615326
Israel,ISR,2017,81.5811835871611
Israel,ISR,2016,79.6531241815281
Israel,ISR,2015,77.3520896572253
Israel,ISR,2014,75.0177531628076
Israel,ISR,2013,70.250311945
Italy,ITA,2023,87.0278292
Italy,ITA,2022,85.06074504
Italy,ITA,2021,74.8623274
Italy,ITA,2020,70.48342785
Italy,ITA,2019,67.8507102874836
Italy,ITA,2018,74.3871829234822
Italy,ITA,2017,63.0773469984291
Italy,ITA,2016,61.3242527666303
Italy,ITA,2015,58.1417349568747
Italy,ITA,2014,55.6384602242293
Italy,ITA,2013,58.4593
Jamaica,JAM,2023,89.47304282
Jamaica,JAM,2022,85.84329987
Jamaica,JAM,2021,82.36071561
Jamaica,JAM,2020,76.38400269
Jamaica,JAM,2019,70.8410169743356
Jamaica,JAM,2018,68.2145170876072
Jamaica,JAM,2017,55.0720670507751
Jamaica,JAM,2016,44.3668563671334
Jamaica,JAM,2015,42.2212211907441
Jamaica,JAM,2014,40.4027351046672
Jamaica,JAM,2013,37.1
Japan,JPN,2023,85.00990295
Japan,JPN,2022,84.92343147
Japan,JPN,2021,82.91407928
Japan,JPN,2020,90.21945812
Japan,JPN,2019,92.7303978145525
Japan,JPN,2018,88.7463508901772
Japan,JPN,2017,91.7265472366635
Japan,JPN,2016,93.1827212821617
Japan,JPN,2015,91.0580283929962
Japan,JPN,2014,89.1068330166075
Japan,JPN,2013,88.219428911
Jordan,JOR,2023,92.53443944
Jordan,JOR,2022,90.4999984
Jordan,JOR,2021,85.999997
Jordan,JOR,2020,78.4178009
Jordan,JOR,2019,70.08470154
Jordan,JOR,2018,65.2
Jordan,JOR,2017,64.5
Jordan,JOR,2016,56.15000153
Jordan,JOR,2015,54.22000122
Jordan,JOR,2014,46.2
Jordan,JOR,2013,41.4
Kazakhstan,KAZ,2023,92.87846096
Kazakhstan,KAZ,2022,92.29685266
Kazakhstan,KAZ,2021,90.9239507
Kazakhstan,KAZ,2020,85.94259898
Kazakhstan,KAZ,2019,81.8776204746284
Kazakhstan,KAZ,2018,78.9039190578816
Kazakhstan,KAZ,2017,76.4267482325439
Kazakhstan,KAZ,2016,74.5877264735738
Kazakhstan,KAZ,2015,70.82993359566
Kazakhstan,KAZ,2014,66.0
Kazakhstan,KAZ,2013,63.30422443
Kenya,KEN,2023,32.07040024
Kenya,KEN,2022,29.40589905
Kenya,KEN,2021,26.96290016
Kenya,KEN,2020,24.7227993
Kenya,KEN,2019,22.6687733618171
Kenya,KEN,2018,19.5
Kenya,KEN,2017,17.82710075
Kenya,KEN,2016,16.6
Kenya,KEN,2015,16.5878548475992
Kenya,KEN,2014,16.5
Kenya,KEN,2013,13.0
Kiribati,KIR,2023,88.0
Kiribati,KIR,2022,84.99849701
Kiribati,KIR,2021,67.08760071
Kiribati,KIR,2020,52.95090103
Kiribati,KIR,2019,41.79299927
Kiribati,KIR,2018,32.9864006
Kiribati,KIR,2017,25.30960083
Kiribati,KIR,2016,19.41939926
Kiribati,KIR,2015,14.89999962
Kiribati,KIR,2014,12.25
Kiribati,KIR,2013,11.5
"Korea, Dem. People's Rep.",PRK,2023,
"Korea, Dem. People's Rep.",PRK,2022,
"Korea, Dem. People's Rep.",PRK,2021,
"Korea, Dem. People's Rep.",PRK,2020,
"Korea, Dem. People's Rep.",PRK,2019,
"Korea, Dem. People's Rep.",PRK,2018,
"Korea, Dem. People's Rep.",PRK,2017,
"Korea, Dem. People's Rep.",PRK,2016,
"Korea, Dem. People's Rep.",PRK,2015,
"Korea, Dem. People's Rep.",PRK,2014,
"Korea, Dem. People's Rep.",PRK,2013,
"Korea, Rep.",KOR,2023,97.41597478
"Korea, Rep.",KOR,2022,97.16855335
"Korea, Rep.",KOR,2021,97.57132698
"Korea, Rep.",KOR,2020,96.50506052
"Korea, Rep.",KOR,2019,96.157579184239
"Korea, Rep.",KOR,2018,96.0228595797887
"Korea, Rep.",KOR,2017,95.0694218761004
"Korea, Rep.",KOR,2016,92.8430256796075
"Korea, Rep.",KOR,2015,89.8962557995106
"Korea, Rep.",KOR,2014,87.5568264944747
"Korea, Rep.",KOR,2013,84.77
Kosovo,XKX,2023,
Kosovo,XKX,2022,
Kosovo,XKX,2021,
Kosovo,XKX,2020,
Kosovo,XKX,2019,
Kosovo,XKX,2018,89.4430319734879
Kosovo,XKX,2017,83.8935968102791
Kosovo,XKX,2016,
Kosovo,XKX,2015,
Kosovo,XKX,2014,
Kosovo,XKX,2013,
Kuwait,KWT,2023,99.74731125
Kuwait,KWT,2022,99.74729919
Kuwait,KWT,2021,99.7
Kuwait,KWT,2020,99.10587017
Kuwait,KWT,2019,99.5426764518489
Kuwait,KWT,2018,99.5988495907557
Kuwait,KWT,2017,97.9999893344615
Kuwait,KWT,2016,85.59999847
Kuwait,KWT,2015,82.0
Kuwait,KWT,2014,78.69999695
Kuwait,KWT,2013,75.45999908
Kyrgyz Republic,KGZ,2023,91.04440308
Kyrgyz Republic,KGZ,2022,84.1937027
Kyrgyz Republic,KGZ,2021,77.11769867
Kyrgyz Republic,KGZ,2020,72.0
Kyrgyz Republic,KGZ,2019,64.1
Kyrgyz Republic,KGZ,2018,62.8
Kyrgyz Republic,KGZ,2017,50.80530167
Kyrgyz Republic,KGZ,2016,40.52619934
Kyrgyz Republic,KGZ,2015,30.24699974
Kyrgyz Republic,KGZ,2014,28.29999924
Kyrgyz Republic,KGZ,2013,23.0
Lao PDR,LAO,2023,64.39800262
Lao PDR,LAO,2022,64.54000092
Lao PDR,LAO,2021,62.0
Lao PDR,LAO,2020,54.0
Lao PDR,LAO,2019,47.03229904
Lao PDR,LAO,2018,36.27130127
Lao PDR,LAO,2017,25.51040077
Lao PDR,LAO,2016,21.87000084
Lao PDR,LAO,2015,18.20000076
Lao PDR,LAO,2014,14.26000023
Lao PDR,LAO,2013,12.5
Latvia,LVA,2023,92.18791291
Latvia,LVA,2022,91.03009059
Latvia,LVA,2021,91.17964988
Latvia,LVA,2020,88.89796078
Latvia,LVA,2019,86.13545644343
Latvia,LVA,2018,83.5771748630956
Latvia,LVA,2017,80.1140770037369
Latvia,LVA,2016,79.8420977843089
Latvia,LVA,2015,79.2005829239344
Latvia,LVA,2014,75.8261041383556
Latvia,LVA,2013,75.2344
Lebanon,LBN,2023,81.7059021
Lebanon,LBN,2022,81.46479797
Lebanon,LBN,2021,82.65599823
Lebanon,LBN,2020,82.0664978
Lebanon,LBN,2019,81.48120117
Lebanon,LBN,2018,80.90000153
Lebanon,LBN,2017,78.18080139
Lebanon,LBN,2016,76.11000061
Lebanon,LBN,2015,74.0
Lebanon,LBN,2014,73.0
Lebanon,LBN,2013,70.5
Lesotho,LSO,2023,48.98590088
Lesotho,LSO,2022,48.06959915
Lesotho,LSO,2021,45.05670166
Lesotho,LSO,2020,43.65750122
Lesotho,LSO,2019,42.301733569273
Lesotho,LSO,2018,40.79999924
Lesotho,LSO,2017,39.0
Lesotho,LSO,2016,32.4538569477365
Lesotho,LSO,2015,25.0
Lesotho,LSO,2014,22.0
Lesotho,LSO,2013,15.0
Liberia,LBR,2023,31.22410011
Liberia,LBR,2022,30.38010025
Liberia,LBR,2021,26.38229942
Liberia,LBR,2020,22.91069984
Liberia,LBR,2019,19.89579964
Liberia,LBR,2018,17.27770042
Liberia,LBR,2017,16.29999924
Liberia,LBR,2016,15.69999981
Liberia,LBR,2015,10.0
Liberia,LBR,2014,5.409999847
Liberia,LBR,2013,3.200000048
Libya,LBY,2023,82.10469818
Libya,LBY,2022,80.64720154
Libya,LBY,2021,77.438797
Libya,LBY,2020,74.35810089
Libya,LBY,2019,71.40409851
Libya,LBY,2018,47.5
Libya,LBY,2017,47.5
Libya,LBY,2016,35.0
Libya,LBY,2015,25.0
Libya,LBY,2014,17.76000023
Libya,LBY,2013,16.5
Liechtenstein,LIE,2023,98.13230133
Liechtenstein,LIE,2022,97.88069916
Liechtenstein,LIE,2021,95.56939697
Liechtenstein,LIE,2020,94.34999847
Liechtenstein,LIE,2019,93.14610291
Liechtenstein,LIE,2018,
Liechtenstein,LIE,2017,99.54660034
Liechtenstein,LIE,2016,98.09390259
Liechtenstein,LIE,2015,96.6411972
Liechtenstein,LIE,2014,95.20999908
Liechtenstein,LIE,2013,93.80000305
Lithuania,LTU,2023,88.50287484
Lithuania,LTU,2022,87.72420219
Lithuania,LTU,2021,86.93054425
Lithuania,LTU,2020,83.05554724
Lithuania,LTU,2019,81.5818683764046
Lithuania,LTU,2018,79.7225827680518
Lithuania,LTU,2017,77.6152565124514
Lithuania,LTU,2016,74.3766455618662
Lithuania,LTU,2015,71.3780590101754
Lithuania,LTU,2014,72.1335378644566
Lithuania,LTU,2013,68.4529
Luxembourg,LUX,2023,99.34785707
Luxembourg,LUX,2022,98.24203749
Luxembourg,LUX,2021,98.66086333
Luxembourg,LUX,2020,98.45962893
Luxembourg,LUX,2019,97.120635693272
Luxembourg,LUX,2018,97.061298705829
Luxembourg,LUX,2017,97.3629603241751
Luxembourg,LUX,2016,98.1366986657616
Luxembourg,LUX,2015,96.3767141704759
Luxembourg,LUX,2014,94.6702052774766
Luxembourg,LUX,2013,93.7765
"Macao SAR, China",MAC,2023,89.82640076
"Macao SAR, China",MAC,2022,89.48549652
"Macao SAR, China",MAC,2021,88.46810492
"Macao SAR, China",MAC,2020,87.46230316
"Macao SAR, China",MAC,2019,86.4679257062588
"Macao SAR, China",MAC,2018,83.7940896091516
"Macao SAR, China",MAC,2017,83.1740890688259
"Macao SAR, China",MAC,2016,81.6429854646415
"Macao SAR, China",MAC,2015,77.6001318608868
"Macao SAR, China",MAC,2014,69.7809492200465
"Macao SAR, China",MAC,2013,65.8
Madagascar,MDG,2023,18.24080086
Madagascar,MDG,2022,17.81170082
Madagascar,MDG,2021,13.74590015
Madagascar,MDG,2020,11.35470009
Madagascar,MDG,2019,9.379400253
Madagascar,MDG,2018,7.747799873
Madagascar,MDG,2017,6.406000137
Madagascar,MDG,2016,4.713699818
Madagascar,MDG,2015,4.173999786
Madagascar,MDG,2014,3.700000048
Madagascar,MDG,2013,3.0
Malawi,MWI,2023,17.98810346
Malawi,MWI,2022,16.84830093
Malawi,MWI,2021,15.30300045
Malawi,MWI,2020,13.89949989
Malawi,MWI,2019,11.05860043
Malawi,MWI,2018,8.798299789
Malawi,MWI,2017,7.0
Malawi,MWI,2016,6.300000191
Malawi,MWI,2015,6.0
Malawi,MWI,2014,5.829999924
Malawi,MWI,2013,5.050000191
Malaysia,MYS,2023,97.69272633
Malaysia,MYS,2022,97.3986404
Malaysia,MYS,2021,96.7514278
Malaysia,MYS,2020,89.55501192
Malaysia,MYS,2019,84.1871450078281
Malaysia,MYS,2018,81.2010486181174
Malaysia,MYS,2017,80.1404790103961
Malaysia,MYS,2016,78.7883099275229
Malaysia,MYS,2015,71.0640678111957
Malaysia,MYS,2014,63.6654258813225
Malaysia,MYS,2013,57.05751226
Maldives,MDV,2023,84.55290222
Maldives,MDV,2022,83.91189054
Maldives,MDV,2021,81.95760345
Maldives,MDV,2020,79.09780121
Maldives,MDV,2019,77.46970367
Maldives,MDV,2018,70.93689728
Maldives,MDV,2017,64.95500183
Maldives,MDV,2016,59.47750092
Maldives,MDV,2015,54.4620018
Maldives,MDV,2014,49.27999878
Maldives,MDV,2013,44.09999847
Mali,MLI,2023,36.03879929
Mali,MLI,2022,35.19919968
Mali,MLI,2021,33.95650101
Mali,MLI,2020,29.11300087
Mali,MLI,2019,24.96030045
Mali,MLI,2018,21.39999962
Mali,MLI,2017,18.89999962
Mali,MLI,2016,14.0
Mali,MLI,2015,10.32999992
Mali,MLI,2014,7.0
Mali,MLI,2013,3.5
Malta,MLT,2023,92.07266941
Malta,MLT,2022,91.54062209
Malta,MLT,2021,87.46977742
Malta,MLT,2020,86.85876183
Malta,MLT,2019,85.7785963798031
Malta,MLT,2018,81.6580442928014
Malta,MLT,2017,81.0119110762945
Malta,MLT,2016,78.0751488032182
Malta,MLT,2015,75.9600189752747
Malta,MLT,2014,73.1141157845193
Malta,MLT,2013,68.9138
Marshall Islands,MHL,2023,64.07589722
Marshall Islands,MHL,2022,64.26719666
Marshall Islands,MHL,2021,63.97259903
Marshall Islands,MHL,2020,56.41910172
Marshall Islands,MHL,2019,49.75749969
Marshall Islands,MHL,2018,43.88249969
Marshall Islands,MHL,2017,38.70119858
Marshall Islands,MHL,2016,29.78779984
Marshall Islands,MHL,2015,19.28240013
Marshall Islands,MHL,2014,16.79999924
Marshall Islands,MHL,2013,14.0
Mauritania,MRT,2023,44.95629883
Mauritania,MRT,2022,42.46450043
Mauritania,MRT,2021,35.63660049
Mauritania,MRT,2020,29.90649986
Mauritania,MRT,2019,25.0977993
Mauritania,MRT,2018,22.96699905
Mauritania,MRT,2017,21.01720047
Mauritania,MRT,2016,19.23279953
Mauritania,MRT,2015,17.60000038
Mauritania,MRT,2014,11.80000019
Mauritania,MRT,2013,6.199999809
Mauritius,MUS,2023,79.5
Mauritius,MUS,2022,75.5
Mauritius,MUS,2021,71.59999847
Mauritius,MUS,2020,67.73290684
Mauritius,MUS,2019,61.7299551453346
Mauritius,MUS,2018,58.596169704299
Mauritius,MUS,2017,55.4032403002657
Mauritius,MUS,2016,52.19129944
Mauritius,MUS,2015,50.1393184766711
Mauritius,MUS,2014,44.8032753683379
Mauritius,MUS,2013,40.116825135
Mexico,MEX,2023,81.18318755
Mexico,MEX,2022,78.63217894
Mexico,MEX,2021,75.62650476
Mexico,MEX,2020,71.49017499
Mexico,MEX,2019,69.6321092705209
Mexico,MEX,2018,56.6595667981289
Mexico,MEX,2017,53.0317886110982
Mexico,MEX,2016,59.5404459967255
Mexico,MEX,2015,57.4310429923633
Mexico,MEX,2014,44.3856962723411
Mexico,MEX,2013,43.46
"Micronesia, Fed. Sts.",FSM,2023,39.39889908
"Micronesia, Fed. Sts.",FSM,2022,39.0279007
"Micronesia, Fed. Sts.",FSM,2021,
"Micronesia, Fed. Sts.",FSM,2020,39.38330078
"Micronesia, Fed. Sts.",FSM,2019,37.97370148
"Micronesia, Fed. Sts.",FSM,2018,36.61460114
"Micronesia, Fed. Sts.",FSM,2017,35.30410004
"Micronesia, Fed. Sts.",FSM,2016,33.35219955
"Micronesia, Fed. Sts.",FSM,2015,31.50110054
"Micronesia, Fed. Sts.",FSM,2014,29.64999962
"Micronesia, Fed. Sts.",FSM,2013,27.79999924
Moldova,MDA,2023,76.50330353
Moldova,MDA,2022,74.91899872
Moldova,MDA,2021,74.91899872
Moldova,MDA,2020,74.11830139
Moldova,MDA,2019,73.32610321
Moldova,MDA,2018,72.54239655
Moldova,MDA,2017,71.76709747
Moldova,MDA,2016,70.9999991066624
Moldova,MDA,2015,69.0000044661932
Moldova,MDA,2014,66.9999982002077
Moldova,MDA,2013,37.43999863
Monaco,MCO,2023,98.87049866
Monaco,MCO,2022,98.75189972
Monaco,MCO,2021,99.07759857
Monaco,MCO,2020,98.57080078
Monaco,MCO,2019,98.0
Monaco,MCO,2018,
Monaco,MCO,2017,97.0530014
Monaco,MCO,2016,95.20819855
Monaco,MCO,2015,93.36329651
Monaco,MCO,2014,92.40000153
Monaco,MCO,2013,90.69999695
Mongolia,MNG,2023,83.74320221
Mongolia,MNG,2022,81.07720184
Mongolia,MNG,2021,81.60682285
Mongolia,MNG,2020,62.50002848
Mongolia,MNG,2019,51.079994082603
Mongolia,MNG,2018,47.1300018848989
Mongolia,MNG,2017,23.71430016
Mongolia,MNG,2016,22.2657705007562
Mongolia,MNG,2015,22.5000041337688
Mongolia,MNG,2014,19.9424474349209
Mongolia,MNG,2013,17.699984237
Montenegro,MNE,2023,88.5515976
Montenegro,MNE,2022,88.22192026
Montenegro,MNE,2021,82.21969752
Montenegro,MNE,2020,77.60879306
Montenegro,MNE,2019,73.4766657478691
Montenegro,MNE,2018,71.5171004874886
Montenegro,MNE,2017,71.2723325399382
Montenegro,MNE,2016,69.8816468416779
Montenegro,MNE,2015,68.1197860085679
Montenegro,MNE,2014,63.8868840056697
Montenegro,MNE,2013,60.31
Morocco,MAR,2023,91.0
Morocco,MAR,2022,89.9
Morocco,MAR,2021,88.13031937
Morocco,MAR,2020,84.12036305
Morocco,MAR,2019,84.1203630467602
Morocco,MAR,2018,64.8038651924043
Morocco,MAR,2017,61.7622120123071
Morocco,MAR,2016,58.271236420398
Morocco,MAR,2015,57.0799993486116
Morocco,MAR,2014,56.7746379160074
Morocco,MAR,2013,56.0
Mozambique,MOZ,2023,19.94560051
Mozambique,MOZ,2022,18.96220016
Mozambique,MOZ,2021,16.35759926
Mozambique,MOZ,2020,14.28740025
Mozambique,MOZ,2019,12.47929955
Mozambique,MOZ,2018,10.89999962
Mozambique,MOZ,2017,7.7963266079129
Mozambique,MOZ,2016,7.0
Mozambique,MOZ,2015,6.5
Mozambique,MOZ,2014,6.0
Mozambique,MOZ,2013,5.5
Myanmar,MMR,2023,
Myanmar,MMR,2022,
Myanmar,MMR,2021,
Myanmar,MMR,2020,45.4477005
Myanmar,MMR,2019,36.54050064
Myanmar,MMR,2018,29.37899971
Myanmar,MMR,2017,23.621081950267
Myanmar,MMR,2016,16.0
Myanmar,MMR,2015,10.89999962
Myanmar,MMR,2014,7.400000095
Myanmar,MMR,2013,1.799999952
Namibia,NAM,2023,63.69549942
Namibia,NAM,2022,62.99720001
Namibia,NAM,2021,60.25999832
Namibia,NAM,2020,57.8608017
Namibia,NAM,2019,49.77590179
Namibia,NAM,2018,42.8207016
Namibia,NAM,2017,36.83739853
Namibia,NAM,2016,31.0333004
Namibia,NAM,2015,25.68790054
Namibia,NAM,2014,14.84000015
Namibia,NAM,2013,13.89999962
Naoero,NRU,2023,83.03970337
Naoero,NRU,2022,83.22660065
Naoero,NRU,2021,80.29499817
Naoero,NRU,2020,77.46659851
Naoero,NRU,2019,74.73789978
Naoero,NRU,2018,
Naoero,NRU,2017,62.38510132
Naoero,NRU,2016,
Naoero,NRU,2015,
Naoero,NRU,2014,
Naoero,NRU,2013,
Nepal,NPL,2023,45.80680084
Nepal,NPL,2022,45.45080185
Nepal,NPL,2021,40.98910141
Nepal,NPL,2020,36.96530151
Nepal,NPL,2019,33.33660126
Nepal,NPL,2018,28.60000038
Nepal,NPL,2017,24.3
Nepal,NPL,2016,20.70000076
Nepal,NPL,2015,17.58160019
Nepal,NPL,2014,15.43999958
Nepal,NPL,2013,13.30000019
Netherlands,NLD,2023,97.00680272
Netherlands,NLD,2022,92.51968504
Netherlands,NLD,2021,92.05298013
Netherlands,NLD,2020,91.33333333
Netherlands,NLD,2019,93.2885906040269
Netherlands,NLD,2018,91.8918918918919
Netherlands,NLD,2017,93.1972789115646
Netherlands,NLD,2016,90.4109589041096
Netherlands,NLD,2015,91.7241379310345
Netherlands,NLD,2014,91.6666666666667
Netherlands,NLD,2013,93.9564
New Caledonia,NCL,2023,
New Caledonia,NCL,2022,
New Caledonia,NCL,2021,
New Caledonia,NCL,2020,
New Caledonia,NCL,2019,
New Caledonia,NCL,2018,
New Caledonia,NCL,2017,82.0058408035186
New Caledonia,NCL,2016,
New Caledonia,NCL,2015,74.00175279141
New Caledonia,NCL,2014,70.0
New Caledonia,NCL,2013,66.0
New Zealand,NZL,2023,93.32610321
New Zealand,NZL,2022,93.07289886
New Zealand,NZL,2021,91.99060059
New Zealand,NZL,2020,90.92099762
New Zealand,NZL,2019,89.86370087
New Zealand,NZL,2018,89.0
New Zealand,NZL,2017,87.69999695
New Zealand,NZL,2016,86.5
New Zealand,NZL,2015,85.19999695
New Zealand,NZL,2014,84.0
New Zealand,NZL,2013,82.77999878
Nicaragua,NIC,2023,60.30120087
Nicaragua,NIC,2022,59.38000107
Nicaragua,NIC,2021,51.62039948
Nicaragua,NIC,2020,44.87490082
Nicaragua,NIC,2019,39.01079941
Nicaragua,NIC,2018,33.9129982
Nicaragua,NIC,2017,30.39999962
Nicaragua,NIC,2016,24.57180023
Nicaragua,NIC,2015,19.70429993
Nicaragua,NIC,2014,17.60000038
Nicaragua,NIC,2013,15.5
Niger,NER,2023,12.98079967
Niger,NER,2022,13.08749962
Niger,NER,2021,12.45689964
Niger,NER,2020,11.85680008
Niger,NER,2019,11.28549957
Niger,NER,2018,10.74180031
Niger,NER,2017,10.2243115586561
Niger,NER,2016,4.322800159
Niger,NER,2015,2.476200104
Niger,NER,2014,1.24867568902241
Niger,NER,2013,1.149999976
Nigeria,NGA,2023,40.06399918
Nigeria,NGA,2022,39.14720154
Nigeria,NGA,2021,35.50979996
Nigeria,NGA,2020,31.88879967
Nigeria,NGA,2019,29.74410057
Nigeria,NGA,2018,27.74370003
Nigeria,NGA,2017,25.87789917
Nigeria,NGA,2016,24.13750076
Nigeria,NGA,2015,22.51420021
Nigeria,NGA,2014,21.0
Nigeria,NGA,2013,19.10000038
North Macedonia,MKD,2023,88.5
North Macedonia,MKD,2022,83.85030365
North Macedonia,MKD,2021,81.873703
North Macedonia,MKD,2020,81.40553811
North Macedonia,MKD,2019,81.4128827618364
North Macedonia,MKD,2018,79.1677551850871
North Macedonia,MKD,2017,74.5168241807954
North Macedonia,MKD,2016,72.1568144676058
North Macedonia,MKD,2015,70.3802030766689
North Macedonia,MKD,2014,68.0584815397496
North Macedonia,MKD,2013,65.24
Northern Mariana Islands,MNP,2023,
Northern Mariana Islands,MNP,2022,
Northern Mariana Islands,MNP,2021,
Northern Mariana Islands,MNP,2020,
Northern Mariana Islands,MNP,2019,
Northern Mariana Islands,MNP,2018,
Northern Mariana Islands,MNP,2017,
Northern Mariana Islands,MNP,2016,
Northern Mariana Islands,MNP,2015,
Northern Mariana Islands,MNP,2014,
Northern Mariana Islands,MNP,2013,
Norway,NOR,2023,99.00000258
Norway,NOR,2022,98.99997764
Norway,NOR,2021,99.0000036
Norway,NOR,2020,94.60755647
Norway,NOR,2019,98.0000043853142
Norway,NOR,2018,96.4916579887094
Norway,NOR,2017,96.3576012951191
Norway,NOR,2016,97.2982036675068
Norway,NOR,2015,96.810325691365
Norway,NOR,2014,96.3005098242892
Norway,NOR,2013,95.0534
Oman,OMN,2023,95.25170135
Oman,OMN,2022,95.24530029
Oman,OMN,2021,95.23880005
Oman,OMN,2020,95.23229321
Oman,OMN,2019,90.25939941
Oman,OMN,2018,85.5
Oman,OMN,2017,80.18560028
Oman,OMN,2016,76.8453904741456
Oman,OMN,2015,73.52999878
Oman,OMN,2014,70.22000122
Oman,OMN,2013,66.45
Pakistan,PAK,2023,
Pakistan,PAK,2022,
Pakistan,PAK,2021,
Pakistan,PAK,2020,18.935
Pakistan,PAK,2019,17.070901719916
Pakistan,PAK,2018,15.34000015
Pakistan,PAK,2017,13.77999973
Pakistan,PAK,2016,12.385446763381
Pakistan,PAK,2015,11.0
Pakistan,PAK,2014,10.0
Pakistan,PAK,2013,9.0
Palau,PLW,2023,82.91629791
Palau,PLW,2022,82.56749725
Palau,PLW,2021,
Palau,PLW,2020,
Palau,PLW,2019,
Palau,PLW,2018,
Palau,PLW,2017,
Palau,PLW,2016,
Palau,PLW,2015,
Palau,PLW,2014,
Palau,PLW,2013,
Panama,PAN,2023,68.54851592
Panama,PAN,2022,67.2838974
Panama,PAN,2021,66.04270172
Panama,PAN,2020,64.82430267
Panama,PAN,2019,63.6284147731451
Panama,PAN,2018,61.8055313202468
Panama,PAN,2017,59.9506309038683
Panama,PAN,2016,54.0
Panama,PAN,2015,51.2054249948687
Panama,PAN,2014,44.9238152577893
Panama,PAN,2013,44.03
Papua New Guinea,PNG,2023,18.56130028
Papua New Guinea,PNG,2022,18.25659943
Papua New Guinea,PNG,2021,16.55960083
Papua New Guinea,PNG,2020,15.02040005
Papua New Guinea,PNG,2019,13.62419987
Papua New Guinea,PNG,2018,12.35789967
Papua New Guinea,PNG,2017,11.20919991
Papua New Guinea,PNG,2016,9.601499557
Papua New Guinea,PNG,2015,7.900000095
Papua New Guinea,PNG,2014,6.5
Papua New Guinea,PNG,2013,5.099999905
Paraguay,PRY,2023,78.09481878
Paraguay,PRY,2022,76.25916611
Paraguay,PRY,2021,77.01838621
Paraguay,PRY,2020,73.95751114
Paraguay,PRY,2019,68.5176284222264
Paraguay,PRY,2018,64.9935430235756
Paraguay,PRY,2017,61.0757562215797
Paraguay,PRY,2016,53.4041274791009
Paraguay,PRY,2015,49.716304663966
Paraguay,PRY,2014,43.0073750122614
Paraguay,PRY,2013,36.9
Peru,PER,2023,79.48484477
Peru,PER,2022,74.67495213
Peru,PER,2021,71.10782643
Peru,PER,2020,65.25179796
Peru,PER,2019,59.9505036049006
Peru,PER,2018,55.0543342443197
Peru,PER,2017,50.4504121848143
Peru,PER,2016,45.4617406869459
Peru,PER,2015,40.8526009090468
Peru,PER,2014,40.2446560091704
Peru,PER,2013,39.2
Philippines,PHL,2023,77.86699677
Philippines,PHL,2022,75.21114422
Philippines,PHL,2021,66.90779877
Philippines,PHL,2020,53.76490021
Philippines,PHL,2019,43.0266118680279
Philippines,PHL,2018,44.09999847
Philippines,PHL,2017,41.59999847
Philippines,PHL,2016,39.20000076
Philippines,PHL,2015,36.90000153
Philippines,PHL,2014,34.70000076
Philippines,PHL,2013,32.70000076
Poland,POL,2023,86.414744
Poland,POL,2022,86.94113479
Poland,POL,2021,85.37490906
Poland,POL,2020,83.18488715
Poland,POL,2019,80.4359068768673
Poland,POL,2018,77.5417345350006
Poland,POL,2017,75.9853659493832
Poland,POL,2016,73.3007040962669
Poland,POL,2015,67.9969871556415
Poland,POL,2014,66.5987360557248
Poland,POL,2013,62.8492
Portugal,PRT,2023,85.79012676
Portugal,PRT,2022,84.49690644
Portugal,PRT,2021,82.30902804
Portugal,PRT,2020,78.26166044
Portugal,PRT,2019,75.3463779408712
Portugal,PRT,2018,74.6609681487507
Portugal,PRT,2017,73.7912139515729
Portugal,PRT,2016,70.423567088723
Portugal,PRT,2015,68.6328614804299
Portugal,PRT,2014,64.5924200648949
Portugal,PRT,2013,62.0956
Puerto Rico (US),PRI,2023,
Puerto Rico (US),PRI,2022,87.29178106
Puerto Rico (US),PRI,2021,84.78666399
Puerto Rico (US),PRI,2020,
Puerto Rico (US),PRI,2019,77.7364393708352
Puerto Rico (US),PRI,2018,70.8563997424362
Puerto Rico (US),PRI,2017,68.7407731407209
Puerto Rico (US),PRI,2016,68.6438071976518
Puerto Rico (US),PRI,2015,63.4663353848474
Puerto Rico (US),PRI,2014,76.1338597201667
Puerto Rico (US),PRI,2013,68.999990004
Qatar,QAT,2023,98.15229797
Qatar,QAT,2022,98.03800201
Qatar,QAT,2021,99.65280151
Qatar,QAT,2020,99.65284913
Qatar,QAT,2019,99.6528042086389
Qatar,QAT,2018,99.6528491261175
Qatar,QAT,2017,97.3888491654164
Qatar,QAT,2016,95.1246621661148
Qatar,QAT,2015,92.8848264535481
Qatar,QAT,2014,91.48999786
Qatar,QAT,2013,85.3
Romania,ROU,2023,89.20335498
Romania,ROU,2022,85.50309124
Romania,ROU,2021,83.5904265
Romania,ROU,2020,78.45526895
Romania,ROU,2019,73.6574757545465
Romania,ROU,2018,70.6812779273268
Romania,ROU,2017,63.7472821822484
Romania,ROU,2016,59.5039512852713
Romania,ROU,2015,55.7631556336233
Romania,ROU,2014,54.0783206550943
Romania,ROU,2013,49.7645
Russian Federation,RUS,2023,92.24496346
Russian Federation,RUS,2022,90.41799163
Russian Federation,RUS,2021,88.21384578
Russian Federation,RUS,2020,84.99466978
Russian Federation,RUS,2019,82.6421618670668
Russian Federation,RUS,2018,80.8647218726954
Russian Federation,RUS,2017,76.0081385339105
Russian Federation,RUS,2016,73.091434617897
Russian Federation,RUS,2015,70.0992412263947
Russian Federation,RUS,2014,70.5175682574413
Russian Federation,RUS,2013,67.97
Rwanda,RWA,2023,28.80579948
Rwanda,RWA,2022,28.01679993
Rwanda,RWA,2021,24.4416008
Rwanda,RWA,2020,23.8
Rwanda,RWA,2019,21.3579998
Rwanda,RWA,2018,19.16659927
Rwanda,RWA,2017,17.2
Rwanda,RWA,2016,14.63710022
Rwanda,RWA,2015,12.45600033
Rwanda,RWA,2014,10.60000038
Rwanda,RWA,2013,9.0
Samoa,WSM,2023,
Samoa,WSM,2022,
Samoa,WSM,2021,
Samoa,WSM,2020,
Samoa,WSM,2019,
Samoa,WSM,2018,
Samoa,WSM,2017,
Samoa,WSM,2016,
Samoa,WSM,2015,
Samoa,WSM,2014,21.20000076
Samoa,WSM,2013,15.30000019
San Marino,SMR,2023,97.33640289
San Marino,SMR,2022,97.32790375
San Marino,SMR,2021,81.66999817
San Marino,SMR,2020,77.94999695
San Marino,SMR,2019,67.85070038
San Marino,SMR,2018,
San Marino,SMR,2017,60.18230057
San Marino,SMR,2016,55.0
San Marino,SMR,2015,
San Marino,SMR,2014,
San Marino,SMR,2013,
Sao Tome and Principe,STP,2023,58.70130157
Sao Tome and Principe,STP,2022,58.56779861
Sao Tome and Principe,STP,2021,54.94950104
Sao Tome and Principe,STP,2020,51.55469894
Sao Tome and Principe,STP,2019,44.25790024
Sao Tome and Principe,STP,2018,37.99380112
Sao Tome and Principe,STP,2017,32.61640167
Sao Tome and Principe,STP,2016,28.0
Sao Tome and Principe,STP,2015,25.81999969
Sao Tome and Principe,STP,2014,24.40999985
Sao Tome and Principe,STP,2013,23.0
Saudi Arabia,SAU,2023,100.0
Saudi Arabia,SAU,2022,100.0
Saudi Arabia,SAU,2021,100.0
Saudi Arabia,SAU,2020,97.8623325
Saudi Arabia,SAU,2019,95.7247355953812
Saudi Arabia,SAU,2018,93.3100018480347
Saudi Arabia,SAU,2017,94.1755996113911
Saudi Arabia,SAU,2016,74.8792746891625
Saudi Arabia,SAU,2015,69.6162358014004
Saudi Arabia,SAU,2014,64.713657369019
Saudi Arabia,SAU,2013,60.5
Senegal,SEN,2023,59.18740082
Senegal,SEN,2022,56.82830048
Senegal,SEN,2021,55.04040146
Senegal,SEN,2020,53.30879974
Senegal,SEN,2019,43.37969971
Senegal,SEN,2018,35.29999924
Senegal,SEN,2017,29.64310074
Senegal,SEN,2016,25.66480064
Senegal,SEN,2015,21.70000076
Senegal,SEN,2014,17.70000076
Senegal,SEN,2013,13.10000038
Serbia,SRB,2023,85.35746686
Serbia,SRB,2022,83.53825397
Serbia,SRB,2021,81.16588116
Serbia,SRB,2020,78.36804864
Serbia,SRB,2019,77.4167736219802
Serbia,SRB,2018,73.360709154564
Serbia,SRB,2017,70.3308355269141
Serbia,SRB,2016,67.0568413716938
Serbia,SRB,2015,65.3170254003801
Serbia,SRB,2014,62.0750804639377
Serbia,SRB,2013,53.450364175
Seychelles,SYC,2023,86.001297
Seychelles,SYC,2022,84.83380127
Seychelles,SYC,2021,81.99530029
Seychelles,SYC,2020,79.25170135
Seychelles,SYC,2019,76.63420105
Seychelles,SYC,2018,69.23660278
Seychelles,SYC,2017,62.55310059
Seychelles,SYC,2016,56.51470184
Seychelles,SYC,2015,54.25960159
Seychelles,SYC,2014,51.25469971
Seychelles,SYC,2013,50.40000153
Sierra Leone,SLE,2023,23.71360016
Sierra Leone,SLE,2022,21.50880051
Sierra Leone,SLE,2021,18.65390015
Sierra Leone,SLE,2020,17.12080002
Sierra Leone,SLE,2019,15.71370029
Sierra Leone,SLE,2018,14.42230034
Sierra Leone,SLE,2017,9.297100067
Sierra Leone,SLE,2016,7.680099964
Sierra Leone,SLE,2015,6.344399929
Sierra Leone,SLE,2014,6.057300091
Sierra Leone,SLE,2013,4.0
Singapore,SGP,2023,94.28518987
Singapore,SGP,2022,95.95386476
Singapore,SGP,2021,96.92468156
Singapore,SGP,2020,92.00434653
Singapore,SGP,2019,88.9492526850762
Singapore,SGP,2018,88.1656360313447
Singapore,SGP,2017,84.4522678893074
Singapore,SGP,2016,84.4522678893074
Singapore,SGP,2015,79.0129570025584
Singapore,SGP,2014,79.0292358633435
Singapore,SGP,2013,80.90209961
Sint Maarten (Dutch part),SXM,2023,
Sint Maarten (Dutch part),SXM,2022,
Sint Maarten (Dutch part),SXM,2021,
Sint Maarten (Dutch part),SXM,2020,
Sint Maarten (Dutch part),SXM,2019,
Sint Maarten (Dutch part),SXM,2018,
Sint Maarten (Dutch part),SXM,2017,
Sint Maarten (Dutch part),SXM,2016,
Sint Maarten (Dutch part),SXM,2015,
Sint Maarten (Dutch part),SXM,2014,
Sint Maarten (Dutch part),SXM,2013,
Slovak Republic,SVK,2023,87.2131343
Slovak Republic,SVK,2022,89.06766196
Slovak Republic,SVK,2021,88.92560523
Slovak Republic,SVK,2020,89.92090413
Slovak Republic,SVK,2019,82.8536605021784
Slovak Republic,SVK,2018,80.4489224826099
Slovak Republic,SVK,2017,81.6256675172655
Slovak Republic,SVK,2016,80.475857275668
Slovak Republic,SVK,2015,77.6346820339875
Slovak Republic,SVK,2014,79.9843017656729
Slovak Republic,SVK,2013,77.8826
Slovenia,SVN,2023,90.37794678
Slovenia,SVN,2022,88.91248552
Slovenia,SVN,2021,89.00399524
Slovenia,SVN,2020,86.60130109
Slovenia,SVN,2019,83.1083578026717
Slovenia,SVN,2018,79.7499765956562
Slovenia,SVN,2017,78.8854263554775
Slovenia,SVN,2016,75.4985042610791
Slovenia,SVN,2015,73.0986599745829
Slovenia,SVN,2014,71.5862515855601
Slovenia,SVN,2013,72.6756
Solomon Islands,SLB,2023,28.67239952
Solomon Islands,SLB,2022,28.01729965
Solomon Islands,SLB,2021,26.03790092
Solomon Islands,SLB,2020,24.1984005
Solomon Islands,SLB,2019,22.48880005
Solomon Islands,SLB,2018,20.8593998
Solomon Islands,SLB,2017,15.14840031
Solomon Islands,SLB,2016,11.00090027
Solomon Islands,SLB,2015,10.00049973
Solomon Islands,SLB,2014,9.0
Solomon Islands,SLB,2013,8.0
"Somalia, Fed. Rep.",SOM,2023,26.12010002
"Somalia, Fed. Rep.",SOM,2022,27.6
"Somalia, Fed. Rep.",SOM,2021,23.87479973
"Somalia, Fed. Rep.",SOM,2020,15.02369976
"Somalia, Fed. Rep.",SOM,2019,2.731400013
"Somalia, Fed. Rep.",SOM,2018,
"Somalia, Fed. Rep.",SOM,2017,
"Somalia, Fed. Rep.",SOM,2016,1.879999995
"Somalia, Fed. Rep.",SOM,2015,1.75999999
"Somalia, Fed. Rep.",SOM,2014,1.629999995
"Somalia, Fed. Rep.",SOM,2013,1.5
South Africa,ZAF,2023,78.33670044
South Africa,ZAF,2022,78.29319763
South Africa,ZAF,2021,74.96859741
South Africa,ZAF,2020,72.1128006
South Africa,ZAF,2019,69.69689941
South Africa,ZAF,2018,62.40000153
South Africa,ZAF,2017,56.16740036
South Africa,ZAF,2016,54.0
South Africa,ZAF,2015,51.91910172
South Africa,ZAF,2014,49.0
South Africa,ZAF,2013,46.5
South Sudan,SSD,2023,
South Sudan,SSD,2022,
South Sudan,SSD,2021,
South Sudan,SSD,2020,
South Sudan,SSD,2019,6.671000004
South Sudan,SSD,2018,4.800000191
South Sudan,SSD,2017,4.1
South Sudan,SSD,2016,3.5
South Sudan,SSD,2015,3.0
South Sudan,SSD,2014,2.599999905
South Sudan,SSD,2013,2.200000048
Spain,ESP,2023,95.44564516
Spain,ESP,2022,94.4855432
Spain,ESP,2021,93.89752157
Spain,ESP,2020,93.20564892
Spain,ESP,2019,90.718665325267
Spain,ESP,2018,86.107235525659
Spain,ESP,2017,84.6022457016524
Spain,ESP,2016,80.5613329432179
Spain,ESP,2015,78.6896318703515
Spain,ESP,2014,76.1867089778712
Spain,ESP,2013,71.635
Sri Lanka,LKA,2023,51.2
Sri Lanka,LKA,2022,48.3
Sri Lanka,LKA,2021,44.45308724
Sri Lanka,LKA,2020,36.18473435
Sri Lanka,LKA,2019,32.02090073
Sri Lanka,LKA,2018,28.33620071
Sri Lanka,LKA,2017,25.07550049
Sri Lanka,LKA,2016,22.19
Sri Lanka,LKA,2015,15.26249981
Sri Lanka,LKA,2014,10.5000026214106
Sri Lanka,LKA,2013,10.04440022
St. Kitts and Nevis,KNA,2023,76.58950043
St. Kitts and Nevis,KNA,2022,75.76229858
St. Kitts and Nevis,KNA,2021,74.37159729
St. Kitts and Nevis,KNA,2020,70.27529907
St. Kitts and Nevis,KNA,2019,69.43499756
St. Kitts and Nevis,KNA,2018,68.60479736
St. Kitts and Nevis,KNA,2017,67.78440094
St. Kitts and Nevis,KNA,2016,66.97389984
St. Kitts and Nevis,KNA,2015,66.17310333
St. Kitts and Nevis,KNA,2014,65.38179779
St. Kitts and Nevis,KNA,2013,64.59999847
St. Lucia,LCA,2023,67.44390106
St. Lucia,LCA,2022,66.95159912
St. Lucia,LCA,2021,63.06330109
St. Lucia,LCA,2020,62.06399918
St. Lucia,LCA,2019,61.08050156
St. Lucia,LCA,2018,60.11259842
St. Lucia,LCA,2017,59.16009903
St. Lucia,LCA,2016,58.22259903
St. Lucia,LCA,2015,57.26330185
St. Lucia,LCA,2014,53.17969894
St. Lucia,LCA,2013,49.3871994
St. Martin (French part),MAF,2023,
St. Martin (French part),MAF,2022,
St. Martin (French part),MAF,2021,
St. Martin (French part),MAF,2020,
St. Martin (French part),MAF,2019,
St. Martin (French part),MAF,2018,
St. Martin (French part),MAF,2017,
St. Martin (French part),MAF,2016,
St. Martin (French part),MAF,2015,
St. Martin (French part),MAF,2014,
St. Martin (French part),MAF,2013,
St. Vincent and the Grenadines,VCT,2023,75.53679657
St. Vincent and the Grenadines,VCT,2022,74.75479889
St. Vincent and the Grenadines,VCT,2021,68.83339691
St. Vincent and the Grenadines,VCT,2020,63.38100052
St. Vincent and the Grenadines,VCT,2019,59.57630157
St. Vincent and the Grenadines,VCT,2018,56.0
St. Vincent and the Grenadines,VCT,2017,53.70000076
St. Vincent and the Grenadines,VCT,2016,51.5
St. Vincent and the Grenadines,VCT,2015,49.40000153
St. Vincent and the Grenadines,VCT,2014,47.4
St. Vincent and the Grenadines,VCT,2013,43.5
Sudan,SDN,2023,
Sudan,SDN,2022,
Sudan,SDN,2021,
Sudan,SDN,2020,
Sudan,SDN,2019,
Sudan,SDN,2018,
Sudan,SDN,2017,18.60000038
Sudan,SDN,2016,14.0999999446534
Sudan,SDN,2015,12.0
Sudan,SDN,2014,
Sudan,SDN,2013,
Suriname,SUR,2023,87.4
Suriname,SUR,2022,
Suriname,SUR,2021,
Suriname,SUR,2020,
Suriname,SUR,2019,62.03350067
Suriname,SUR,2018,55.10210037
Suriname,SUR,2017,48.94520187
Suriname,SUR,2016,45.40000153
Suriname,SUR,2015,42.76380157
Suriname,SUR,2014,40.08000183
Suriname,SUR,2013,37.40000153
Sweden,SWE,2023,95.70327461
Sweden,SWE,2022,95.00970335
Sweden,SWE,2021,94.6703163
Sweden,SWE,2020,94.53943122
Sweden,SWE,2019,94.4934434072202
Sweden,SWE,2018,89.2469631588137
Sweden,SWE,2017,93.0062669652127
Sweden,SWE,2016,89.6509476102355
Sweden,SWE,2015,90.6101966398616
Sweden,SWE,2014,92.5236065037579
Sweden,SWE,2013,94.7836
Switzerland,CHE,2023,97.34436623
Switzerland,CHE,2022,96.45279694
Switzerland,CHE,2021,95.56937154
Switzerland,CHE,2020,94.34999847
Switzerland,CHE,2019,93.1460869535177
Switzerland,CHE,2018,91.80000305
Switzerland,CHE,2017,89.6861476710225
Switzerland,CHE,2016,89.1346877351392
Switzerland,CHE,2015,87.4790555978675
Switzerland,CHE,2014,83.6172512621702
Switzerland,CHE,2013,86.34
Syrian Arab Republic,SYR,2023,
Syrian Arab Republic,SYR,2022,
Syrian Arab Republic,SYR,2021,
Syrian Arab Republic,SYR,2020,
Syrian Arab Republic,SYR,2019,
Syrian Arab Republic,SYR,2018,33.77000046
Syrian Arab Republic,SYR,2017,32.70000076
Syrian Arab Republic,SYR,2016,31.8696003
Syrian Arab Republic,SYR,2015,29.97979927
Syrian Arab Republic,SYR,2014,28.09000015
Syrian Arab Republic,SYR,2013,26.20000076
Tajikistan,TJK,2023,54.41550064
Tajikistan,TJK,2022,48.91429901
Tajikistan,TJK,2021,36.70560074
Tajikistan,TJK,2020,27.54409981
Tajikistan,TJK,2019,22.68630028
Tajikistan,TJK,2018,32.59999847
Tajikistan,TJK,2017,21.95999908
Tajikistan,TJK,2016,20.46999931
Tajikistan,TJK,2015,18.97999954
Tajikistan,TJK,2014,17.48999977
Tajikistan,TJK,2013,16.0
Tanzania,TZA,2023,28.43190002
Tanzania,TZA,2022,26.86059952
Tanzania,TZA,2021,22.87540054
Tanzania,TZA,2020,19.48139954
Tanzania,TZA,2019,16.59090042
Tanzania,TZA,2018,15.49069977
Tanzania,TZA,2017,14.46339989
Tanzania,TZA,2016,13.5042328468919
Tanzania,TZA,2015,10.0
Tanzania,TZA,2014,7.0
Tanzania,TZA,2013,4.400000095
Thailand,THA,2023,89.53525238
Thailand,THA,2022,87.97724503
Thailand,THA,2021,85.26956666
Thailand,THA,2020,77.84374066
Thailand,THA,2019,66.6524194587528
Thailand,THA,2018,56.8174809301456
Thailand,THA,2017,52.8919293439676
Thailand,THA,2016,47.5049656215909
Thailand,THA,2015,39.3161267365004
Thailand,THA,2014,34.8860535783465
Thailand,THA,2013,28.94
Timor-Leste,TLS,2023,
Timor-Leste,TLS,2022,
Timor-Leste,TLS,2021,35.04199982
Timor-Leste,TLS,2020,32.01269913
Timor-Leste,TLS,2019,28.00460052
Timor-Leste,TLS,2018,27.60000038
Timor-Leste,TLS,2017,24.20000076
Timor-Leste,TLS,2016,21.20000076
Timor-Leste,TLS,2015,18.60000038
Timor-Leste,TLS,2014,17.5
Timor-Leste,TLS,2013,11.0
Togo,TGO,2023,37.57020187
Togo,TGO,2022,35.60749817
Togo,TGO,2021,30.33839989
Togo,TGO,2020,29.02370071
Togo,TGO,2019,20.72730064
Togo,TGO,2018,15.5
Togo,TGO,2017,12.3602249692905
Togo,TGO,2016,11.31000042
Togo,TGO,2015,7.119999886
Togo,TGO,2014,5.699999809
Togo,TGO,2013,4.5
Tonga,TON,2023,64.13140106
Tonga,TON,2022,61.60739899
Tonga,TON,2021,57.549
Tonga,TON,2020,54.47370148
Tonga,TON,2019,51.56299973
Tonga,TON,2018,48.80789948
Tonga,TON,2017,46.20080185
Tonga,TON,2016,39.95000076
Tonga,TON,2015,38.65129852
Tonga,TON,2014,35.95439911
Tonga,TON,2013,32.75400162
Trinidad and Tobago,TTO,2023,81.9681015
Trinidad and Tobago,TTO,2022,81.69760132
Trinidad and Tobago,TTO,2021,84.36576986
Trinidad and Tobago,TTO,2020,77.28130341
Trinidad and Tobago,TTO,2019,74.98670197
Trinidad and Tobago,TTO,2018,72.76029968
Trinidad and Tobago,TTO,2017,70.59999847
Trinidad and Tobago,TTO,2016,67.80000305
Trinidad and Tobago,TTO,2015,65.09999847
Trinidad and Tobago,TTO,2014,62.40000153
Trinidad and Tobago,TTO,2013,59.90000153
Tunisia,TUN,2023,
Tunisia,TUN,2022,
Tunisia,TUN,2021,68.31552226
Tunisia,TUN,2020,68.55639648
Tunisia,TUN,2019,66.6999983024144
Tunisia,TUN,2018,64.1908102327387
Tunisia,TUN,2017,55.5001550633671
Tunisia,TUN,2016,49.5999948415756
Tunisia,TUN,2015,46.4999943435776
Tunisia,TUN,2014,46.15999985
Tunisia,TUN,2013,43.79999924
Turkiye,TUR,2023,85.96074155
Turkiye,TUR,2022,83.43716576
Turkiye,TUR,2021,81.40843745
Turkiye,TUR,2020,77.6695605
Turkiye,TUR,2019,73.9767022871511
Turkiye,TUR,2018,71.0427608433809
Turkiye,TUR,2017,64.6846176835371
Turkiye,TUR,2016,58.3477340145685
Turkiye,TUR,2015,53.7449791423583
Turkiye,TUR,2014,51.0373665521645
Turkiye,TUR,2013,46.25
Turkmenistan,TKM,2023,
Turkmenistan,TKM,2022,
Turkmenistan,TKM,2021,
Turkmenistan,TKM,2020,
Turkmenistan,TKM,2019,
Turkmenistan,TKM,2018,
Turkmenistan,TKM,2017,
Turkmenistan,TKM,2016,17.99029922
Turkmenistan,TKM,2015,14.99680042
Turkmenistan,TKM,2014,12.19999981
Turkmenistan,TKM,2013,9.600000381
Turks and Caicos Islands,TCA,2023,
Turks and Caicos Islands,TCA,2022,
Turks and Caicos Islands,TCA,2021,
Turks and Caicos Islands,TCA,2020,
Turks and Caicos Islands,TCA,2019,
Turks and Caicos Islands,TCA,2018,
Turks and Caicos Islands,TCA,2017,
Turks and Caicos Islands,TCA,2016,
Turks and Caicos Islands,TCA,2015,
Turks and Caicos Islands,TCA,2014,
Turks and Caicos Islands,TCA,2013,
Tuvalu,TUV,2023,
Tuvalu,TUV,2022,
Tuvalu,TUV,2021,
Tuvalu,TUV,2020,
Tuvalu,TUV,2019,
Tuvalu,TUV,2018,
Tuvalu,TUV,2017,35.20000076
Tuvalu,TUV,2016,31.0
Tuvalu,TUV,2015,27.29999924
Tuvalu,TUV,2014,24.10000038
Tuvalu,TUV,2013,21.20000076
Uganda,UGA,2023,9.286999702
Uganda,UGA,2022,9.636899948
Uganda,UGA,2021,10.0
Uganda,UGA,2020,7.4
Uganda,UGA,2019,11.72579956
Uganda,UGA,2018,9.326299667
Uganda,UGA,2017,7.417900085
Uganda,UGA,2016,5.9
Uganda,UGA,2015,5.699999809
Uganda,UGA,2014,5.400000095
Uganda,UGA,2013,5.099999905
Ukraine,UKR,2023,81.58059692
Ukraine,UKR,2022,80.47429657
Ukraine,UKR,2021,79.21829353
Ukraine,UKR,2020,75.03790912
Ukraine,UKR,2019,70.1248442995263
Ukraine,UKR,2018,62.5531553933869
Ukraine,UKR,2017,58.8894794459775
Ukraine,UKR,2016,53.0009695981884
Ukraine,UKR,2015,48.8846436813218
Ukraine,UKR,2014,46.2359754571651
Ukraine,UKR,2013,40.954128997
United Arab Emirates,ARE,2023,100.0
United Arab Emirates,ARE,2022,100.0
United Arab Emirates,ARE,2021,100.0
United Arab Emirates,ARE,2020,100.0
United Arab Emirates,ARE,2019,99.1499979561243
United Arab Emirates,ARE,2018,98.4500017817194
United Arab Emirates,ARE,2017,94.8199225383446
United Arab Emirates,ARE,2016,90.6000073180483
United Arab Emirates,ARE,2015,90.5
United Arab Emirates,ARE,2014,90.4000107121939
United Arab Emirates,ARE,2013,88.0
United Kingdom,GBR,2023,95.44719696
United Kingdom,GBR,2022,95.46530151
United Kingdom,GBR,2021,96.19650269
United Kingdom,GBR,2020,94.81820132
United Kingdom,GBR,2019,92.5166285497138
United Kingdom,GBR,2018,90.692008988783
United Kingdom,GBR,2017,90.4245504868553
United Kingdom,GBR,2016,94.7758006318882
United Kingdom,GBR,2015,92.0002998740234
United Kingdom,GBR,2014,91.6133009176453
United Kingdom,GBR,2013,89.8441
United States,USA,2023,93.52559662
United States,USA,2022,92.72850037
United States,USA,2021,91.2684021
United States,USA,2020,90.34470367
United States,USA,2019,89.4302848575712
United States,USA,2018,88.498903165152
United States,USA,2017,87.2748891687657
United States,USA,2016,85.5444212887222
United States,USA,2015,74.5542024462761
United States,USA,2014,73.0
United States,USA,2013,71.4
Uruguay,URY,2023,90.92590332
Uruguay,URY,2022,89.87304314
Uruguay,URY,2021,87.64440155
Uruguay,URY,2020,85.47100067
Uruguay,URY,2019,83.3515337667548
Uruguay,URY,2018,80.7268428795854
Uruguay,URY,2017,70.3223543994698
Uruguay,URY,2016,66.40000153
Uruguay,URY,2015,64.5707870971624
Uruguay,URY,2014,61.4624951684405
Uruguay,URY,2013,57.69
Uzbekistan,UZB,2023,89.01361047
Uzbekistan,UZB,2022,83.90000012
Uzbekistan,UZB,2021,76.59043014
Uzbekistan,UZB,2020,71.09999824
Uzbekistan,UZB,2019,70.3999986481458
Uzbekistan,UZB,2018,55.2000006732722
Uzbekistan,UZB,2017,48.6999988524556
Uzbekistan,UZB,2016,46.79130173
Uzbekistan,UZB,2015,42.79999924
Uzbekistan,UZB,2014,35.5
Uzbekistan,UZB,2013,26.79999924
Vanuatu,VUT,2023,
Vanuatu,VUT,2022,
Vanuatu,VUT,2021,
Vanuatu,VUT,2020,
Vanuatu,VUT,2019,
Vanuatu,VUT,2018,
Vanuatu,VUT,2017,
Vanuatu,VUT,2016,
Vanuatu,VUT,2015,22.35140038
Vanuatu,VUT,2014,18.79999924
Vanuatu,VUT,2013,11.30000019
"Venezuela, RB",VEN,2023,76.33190155
"Venezuela, RB",VEN,2022,75.82180023
"Venezuela, RB",VEN,2021,74.11219788
"Venezuela, RB",VEN,2020,72.44110107
"Venezuela, RB",VEN,2019,49.05009842
"Venezuela, RB",VEN,2018,
"Venezuela, RB",VEN,2017,
"Venezuela, RB",VEN,2016,60.0
"Venezuela, RB",VEN,2015,58.0
"Venezuela, RB",VEN,2014,57.0
"Venezuela, RB",VEN,2013,54.90000153
Viet Nam,VNM,2023,78.08
Viet Nam,VNM,2022,78.58999918
Viet Nam,VNM,2021,74.20999985
Viet Nam,VNM,2020,70.30000012
Viet Nam,VNM,2019,68.6615802057338
Viet Nam,VNM,2018,69.8479286837965
Viet Nam,VNM,2017,58.1400000036297
Viet Nam,VNM,2016,53.0
Viet Nam,VNM,2015,45.0
Viet Nam,VNM,2014,41.0
Viet Nam,VNM,2013,38.5
Virgin Islands (U.S.),VIR,2023,
Virgin Islands (U.S.),VIR,2022,
Virgin Islands (U.S.),VIR,2021,
Virgin Islands (U.S.),VIR,2020,
Virgin Islands (U.S.),VIR,2019,
Virgin Islands (U.S.),VIR,2018,
Virgin Islands (U.S.),VIR,2017,64.3774942980087
Virgin Islands (U.S.),VIR,2016,59.60831579895
Virgin Islands (U.S.),VIR,2015,54.839137296
Virgin Islands (U.S.),VIR,2014,50.07
Virgin Islands (U.S.),VIR,2013,45.3
West Bank and Gaza,PSE,2023,86.63765334
West Bank and Gaza,PSE,2022,88.64690554
West Bank and Gaza,PSE,2021,
West Bank and Gaza,PSE,2020,76.18160248
West Bank and Gaza,PSE,2019,70.6225837001758
West Bank and Gaza,PSE,2018,64.3999937114499
West Bank and Gaza,PSE,2017,63.29999924
West Bank and Gaza,PSE,2016,59.90000153
West Bank and Gaza,PSE,2015,56.70000076
West Bank and Gaza,PSE,2014,53.6651997924171
West Bank and Gaza,PSE,2013,46.59999847
"Yemen, Rep.",YEM,2023,
"Yemen, Rep.",YEM,2022,
"Yemen, Rep.",YEM,2021,
"Yemen, Rep.",YEM,2020,
"Yemen, Rep.",YEM,2019,17.49099922
"Yemen, Rep.",YEM,2018,
"Yemen, Rep.",YEM,2017,
"Yemen, Rep.",YEM,2016,24.57920074
"Yemen, Rep.",YEM,2015,24.08539963
"Yemen, Rep.",YEM,2014,22.54999924
"Yemen, Rep.",YEM,2013,20.0
Zambia,ZMB,2023,16.45070076
Zambia,ZMB,2022,15.0
Zambia,ZMB,2021,14.82190037
Zambia,ZMB,2020,14.64579964
Zambia,ZMB,2019,14.47189999
Zambia,ZMB,2018,14.2999970950012
Zambia,ZMB,2017,12.19999981
Zambia,ZMB,2016,10.30000019
Zambia,ZMB,2015,8.8
Zambia,ZMB,2014,6.5
Zambia,ZMB,2013,4.8
Zimbabwe,ZWE,2023,38.67480087
Zimbabwe,ZWE,2022,36.25650024
Zimbabwe,ZWE,2021,32.5923996
Zimbabwe,ZWE,2020,29.29856532
Zimbabwe,ZWE,2019,26.5883007
Zimbabwe,ZWE,2018,25.0
Zimbabwe,ZWE,2017,24.39999962
Zimbabwe,ZWE,2016,23.12000084
Zimbabwe,ZWE,2015,22.74279976
Zimbabwe,ZWE,2014,16.3647399572904
Zimbabwe,ZWE,2013,15.5
