iso3,year,political_stability_score
AFG,2023,25.0303745
AFG,2022,24.0573058
AFG,2021,24.0335589
AFG,2020,21.6583487
AFG,2019,21.6637858
AFG,2018,21.7827865
AFG,2017,21.2442702
AFG,2016,23.4723617
AFG,2015,23.5106211
AFG,2014,26.2877904
AFG,2013,19.7786501
ALB,2023,66.3155692
ALB,2022,66.0915577
ALB,2021,66.3035591
ALB,2020,65.8092347
ALB,2019,65.9691253
ALB,2018,68.4601043
ALB,2017,68.6928685
ALB,2016,68.7294282
ALB,2015,68.0342241
ALB,2014,70.3506685
ALB,2013,62.5947269
DZA,2023,53.3951013
DZA,2022,52.1017611
DZA,2021,50.5039858
DZA,2020,50.7988142
DZA,2019,47.7447231
DZA,2018,55.0130534
DZA,2017,50.0169672
DZA,2016,46.6846903
DZA,2015,47.9651356
DZA,2014,45.7908836
DZA,2013,43.0357222
ASM,2023,87.2261384
ASM,2022,87.2152796
ASM,2021,87.148494
ASM,2020,87.1872948
ASM,2019,87.1971851
ASM,2018,87.4284341
ASM,2017,87.3419568
ASM,2016,87.3296631
ASM,2015,87.4300005
ASM,2014,87.4702977
ASM,2013,82.6458541
AND,2023,92.3747104
AND,2022,92.3660278
AND,2021,92.3126307
AND,2020,92.3436526
AND,2019,92.3515614
AND,2018,88.5958436
AND,2017,88.5290665
AND,2016,88.5195742
AND,2015,88.5970547
AND,2014,88.6281722
AND,2013,88.4880365
AGO,2023,60.5450271
AGO,2022,56.6462987
AGO,2021,52.3383191
AGO,2020,54.9149657
AGO,2019,58.7080974
AGO,2018,58.96248
AGO,2017,56.7179099
AGO,2016,58.4702515
AGO,2015,56.3440261
AGO,2014,57.1993992
AGO,2013,55.4732915
ATG,2023,84.3288462
ATG,2022,84.320676
ATG,2021,81.5200195
ATG,2020,81.5492154
ATG,2019,81.5566579
ATG,2018,79.3888593
ATG,2017,76.3931377
ATG,2016,78.5409713
ATG,2015,81.5439286
ATG,2014,81.9376032
ATG,2013,81.7497295
ARG,2023,65.539658
ARG,2022,66.8790416
ARG,2021,67.4693134
ARG,2020,66.8381534
ARG,2019,66.8707383
ARG,2018,67.9516636
ARG,2017,69.9838411
ARG,2016,69.1957678
ARG,2015,65.3668058
ARG,2014,65.6687607
ARG,2013,66.4491046
ARM,2023,57.3152603
ARM,2022,59.8197748
ARM,2021,57.3211381
ARM,2020,60.8795173
ARM,2019,67.0622606
ARM,2018,65.8279441
ARM,2017,60.7427842
ARM,2016,59.239383
ARM,2015,63.5155345
ARM,2014,61.8660138
ARM,2013,65.4130594
ABW,2023,88.7188328
ABW,2022,88.710743
ABW,2021,88.6609843
ABW,2020,88.6898932
ABW,2019,88.6972605
ABW,2018,88.683848
ABW,2017,86.5061643
ABW,2016,86.49981
ABW,2015,86.551668
ABW,2014,86.5724939
ABW,2013,88.3450703
AUS,2023,81.7023297
AUS,2022,81.294059
AUS,2021,80.4761134
AUS,2020,81.0276612
AUS,2019,80.3354191
AUS,2018,80.9961371
AUS,2017,79.2718127
AUS,2016,82.1915809
AUS,2015,79.6151444
AUS,2014,83.3110083
AUS,2013,82.2301614
AUT,2023,77.8795359
AUT,2022,76.1521762
AUT,2021,78.7803204
AUT,2020,79.8779243
AUT,2019,79.3514625
AUT,2018,80.3126544
AUT,2017,81.7238355
AUT,2016,81.1856062
AUT,2015,85.3497468
AUT,2014,88.7461087
AUT,2013,87.880924
AZE,2023,59.0546762
AZE,2022,56.6353442
AZE,2021,57.5444168
AZE,2020,57.2037516
AZE,2019,60.1325696
AZE,2018,59.8006383
AZE,2017,58.1114132
AZE,2016,57.2793462
AZE,2015,57.4529943
AZE,2014,58.4884263
AZE,2013,57.63093
BHS,2023,83.8979013
BHS,2022,80.5722982
BHS,2021,78.5934221
BHS,2020,78.0795854
BHS,2019,77.7277659
BHS,2018,78.0748811
BHS,2017,79.8785392
BHS,2016,79.516042
BHS,2015,78.5985876
BHS,2014,79.9482492
BHS,2013,82.7534956
BHR,2023,57.3408912
BHR,2022,57.6516738
BHR,2021,57.2832784
BHR,2020,55.7056542
BHR,2019,55.5880047
BHR,2018,51.0725144
BHR,2017,48.6996051
BHR,2016,50.3534303
BHR,2015,49.5227401
BHR,2014,48.0587666
BHR,2013,43.8240398
BGD,2023,48.1988033
BGD,2022,47.1824874
BGD,2021,47.8980425
BGD,2020,48.5534122
BGD,2019,48.8682227
BGD,2018,48.3828183
BGD,2017,43.1937902
BGD,2016,42.9773902
BGD,2015,43.1479364
BGD,2014,47.94144
BGD,2013,35.6292308
BRB,2023,87.7036101
BRB,2022,86.5061199
BRB,2021,84.4205316
BRB,2020,84.1385913
BRB,2019,82.5642331
BRB,2018,79.5644616
BRB,2017,80.2427753
BRB,2016,80.2380693
BRB,2015,85.1804032
BRB,2014,88.7531327
BRB,2013,86.6702997
BLR,2023,59.1880459
BLR,2022,55.357111
BLR,2021,55.3657663
BLR,2020,51.9165453
BLR,2019,73.1679864
BLR,2018,70.4663947
BLR,2017,66.3479286
BLR,2016,69.3580687
BLR,2015,67.8851086
BLR,2014,68.2003666
BLR,2013,66.1967581
BEL,2023,69.3006796
BEL,2022,70.1054587
BEL,2021,73.7846749
BEL,2020,72.1913766
BEL,2019,72.3410456
BEL,2018,73.1489848
BEL,2017,72.1250812
BEL,2016,74.2033432
BEL,2015,77.1370022
BEL,2014,79.330541
BEL,2013,82.1028899
BLZ,2023,79.3832206
BLZ,2022,78.4554045
BLZ,2021,71.9904014
BLZ,2020,76.1889426
BLZ,2019,68.1731163
BLZ,2018,66.4003212
BLZ,2017,66.3634062
BLZ,2016,66.3581587
BLZ,2015,66.4328634
BLZ,2014,66.4493403
BLZ,2013,67.4192182
BEN,2023,60.6055079
BEN,2022,58.4245958
BEN,2021,58.8795864
BEN,2020,61.0570087
BEN,2019,62.5126327
BEN,2018,68.7128078
BEN,2017,71.2851516
BEN,2016,70.0281952
BEN,2015,67.9015838
BEN,2014,68.2365557
BEN,2013,71.5550204
BMU,2023,82.6148254
BMU,2022,82.6044449
BMU,2021,82.5406007
BMU,2020,82.5776934
BMU,2019,82.5871481
BMU,2018,82.5699367
BMU,2017,79.7758327
BMU,2016,79.7676814
BMU,2015,79.8342176
BMU,2014,79.8609401
BMU,2013,82.1352646
BTN,2023,88.6516184
BTN,2022,88.4837541
BTN,2021,81.9371556
BTN,2020,84.9479261
BTN,2019,85.7792773
BTN,2018,84.943449
BTN,2017,84.987979
BTN,2016,84.8787832
BTN,2015,82.9449359
BTN,2014,85.6634162
BTN,2013,79.169757
BOL,2023,60.9437372
BOL,2022,62.9801202
BOL,2021,61.0096773
BOL,2020,59.3078973
BOL,2019,53.0155277
BOL,2018,62.6256651
BOL,2017,62.1237854
BOL,2016,61.4628881
BOL,2015,62.8995122
BOL,2014,60.806572
BOL,2013,61.5128261
BIH,2023,62.4793902
BIH,2022,61.657193
BIH,2021,60.5871127
BIH,2020,61.298956
BIH,2019,60.6128666
BIH,2018,60.9490035
BIH,2017,60.5803364
BIH,2016,59.5572972
BIH,2015,61.5368736
BIH,2014,64.8606336
BIH,2013,58.1485349
BWA,2023,83.1933485
BWA,2022,84.3398245
BWA,2021,83.9533789
BWA,2020,84.4026182
BWA,2019,85.6050279
BWA,2018,82.8874409
BWA,2017,83.2599018
BWA,2016,82.698679
BWA,2015,85.2287134
BWA,2014,85.5467352
BWA,2013,86.1754287
BRA,2023,56.9850729
BRA,2022,58.7919168
BRA,2021,59.1936982
BRA,2020,58.5933483
BRA,2019,53.5594912
BRA,2018,54.8735087
BRA,2017,55.6089843
BRA,2016,56.9027106
BRA,2015,57.4235354
BRA,2014,61.7708061
BRA,2013,59.6486308
BRN,2023,88.6964047
BRN,2022,85.982082
BRN,2021,85.763733
BRN,2020,85.7863149
BRN,2019,84.6510273
BRN,2018,85.452549
BRN,2017,84.3220613
BRN,2016,83.54484
BRN,2015,86.446939
BRN,2014,87.360603
BRN,2013,82.3519994
BGR,2023,71.2660202
BGR,2022,71.4796205
BGR,2021,72.8363232
BGR,2020,73.0865465
BGR,2019,75.7815088
BGR,2018,76.0222279
BGR,2017,72.8319025
BGR,2016,69.4354757
BGR,2015,69.0099166
BGR,2014,70.0293534
BGR,2013,68.8062834
BFA,2023,31.0083522
BFA,2022,34.7884454
BFA,2021,38.9026684
BFA,2020,41.7072486
BFA,2019,45.469811
BFA,2018,49.4637727
BFA,2017,51.2782554
BFA,2016,50.3947575
BFA,2015,54.2871828
BFA,2014,53.9401871
BFA,2013,52.3153016
BDI,2023,43.9613519
BDI,2022,44.0146516
BDI,2021,42.3498686
BDI,2020,40.3528211
BDI,2019,37.380141
BDI,2018,38.1593506
BDI,2017,30.1866725
BDI,2016,29.9083295
BDI,2015,31.1085528
BDI,2014,47.7581237
BDI,2013,37.2704925
CPV,2023,80.7415683
CPV,2022,80.173998
CPV,2021,80.1387552
CPV,2020,80.2264026
CPV,2019,80.231621
CPV,2018,80.2221202
CPV,2017,78.1987005
CPV,2016,80.0349179
CPV,2015,80.3031075
CPV,2014,76.9207474
CPV,2013,79.6449552
KHM,2023,68.1942975
KHM,2022,64.6317965
KHM,2021,63.3545387
KHM,2020,61.7916098
KHM,2019,62.5885672
KHM,2018,64.0932632
KHM,2017,63.2663412
KHM,2016,64.5644489
KHM,2015,63.1866709
KHM,2014,61.4052155
KHM,2013,59.5617435
CMR,2023,38.3858407
CMR,2022,36.939668
CMR,2021,38.9279612
CMR,2020,38.1952254
CMR,2019,38.2687805
CMR,2018,40.7993905
CMR,2017,45.5083351
CMR,2016,46.3802722
CMR,2015,47.3930506
CMR,2014,50.1503044
CMR,2013,51.6938747
CAN,2023,76.6008039
CAN,2022,74.5623814
CAN,2021,78.8835053
CAN,2020,82.045178
CAN,2019,81.3392569
CAN,2018,81.902439
CAN,2017,83.3042064
CAN,2016,85.7484945
CAN,2015,86.0984726
CAN,2014,85.7536891
CAN,2013,83.2379093
CYM,2023,90.9493533
CYM,2022,90.9412618
CYM,2021,90.8915031
CYM,2020,87.6721629
CYM,2019,87.6795319
CYM,2018,82.6074581
CYM,2017,82.5468526
CYM,2016,82.5382366
CYM,2015,87.6669274
CYM,2014,87.687755
CYM,2013,87.0607133
CAF,2023,33.8805396
CAF,2022,33.4008933
CAF,2021,28.8455909
CAF,2020,26.0838429
CAF,2019,34.2446868
CAF,2018,33.5480547
CAF,2017,34.6946725
CAF,2016,36.8824737
CAF,2015,33.6022017
CAF,2014,23.4252011
CAF,2013,29.1833198
TCD,2023,37.1304216
TCD,2022,37.7241132
TCD,2021,37.038907
TCD,2020,41.0848275
TCD,2019,41.0898392
TCD,2018,42.657761
TCD,2017,42.5316168
TCD,2016,42.9758871
TCD,2015,46.7159018
TCD,2014,43.1917592
TCD,2013,45.5821481
CHL,2023,67.3918808
CHL,2022,65.8191317
CHL,2021,68.3937218
CHL,2020,68.2219116
CHL,2019,68.7252227
CHL,2018,77.4109534
CHL,2017,75.9626148
CHL,2016,76.036093
CHL,2015,77.4767227
CHL,2014,78.1672106
CHL,2013,75.7046809
CHN,2023,62.9144825
CHN,2022,61.6400806
CHN,2021,61.4673891
CHN,2020,60.7244539
CHN,2019,63.5270765
CHN,2018,61.8459925
CHN,2017,62.4219089
CHN,2016,57.3289648
CHN,2015,56.5636835
CHN,2014,56.9460927
CHN,2013,56.2820438
COL,2023,52.2402416
COL,2022,52.0722697
COL,2021,48.5602739
COL,2020,54.2459136
COL,2019,50.4304751
COL,2018,54.5255309
COL,2017,52.5716247
COL,2016,50.9727937
COL,2015,49.5727208
COL,2014,48.8925418
COL,2013,43.7037921
COM,2023,59.4998996
COM,2022,59.4927902
COM,2021,59.0937521
COM,2020,58.1003511
COM,2019,58.1216877
COM,2018,58.9314888
COM,2017,62.478104
COM,2016,61.4537187
COM,2015,64.2429749
COM,2014,65.6326741
COM,2013,61.8017529
COD,2023,32.0518364
COD,2022,34.3693483
COD,2021,38.0263926
COD,2020,35.0400198
COD,2019,37.7644428
COD,2018,33.49551
COD,2017,27.2322679
COD,2016,27.9914272
COD,2015,31.5476986
COD,2014,27.4916572
COD,2013,27.875614
COG,2023,62.4872904
COG,2022,63.4245459
COG,2021,57.0560333
COG,2020,56.0583227
COG,2019,55.7072394
COG,2018,54.1142196
COG,2017,52.7489317
COG,2016,52.8986092
COG,2015,52.942842
COG,2014,57.7930395
COG,2013,56.0282249
CRI,2023,86.1234989
CRI,2022,85.4710022
CRI,2021,83.2688714
CRI,2020,81.6952443
CRI,2019,76.5896171
CRI,2018,76.735494
CRI,2017,78.5448694
CRI,2016,78.4171178
CRI,2015,78.6355453
CRI,2014,77.5166561
CRI,2013,77.153462
CIV,2023,52.4435059
CIV,2022,53.658544
CIV,2021,50.5963204
CIV,2020,45.9579809
CIV,2019,48.5828489
CIV,2018,50.2088875
CIV,2017,48.1100354
CIV,2016,51.1147452
CIV,2015,52.5049057
CIV,2014,48.1807412
CIV,2013,45.2489852
HRV,2023,77.5653694
HRV,2022,78.4001506
HRV,2021,76.7657831
HRV,2020,76.9588991
HRV,2019,78.6648898
HRV,2018,79.0287809
HRV,2017,76.5731112
HRV,2016,76.7489407
HRV,2015,76.3380325
HRV,2014,76.7087681
HRV,2013,77.8226012
CUB,2023,73.2488883
CUB,2022,74.3923665
CUB,2021,74.4256073
CUB,2020,77.317512
CUB,2019,77.1553649
CUB,2018,75.5904409
CUB,2017,75.6815934
CUB,2016,76.3869662
CUB,2015,75.8822886
CUB,2014,75.7299549
CUB,2013,71.0891761
CYP,2023,72.6175899
CYP,2022,72.404801
CYP,2021,74.0794418
CYP,2020,73.6462217
CYP,2019,78.5331873
CYP,2018,77.1017013
CYP,2017,77.4041516
CYP,2016,78.9998839
CYP,2015,77.5634733
CYP,2014,77.9047176
CYP,2013,78.1310078
CZE,2023,84.1796811
CZE,2022,82.9033439
CZE,2021,82.9227315
CZE,2020,81.4082597
CZE,2019,83.5971951
CZE,2018,83.7215235
CZE,2017,83.3175368
CZE,2016,84.0305673
CZE,2015,84.6939927
CZE,2014,85.0958818
CZE,2013,85.005901
DNK,2023,81.2779733
DNK,2022,80.2709531
DNK,2021,80.2591122
DNK,2020,80.7263059
DNK,2019,81.242189
DNK,2018,83.0073538
DNK,2017,81.5224092
DNK,2016,81.8158814
DNK,2015,83.3159021
DNK,2014,85.2102567
DNK,2013,83.3239817
DJI,2023,57.9682181
DJI,2022,57.7394306
DJI,2021,56.8861688
DJI,2020,58.0505993
DJI,2019,59.3303305
DJI,2018,60.8259835
DJI,2017,52.993998
DJI,2016,53.8101722
DJI,2015,57.4700879
DJI,2014,59.3289913
DJI,2013,60.8463858
DMA,2023,87.0792486
DMA,2022,87.0710767
DMA,2021,87.0208227
DMA,2020,87.0500185
DMA,2019,82.7489638
DMA,2018,84.8896624
DMA,2017,84.8445243
DMA,2016,81.8875233
DMA,2015,84.8904806
DMA,2014,85.4934526
DMA,2013,84.5344352
DOM,2023,73.8470193
DOM,2022,74.289238
DOM,2021,71.8780557
DOM,2020,69.9277076
DOM,2019,66.7744903
DOM,2018,65.9469346
DOM,2017,67.4637175
DOM,2016,68.5519931
DOM,2015,67.8938356
DOM,2014,66.8331451
DOM,2013,65.7284045
ECU,2023,59.8413932
ECU,2022,61.9036395
ECU,2021,62.5069701
ECU,2020,63.3085413
ECU,2019,62.3101269
ECU,2018,64.7456762
ECU,2017,63.7182247
ECU,2016,63.0368482
ECU,2015,62.7810581
ECU,2014,65.6082987
ECU,2013,61.395906
EGY,2023,50.5325121
EGY,2022,49.5934665
EGY,2021,47.6720665
EGY,2020,46.809485
EGY,2019,45.4490688
EGY,2018,44.3372496
EGY,2017,40.7648362
EGY,2016,39.5891865
EGY,2015,39.967655
EGY,2014,40.1160411
EGY,2013,35.027376
SLV,2023,67.2989159
SLV,2022,64.1882591
SLV,2021,62.1021567
SLV,2020,63.3356789
SLV,2019,62.2422412
SLV,2018,58.7190176
SLV,2017,60.1543384
SLV,2016,61.6051676
SLV,2015,63.4839557
SLV,2014,64.1791153
SLV,2013,63.8876178
GNQ,2023,60.9838483
GNQ,2022,59.9473897
GNQ,2021,60.4031285
GNQ,2020,59.3927775
GNQ,2019,60.0851443
GNQ,2018,59.3885122
GNQ,2017,59.1463873
GNQ,2016,58.9763844
GNQ,2015,57.1724923
GNQ,2014,56.3346551
GNQ,2013,62.511191
ERI,2023,52.4037143
ERI,2022,47.6229894
ERI,2021,48.3502402
ERI,2020,47.6073256
ERI,2019,49.2154045
ERI,2018,50.0762283
ERI,2017,51.6451921
ERI,2016,53.1037114
ERI,2015,52.4110252
ERI,2014,54.7608658
ERI,2013,49.0944736
EST,2023,80.3685061
EST,2022,80.8282096
EST,2021,81.0612214
EST,2020,81.5734269
EST,2019,79.9625636
EST,2018,79.5395993
EST,2017,80.2859166
EST,2016,80.809179
EST,2015,81.1286169
EST,2014,83.3984558
EST,2013,80.63728
SWZ,2023,53.4899964
SWZ,2022,59.04749
SWZ,2021,58.5724729
SWZ,2020,62.5658248
SWZ,2019,60.4579416
SWZ,2018,56.553976
SWZ,2017,59.3977021
SWZ,2016,58.2348978
SWZ,2015,58.2716249
SWZ,2014,59.1025969
SWZ,2013,56.5446939
ETH,2023,34.0585384
ETH,2022,34.0209042
ETH,2021,31.4927932
ETH,2020,38.6764124
ETH,2019,45.7555776
ETH,2018,45.303812
ETH,2017,39.9376631
ETH,2016,41.3027375
ETH,2015,44.3110499
ETH,2014,45.7974959
ETH,2013,42.0613399
FJI,2023,79.2681419
FJI,2022,79.2616509
FJI,2021,77.2767758
FJI,2020,76.150895
FJI,2019,77.6492708
FJI,2018,77.8243726
FJI,2017,72.419293
FJI,2016,78.203374
FJI,2015,71.4692383
FJI,2014,71.489697
FJI,2013,63.7756872
FIN,2023,78.9597268
FIN,2022,84.5001627
FIN,2021,85.1751318
FIN,2020,85.6622581
FIN,2019,82.9390103
FIN,2018,83.6849655
FIN,2017,85.3471794
FIN,2016,84.0178329
FIN,2015,85.2782928
FIN,2014,88.4108482
FIN,2013,88.6681551
FRA,2023,65.5737443
FRA,2022,66.2332512
FRA,2021,68.0151167
FRA,2020,68.0652717
FRA,2019,69.3801876
FRA,2018,67.6768856
FRA,2017,69.8226831
FRA,2016,65.1849449
FRA,2015,68.8591869
FRA,2014,72.5184039
FRA,2013,74.2924203
PYF,2023,83.8205251
PYF,2022,83.7947301
PYF,2021,83.6360762
PYF,2020,82.152599
PYF,2019,81.3247888
PYF,2018,
PYF,2017,
PYF,2016,
PYF,2015,
PYF,2014,
PYF,2013,
GAB,2023,61.278856
GAB,2022,63.6313784
GAB,2021,61.0768695
GAB,2020,62.1449871
GAB,2019,61.1017813
GAB,2018,59.1736205
GAB,2017,58.1655772
GAB,2016,56.762925
GAB,2015,63.9332923
GAB,2014,64.4156989
GAB,2013,65.8730276
GMB,2023,68.2173748
GMB,2022,68.1916174
GMB,2021,66.2906164
GMB,2020,68.2241135
GMB,2019,67.0539043
GMB,2018,63.9221602
GMB,2017,62.5301089
GMB,2016,58.2713192
GMB,2015,62.2986891
GMB,2014,59.9097914
GMB,2013,61.7600806
GEO,2023,63.8290809
GEO,2022,64.1856405
GEO,2021,62.4478661
GEO,2020,63.7217145
GEO,2019,63.5922889
GEO,2018,64.2740856
GEO,2017,63.9717105
GEO,2016,64.8444146
GEO,2015,64.3468344
GEO,2014,65.4707201
GEO,2013,62.0340473
DEU,2023,74.5380247
DEU,2022,74.9216757
DEU,2021,77.1734509
DEU,2020,77.5791167
DEU,2019,78.3156599
DEU,2018,79.967946
DEU,2017,77.8895081
DEU,2016,79.4663004
DEU,2015,80.0916647
DEU,2014,84.1249875
DEU,2013,82.236509
GHA,2023,64.7189964
GHA,2022,62.6874031
GHA,2021,63.1229241
GHA,2020,66.9002519
GHA,2019,66.1232816
GHA,2018,65.3470646
GHA,2017,67.0285244
GHA,2016,63.7043955
GHA,2015,65.5037422
GHA,2014,64.3060128
GHA,2013,66.4125875
GRC,2023,72.4760005
GRC,2022,69.9418272
GRC,2021,69.7722104
GRC,2020,71.0124183
GRC,2019,70.6590444
GRC,2018,71.8955182
GRC,2017,66.0129396
GRC,2016,63.2676633
GRC,2015,63.8422013
GRC,2014,64.6982098
GRC,2013,63.2919773
GRL,2023,87.2644234
GRL,2022,87.2501944
GRL,2021,95.8754921
GRL,2020,95.9263372
GRL,2019,95.939297
GRL,2018,95.9157057
GRL,2017,95.8370978
GRL,2016,95.8259231
GRL,2015,95.9171303
GRL,2014,95.95376
GRL,2013,95.7887962
GRD,2023,86.4830939
GRD,2022,86.4749221
GRD,2021,83.6742656
GRD,2020,83.7034631
GRD,2019,81.5566579
GRD,2018,81.5431104
GRD,2017,81.4979723
GRD,2016,81.4915548
GRD,2015,76.0431255
GRD,2014,76.0927766
GRD,2013,72.2847652
GUM,2023,82.9536885
GUM,2022,82.9456584
GUM,2021,82.8962772
GUM,2020,82.9249658
GUM,2019,82.037867
GUM,2018,81.8976066
GUM,2017,79.7758327
GUM,2016,77.0309169
GUM,2015,79.8342176
GUM,2014,79.8609401
GUM,2013,79.0564069
GTM,2023,62.441645
GTM,2022,60.7606088
GTM,2021,56.0882035
GTM,2020,56.2626186
GTM,2019,54.0326157
GTM,2018,54.2170508
GTM,2017,53.9242978
GTM,2016,54.9087497
GTM,2015,54.0924081
GTM,2014,53.4202728
GTM,2013,53.3610765
GIN,2023,50.9211424
GIN,2022,51.9956519
GIN,2021,48.5406693
GIN,2020,47.3141831
GIN,2019,51.2403992
GIN,2018,49.9997455
GIN,2017,52.2221591
GIN,2016,56.0275724
GIN,2015,53.1461028
GIN,2014,45.928633
GIN,2013,41.918524
GNB,2023,60.4386377
GNB,2022,59.7407092
GNB,2021,60.766724
GNB,2020,61.0452634
GNB,2019,57.9713799
GNB,2018,54.8021913
GNB,2017,55.952263
GNB,2016,57.2092211
GNB,2015,55.8577693
GNB,2014,50.8371778
GNB,2013,49.4816913
GUY,2023,69.3320619
GUY,2022,69.4937085
GUY,2021,65.4135855
GUY,2020,65.7697557
GUY,2019,64.8797001
GUY,2018,65.1928502
GUY,2017,65.8066075
GUY,2016,65.8021475
GUY,2015,63.3287027
GUY,2014,62.1643167
GUY,2013,57.2018709
HTI,2023,49.2955001
HTI,2022,49.7180767
HTI,2021,45.1703278
HTI,2020,48.1480266
HTI,2019,49.6502252
HTI,2018,52.79648
HTI,2017,51.6449222
HTI,2016,50.6117229
HTI,2015,50.077887
HTI,2014,50.1409403
HTI,2013,50.2577613
HND,2023,59.9027299
HND,2022,57.7266194
HND,2021,52.1201836
HND,2020,54.5120159
HND,2019,51.7655593
HND,2018,51.1298505
HND,2017,50.4087337
HND,2016,53.8554146
HND,2015,54.6121397
HND,2014,54.1154324
HND,2013,56.7397402
HKG,2023,72.8711475
HKG,2022,72.5420431
HKG,2021,69.6299189
HKG,2020,66.0293653
HKG,2019,62.7459691
HKG,2018,78.9065466
HKG,2017,77.5678958
HKG,2016,77.2913173
HKG,2015,80.8462512
HKG,2014,83.4157082
HKG,2013,80.5127705
HUN,2023,75.8726477
HUN,2022,77.3414621
HUN,2021,78.4275956
HUN,2020,79.4552913
HUN,2019,78.4086402
HUN,2018,77.1961301
HUN,2017,78.4050394
HUN,2016,76.6176771
HUN,2015,80.3034406
HUN,2014,79.6595668
HUN,2013,79.7770421
ISL,2023,86.4918414
ISL,2022,87.5416868
ISL,2021,88.7538245
ISL,2020,88.5944668
ISL,2019,92.4804694
ISL,2018,88.0295612
ISL,2017,87.2524987
ISL,2016,86.744111
ISL,2015,87.4562907
ISL,2014,87.6339138
ISL,2013,87.3115669
IND,2023,51.5804563
IND,2022,53.0233442
IND,2021,55.618123
IND,2020,53.5848591
IND,2019,55.8082856
IND,2018,54.3030106
IND,2017,56.121815
IND,2016,53.3186065
IND,2015,52.8796025
IND,2014,51.9299014
IND,2013,45.8934808
IDN,2023,55.4106465
IDN,2022,52.8702435
IDN,2021,54.7968926
IDN,2020,56.6712515
IDN,2019,55.9824787
IDN,2018,56.6224801
IDN,2017,55.9594851
IDN,2016,57.9790701
IDN,2015,56.6870383
IDN,2014,59.3178371
IDN,2013,55.3369189
IRN,2023,44.2108184
IRN,2022,46.3386888
IRN,2021,46.1177041
IRN,2020,45.0322128
IRN,2019,44.4465189
IRN,2018,49.3491312
IRN,2017,53.9467875
IRN,2016,54.8787562
IRN,2015,52.4051184
IRN,2014,53.4829674
IRN,2013,45.7232421
IRQ,2023,27.893044
IRQ,2022,27.8121934
IRQ,2021,28.7885726
IRQ,2020,28.6313211
IRQ,2019,27.926688
IRQ,2018,28.7944333
IRQ,2017,28.8661777
IRQ,2016,27.8165031
IRQ,2015,27.5477532
IRQ,2014,27.3954194
IRQ,2013,29.9553193
IRL,2023,80.8689441
IRL,2022,79.6512293
IRL,2021,78.4715124
IRL,2020,80.9019235
IRL,2019,81.9665496
IRL,2018,82.7292175
IRL,2017,81.9818889
IRL,2016,81.0232285
IRL,2015,82.1508669
IRL,2014,85.8453899
IRL,2013,81.1790503
ISR,2023,48.0899696
ISR,2022,50.4355996
ISR,2021,53.9389948
ISR,2020,56.1947534
ISR,2019,58.4448733
ISR,2018,60.0064425
ISR,2017,58.2051536
ISR,2016,59.8364088
ISR,2015,55.45086
ISR,2014,55.7743479
ISR,2013,50.7683953
ITA,2023,73.9866119
ITA,2022,72.9400137
ITA,2021,73.3970182
ITA,2020,71.5703375
ITA,2019,71.4003499
ITA,2018,72.2549458
ITA,2017,70.2390966
ITA,2016,71.9044211
ITA,2015,72.6352882
ITA,2014,74.2540636
ITA,2013,72.4331752
JAM,2023,74.0301443
JAM,2022,73.6244016
JAM,2021,68.3253356
JAM,2020,68.499749
JAM,2019,68.9525634
JAM,2018,68.7885972
JAM,2017,68.1002514
JAM,2016,67.5349802
JAM,2015,66.9316769
JAM,2014,66.4905855
JAM,2013,68.0714364
JPN,2023,87.5440509
JPN,2022,87.6884434
JPN,2021,85.7099533
JPN,2020,85.2401102
JPN,2019,84.9598388
JPN,2018,85.330928
JPN,2017,85.8692068
JPN,2016,85.0237906
JPN,2015,86.7789985
JPN,2014,86.5722411
JPN,2013,83.7939427
JOR,2023,60.7571481
JOR,2022,60.5741204
JOR,2021,59.2156857
JOR,2020,60.3256959
JOR,2019,61.0324608
JOR,2018,60.3867267
JOR,2017,58.3040185
JOR,2016,56.7031633
JOR,2015,54.9548496
JOR,2014,55.481518
JOR,2013,54.1726541
KAZ,2023,62.442125
KAZ,2022,55.9945571
KAZ,2021,61.9220603
KAZ,2020,61.0381062
KAZ,2019,62.1182664
KAZ,2018,64.0387063
KAZ,2017,64.9310816
KAZ,2016,64.4158014
KAZ,2015,66.4788419
KAZ,2014,66.3999625
KAZ,2013,58.1833165
KEN,2023,49.2970221
KEN,2022,49.4578625
KEN,2021,46.9300692
KEN,2020,47.9541846
KEN,2019,47.5288168
KEN,2018,46.7693279
KEN,2017,46.5544465
KEN,2016,45.7526771
KEN,2015,44.8701358
KEN,2014,44.3174879
KEN,2013,45.9646649
KIR,2023,87.1324236
KIR,2022,87.1254492
KIR,2021,85.7896595
KIR,2020,85.9646041
KIR,2019,84.6713442
KIR,2018,82.2220118
KIR,2017,82.1552364
KIR,2016,82.1457425
KIR,2015,82.2232229
KIR,2014,87.7824315
KIR,2013,92.2597341
PRK,2023,71.4703965
PRK,2022,70.483852
PRK,2021,62.505549
PRK,2020,62.6941435
PRK,2019,62.6995174
PRK,2018,61.1916066
PRK,2017,59.840915
PRK,2016,58.1136167
PRK,2015,48.701853
PRK,2014,48.7170369
PRK,2013,57.301062
KOR,2023,81.8173145
KOR,2022,80.5106575
KOR,2021,81.2769586
KOR,2020,80.7211746
KOR,2019,80.490315
KOR,2018,80.7641604
KOR,2017,76.5785261
KOR,2016,74.7023463
KOR,2015,77.2995045
KOR,2014,76.0907575
KOR,2013,74.5398678
XKX,2023,63.4871705
XKX,2022,65.0225108
XKX,2021,65.9129798
XKX,2020,64.452655
XKX,2019,64.0829562
XKX,2018,58.8296176
XKX,2017,62.9594822
XKX,2016,61.0215542
XKX,2015,62.187674
XKX,2014,60.7360591
XKX,2013,52.4341708
KWT,2023,70.859994
KWT,2022,67.6737221
KWT,2021,68.5286289
KWT,2020,68.5489184
KWT,2019,70.0978967
KWT,2018,69.9272242
KWT,2017,65.9260745
KWT,2016,65.5303963
KWT,2015,63.3898139
KWT,2014,67.3560214
KWT,2013,67.7647499
KGZ,2023,57.1884601
KGZ,2022,58.67781
KGZ,2021,59.2727382
KGZ,2020,57.2370436
KGZ,2019,62.3615904
KGZ,2018,60.363986
KGZ,2017,60.811992
KGZ,2016,56.4457146
KGZ,2015,53.4358512
KGZ,2014,53.8240681
KGZ,2013,51.9499159
LAO,2023,78.4973142
LAO,2022,77.9079699
LAO,2021,75.8544353
LAO,2020,75.2150591
LAO,2019,72.0130362
LAO,2018,70.4235369
LAO,2017,70.6372551
LAO,2016,71.7909771
LAO,2015,72.806263
LAO,2014,72.3383467
LAO,2013,65.0309816
LVA,2023,80.2337614
LVA,2022,79.2157458
LVA,2021,79.6789749
LVA,2020,78.3005205
LVA,2019,77.4765827
LVA,2018,77.2238587
LVA,2017,77.2226151
LVA,2016,76.8851186
LVA,2015,78.1374356
LVA,2014,78.1965106
LVA,2013,76.5318523
LBN,2023,44.0912695
LBN,2022,42.9610568
LBN,2021,43.2923323
LBN,2020,42.8470593
LBN,2019,43.00695
LBN,2018,45.1470729
LBN,2017,43.0161211
LBN,2016,43.1183886
LBN,2015,42.0605422
LBN,2014,40.361092
LBN,2013,38.3838302
LSO,2023,63.5759709
LSO,2022,63.7051983
LSO,2021,63.6157044
LSO,2020,63.4142594
LSO,2019,60.9752323
LSO,2018,63.5065256
LSO,2017,62.441153
LSO,2016,61.2035655
LSO,2015,62.3253859
LSO,2014,62.9530783
LSO,2013,71.4448492
LBR,2023,62.9213749
LBR,2022,61.0979243
LBR,2021,62.3012684
LBR,2020,62.1346886
LBR,2019,61.5011116
LBR,2018,65.5773981
LBR,2017,61.2793685
LBR,2016,58.1540898
LBR,2015,55.8986285
LBR,2014,57.1757224
LBR,2013,59.6657585
LBY,2023,31.0158937
LBY,2022,31.6633359
LBY,2021,28.1965038
LBY,2020,27.9189568
LBY,2019,27.3077464
LBY,2018,26.8814768
LBY,2017,26.7038179
LBY,2016,27.3300687
LBY,2015,28.1427275
LBY,2014,27.1999666
LBY,2013,33.3839125
LIE,2023,93.0123238
LIE,2022,93.0053033
LIE,2021,92.9621278
LIE,2020,93.9549258
LIE,2019,93.9613195
LIE,2018,91.611607
LIE,2017,91.5613854
LIE,2016,91.5542453
LIE,2015,91.6125174
LIE,2014,93.9684545
LIE,2013,93.8870709
LTU,2023,82.1525341
LTU,2022,82.3600141
LTU,2021,83.1660384
LTU,2020,85.5490156
LTU,2019,82.6773936
LTU,2018,81.3878711
LTU,2017,81.1356801
LTU,2016,82.2000022
LTU,2015,82.0275822
LTU,2014,81.8925419
LTU,2013,82.7023413
LUX,2023,83.2434027
LUX,2022,83.3929794
LUX,2021,85.4536695
LUX,2020,86.5719558
LUX,2019,88.1954355
LUX,2018,88.1947317
LUX,2017,87.6143673
LUX,2016,88.8816085
LUX,2015,90.0224852
LUX,2014,90.3386571
LUX,2013,88.3824739
MAC,2023,82.5226463
MAC,2022,82.5116765
MAC,2021,82.4442007
MAC,2020,83.9957362
MAC,2019,85.5180621
MAC,2018,85.4998719
MAC,2017,88.3316852
MAC,2016,88.3230692
MAC,2015,85.3687227
MAC,2014,85.3969638
MAC,2013,78.7618399
MDG,2023,51.5297888
MDG,2022,56.9261073
MDG,2021,58.0152523
MDG,2020,56.0780417
MDG,2019,56.8504887
MDG,2018,52.8686191
MDG,2017,56.7554604
MDG,2016,57.9323826
MDG,2015,56.9033614
MDG,2014,56.2869548
MDG,2013,55.6094899
MWI,2023,61.7531318
MWI,2022,63.0430642
MWI,2021,64.1376617
MWI,2020,64.5856591
MWI,2019,61.0696748
MWI,2018,59.2380506
MWI,2017,60.547837
MWI,2016,61.4907533
MWI,2015,65.0017806
MWI,2014,65.4039002
MWI,2013,62.4233608
MYS,2023,69.7921566
MYS,2022,70.1357564
MYS,2021,69.2442318
MYS,2020,68.2870199
MYS,2019,68.6426383
MYS,2018,68.9172284
MYS,2017,65.6920105
MYS,2016,65.6238617
MYS,2015,66.6594252
MYS,2014,67.3972342
MYS,2013,65.1626653
MDV,2023,67.3165595
MDV,2022,70.5431935
MDV,2021,73.4620188
MDV,2020,69.3736163
MDV,2019,64.5089747
MDV,2018,63.5712956
MDV,2017,65.1568388
MDV,2016,67.2458553
MDV,2015,67.2967961
MDV,2014,74.1023277
MDV,2013,65.2306945
MLI,2023,22.2023396
MLI,2022,23.7355619
MLI,2021,26.0609877
MLI,2020,30.714892
MLI,2019,30.7915798
MLI,2018,33.8102693
MLI,2017,36.5372477
MLI,2016,39.6932356
MLI,2015,39.3565334
MLI,2014,38.7345769
MLI,2013,37.7728658
MLT,2023,81.9217873
MLT,2022,81.8090675
MLT,2021,81.8116195
MLT,2020,82.8302159
MLT,2019,81.5983506
MLT,2018,84.8913894
MLT,2017,84.3908285
MLT,2016,81.8977808
MLT,2015,82.1340467
MLT,2014,83.8064293
MLT,2013,82.4967318
MHL,2023,87.7995421
MHL,2022,87.7925694
MHL,2021,83.0547911
MHL,2020,83.6500012
MHL,2019,85.5530879
MHL,2018,85.408926
MHL,2017,85.3421489
MHL,2016,80.9676706
MHL,2015,85.4101354
MHL,2014,92.7983956
MHL,2013,92.610966
MRT,2023,57.2806632
MRT,2022,60.7821009
MRT,2021,56.9739921
MRT,2020,55.1954098
MRT,2019,54.8692793
MRT,2018,53.1083901
MRT,2017,52.8476838
MRT,2016,50.4090035
MRT,2015,52.6303564
MRT,2014,52.8916382
MRT,2013,46.4306834
MUS,2023,80.1546189
MUS,2022,80.5971365
MUS,2021,81.7194933
MUS,2020,81.7603303
MUS,2019,81.7653421
MUS,2018,81.2539224
MUS,2017,83.2235368
MUS,2016,83.5116163
MUS,2015,83.3998001
MUS,2014,79.7239935
MUS,2013,83.884318
MEX,2023,55.6715218
MEX,2022,55.8325808
MEX,2021,53.3188388
MEX,2020,52.6169798
MEX,2019,50.5648971
MEX,2018,50.0543383
MEX,2017,48.0339505
MEX,2016,51.64984
MEX,2015,50.6531064
MEX,2014,49.5018886
MEX,2013,52.1530435
FSM,2023,91.5959175
FSM,2022,91.5889431
FSM,2021,86.8511665
FSM,2020,85.0374541
FSM,2019,83.1362703
FSM,2018,86.4923385
FSM,2017,84.1553979
FSM,2016,84.1485789
FSM,2015,84.204229
FSM,2014,84.2265786
FSM,2013,84.3248286
MDA,2023,61.3187706
MDA,2022,61.6827044
MDA,2021,65.1228447
MDA,2020,63.3477077
MDA,2019,63.3755268
MDA,2018,61.8237471
MDA,2017,62.7882699
MDA,2016,62.7463209
MDA,2015,62.9658024
MDA,2014,64.547656
MDA,2013,68.4584132
MCO,2023,89.4522962
MCO,2022,89.4436154
MCO,2021,86.4678024
MCO,2020,86.498826
MCO,2019,92.3515614
MCO,2018,92.3371667
MCO,2017,92.289205
MCO,2016,86.4375595
MCO,2015,86.4932079
MCO,2014,81.9144132
MCO,2013,81.7269836
MNG,2023,76.8823052
MNG,2022,76.6814461
MNG,2021,78.4294302
MNG,2020,78.7026692
MNG,2019,78.5056124
MNG,2018,78.6896342
MNG,2017,78.1254853
MNG,2016,78.1210356
MNG,2015,78.8907188
MNG,2014,81.0504019
MNG,2013,76.8858223
MNE,2023,70.371122
MNE,2022,66.2984039
MNE,2021,65.3266026
MNE,2020,66.3995884
MNE,2019,69.2355697
MNE,2018,68.1439034
MNE,2017,66.7594431
MNE,2016,70.7258625
MNE,2015,69.7759581
MNE,2014,71.0928265
MNE,2013,75.9572597
MAR,2023,56.7561265
MAR,2022,57.4901092
MAR,2021,57.8892089
MAR,2020,58.9003457
MAR,2019,59.225745
MAR,2018,58.6099311
MAR,2017,57.2421749
MAR,2016,57.8475007
MAR,2015,58.1279806
MAR,2014,58.9001646
MAR,2013,54.0147278
MOZ,2023,41.6657864
MOZ,2022,43.3319001
MOZ,2021,44.2430053
MOZ,2020,42.9068074
MOZ,2019,51.7248231
MOZ,2018,52.2626134
MOZ,2017,47.6973268
MOZ,2016,44.0153178
MOZ,2015,54.2055959
MOZ,2014,55.3098599
MOZ,2013,57.4292219
MMR,2023,28.1665563
MMR,2022,27.6098157
MMR,2021,30.1263779
MMR,2020,39.727474
MMR,2019,42.6196691
MMR,2018,43.7246454
MMR,2017,44.6899778
MMR,2016,48.4777851
MMR,2015,46.6955798
MMR,2014,46.2378749
MMR,2013,44.1592969
NAM,2023,72.9842533
NAM,2022,72.2767539
NAM,2021,74.6676553
NAM,2020,74.6509477
NAM,2019,75.9027575
NAM,2018,77.7533951
NAM,2017,76.6460513
NAM,2016,77.2661493
NAM,2015,78.1505406
NAM,2014,76.7737568
NAM,2013,80.9061734
NRU,2023,83.5856206
NRU,2022,81.7400135
NRU,2021,78.8288236
NRU,2020,78.8610327
NRU,2019,78.8692421
NRU,2018,79.6955321
NRU,2017,79.9727425
NRU,2016,83.1501628
NRU,2015,83.2276432
NRU,2014,89.8793568
NRU,2013,92.610966
NPL,2023,60.5485527
NPL,2022,59.4794051
NPL,2021,61.5895345
NPL,2020,61.618773
NPL,2019,58.9654864
NPL,2018,57.4255647
NPL,2017,56.4951726
NPL,2016,50.1608711
NPL,2015,48.5495262
NPL,2014,51.4843979
NPL,2013,44.9452709
NLD,2023,76.2875137
NLD,2022,76.5743154
NLD,2021,78.4148135
NLD,2020,78.0101862
NLD,2019,77.8266632
NLD,2018,79.44179
NLD,2017,79.2526096
NLD,2016,80.9398498
NLD,2015,81.4706964
NLD,2014,84.1579465
NLD,2013,83.948509
NCL,2023,84.9697768
NCL,2022,84.9439802
NCL,2021,84.8954685
NCL,2020,83.7339572
NCL,2019,83.995374
NCL,2018,82.896132
NCL,2017,
NCL,2016,
NCL,2015,
NCL,2014,
NCL,2013,
NZL,2023,87.8435887
NZL,2022,86.9518882
NZL,2021,89.0738141
NZL,2020,90.8429264
NZL,2019,89.6102464
NZL,2018,90.5754935
NZL,2017,91.3884222
NZL,2016,90.906224
NZL,2015,90.9379445
NZL,2014,91.4454389
NZL,2013,89.4472264
NIC,2023,64.7800648
NIC,2022,63.0168218
NIC,2021,58.9330313
NIC,2020,56.9560598
NIC,2019,49.7556204
NIC,2018,46.9001644
NIC,2017,62.7940555
NIC,2016,63.0333858
NIC,2015,62.884096
NIC,2014,63.4318004
NIC,2013,59.7097061
NER,2023,37.6520288
NER,2022,43.7040962
NER,2021,40.6254264
NER,2020,40.2296474
NER,2019,45.5647454
NER,2018,45.5557519
NER,2017,48.1076627
NER,2016,49.7638964
NER,2015,52.2378434
NER,2014,49.1431186
NER,2013,49.9398881
NGA,2023,32.4832851
NGA,2022,32.5405717
NGA,2021,31.4992996
NGA,2020,31.5768107
NGA,2019,32.1888547
NGA,2018,33.6874013
NGA,2017,33.2722023
NGA,2016,36.6837207
NGA,2015,37.4061904
NGA,2014,28.5617067
NGA,2013,31.9138683
MKD,2023,69.6063993
MKD,2022,71.3921251
MKD,2021,67.4456605
MKD,2020,67.4168456
MKD,2019,66.5630218
MKD,2018,63.8711922
MKD,2017,61.6328449
MKD,2016,60.0448829
MKD,2015,62.1290756
MKD,2014,69.7574416
MKD,2013,58.9862302
NOR,2023,81.886027
NOR,2022,81.6055898
NOR,2021,84.2087352
NOR,2020,86.4773169
NOR,2019,84.2852607
NOR,2018,84.8814137
NOR,2017,84.6106037
NOR,2016,85.460181
NOR,2015,85.8984385
NOR,2014,86.39072
NOR,2013,88.3114777
OMN,2023,75.3261287
OMN,2022,73.4096398
OMN,2021,72.560235
OMN,2020,73.9028283
OMN,2019,74.7215562
OMN,2018,75.1056839
OMN,2017,75.2355741
OMN,2016,74.5476434
OMN,2015,76.4087913
OMN,2014,75.6275028
OMN,2013,71.5988552
PAK,2023,32.7495326
PAK,2022,35.9060416
PAK,2021,37.7158986
PAK,2020,38.7661403
PAK,2019,32.9381408
PAK,2018,31.9741236
PAK,2017,28.0004036
PAK,2016,26.0080143
PAK,2015,24.3870695
PAK,2014,23.8367345
PAK,2013,20.3234763
PLW,2023,87.1633174
PLW,2022,87.1546348
PLW,2021,85.3747645
PLW,2020,85.417957
PLW,2019,85.4289661
PLW,2018,85.408926
PLW,2017,85.3421489
PLW,2016,82.1457425
PLW,2015,82.2232229
PLW,2014,92.7983956
PLW,2013,92.610966
PAN,2023,72.2040085
PAN,2022,73.2133637
PAN,2021,71.9384306
PAN,2020,71.6480793
PAN,2019,72.7148713
PAN,2018,72.1174424
PAN,2017,73.7176296
PAN,2016,73.7741202
PAN,2015,74.1501152
PAN,2014,70.7028074
PAN,2013,64.1932128
PNG,2023,56.8273261
PNG,2022,54.1819072
PNG,2021,53.1237601
PNG,2020,52.7635143
PNG,2019,52.2428295
PNG,2018,52.2818183
PNG,2017,51.0506414
PNG,2016,52.952915
PNG,2015,54.0433105
PNG,2014,54.4642694
PNG,2013,52.3860912
PRY,2023,65.9351124
PRY,2022,64.7685894
PRY,2021,64.9542527
PRY,2020,66.035858
PRY,2019,66.5012496
PRY,2018,65.3173273
PRY,2017,65.4109498
PRY,2016,67.5082338
PRY,2015,67.306249
PRY,2014,66.0780649
PRY,2013,55.3324708
PER,2023,53.5281653
PER,2022,54.6782523
PER,2021,60.1862673
PER,2020,60.8314701
PER,2019,64.3760867
PER,2018,63.0086226
PER,2017,62.0633678
PER,2016,62.8284237
PER,2015,60.4051868
PER,2014,58.9922925
PER,2013,53.8305335
PHL,2023,53.7824112
PHL,2022,50.5373103
PHL,2021,47.2142694
PHL,2020,49.8113371
PHL,2019,48.650639
PHL,2018,47.672128
PHL,2017,44.0426791
PHL,2016,41.3367179
PHL,2015,50.0628483
PHL,2014,52.1306888
PHL,2013,47.1997637
POL,2023,74.5306813
POL,2022,75.0754802
POL,2021,75.5488506
POL,2020,75.3665626
POL,2019,77.4004756
POL,2018,76.6592008
POL,2017,76.1783691
POL,2016,75.6518937
POL,2015,84.0646826
POL,2014,83.9041429
POL,2013,82.0555123
PRT,2023,79.3722816
PRT,2022,81.0447633
PRT,2021,82.2660755
PRT,2020,82.6863939
PRT,2019,82.875641
PRT,2018,84.5430665
PRT,2017,83.9123728
PRT,2016,82.2723718
PRT,2015,82.9834088
PRT,2014,81.9574417
PRT,2013,78.9344819
PRI,2023,70.8520869
PRI,2022,71.1396096
PRI,2021,73.1538702
PRI,2020,72.2528721
PRI,2019,67.7417359
PRI,2018,71.0785992
PRI,2017,72.8105932
PRI,2016,74.4070908
PRI,2015,76.8731136
PRI,2014,76.7531069
PRI,2013,67.5810954
QAT,2023,83.2273545
QAT,2022,81.5465746
QAT,2021,81.7111268
QAT,2020,81.1056934
QAT,2019,80.9649085
QAT,2018,80.7676587
QAT,2017,80.1699718
QAT,2016,80.0590627
QAT,2015,82.4182162
QAT,2014,84.781459
QAT,2013,84.890976
ROU,2023,74.4071574
ROU,2022,75.2876354
ROU,2021,77.2911551
ROU,2020,76.4522333
ROU,2019,76.9166376
ROU,2018,68.3464656
ROU,2017,68.2557605
ROU,2016,71.4403773
ROU,2015,71.8192335
ROU,2014,69.4153177
ROU,2013,68.3517694
RUS,2023,51.9145331
RUS,2022,53.2379591
RUS,2021,57.2478665
RUS,2020,57.2357693
RUS,2019,59.0848287
RUS,2018,59.6065913
RUS,2017,56.6939051
RUS,2016,52.7678581
RUS,2015,52.3898713
RUS,2014,53.9430825
RUS,2013,51.7515524
RWA,2023,66.543875
RWA,2022,66.3975643
RWA,2021,67.8627573
RWA,2020,68.6289064
RWA,2019,67.9716355
RWA,2018,68.6247949
RWA,2017,67.5078017
RWA,2016,65.1124437
RWA,2015,67.5797255
RWA,2014,63.7299769
RWA,2013,60.6160677
WSM,2023,87.1357631
WSM,2022,86.9789249
WSM,2021,85.3614579
WSM,2020,85.970446
WSM,2019,85.4843891
WSM,2018,82.8957716
WSM,2017,84.1553979
WSM,2016,84.1485789
WSM,2015,84.204229
WSM,2014,84.2265786
WSM,2013,82.2722488
SMR,2023,89.4522962
SMR,2022,89.4436154
SMR,2021,86.4678024
SMR,2020,86.498826
SMR,2019,86.5067331
SMR,2018,88.5958436
SMR,2017,88.5290665
SMR,2016,88.5195742
SMR,2015,88.5970547
SMR,2014,92.7983956
SMR,2013,92.610966
STP,2023,76.4730831
STP,2022,74.3168761
STP,2021,76.2333377
STP,2020,74.0059687
STP,2019,74.8322433
STP,2018,73.8646902
STP,2017,69.5584085
STP,2016,70.4071061
STP,2015,72.3720197
STP,2014,74.0798364
STP,2013,72.6107761
SAU,2023,61.7058738
SAU,2022,59.7146785
SAU,2021,57.9136458
SAU,2020,56.4512285
SAU,2019,56.4504428
SAU,2018,55.6728063
SAU,2017,54.4923157
SAU,2016,57.2526665
SAU,2015,57.894166
SAU,2014,60.6225587
SAU,2013,54.6158054
SEN,2023,63.2735206
SEN,2022,62.4291822
SEN,2021,64.1169076
SEN,2020,65.4314614
SEN,2019,66.9717571
SEN,2018,63.4671559
SEN,2017,63.4650532
SEN,2016,62.1005425
SEN,2015,64.6200649
SEN,2014,64.3725662
SEN,2013,64.2330949
SRB,2023,67.3968379
SRB,2022,64.9961283
SRB,2021,65.1480742
SRB,2020,64.7301661
SRB,2019,66.9547627
SRB,2018,67.8822269
SRB,2017,67.8903732
SRB,2016,68.6769894
SRB,2015,70.6565282
SRB,2014,68.8537191
SRB,2013,65.4942431
SYC,2023,81.6228849
SYC,2022,80.2632459
SYC,2021,78.2992291
SYC,2020,78.3197031
SYC,2019,77.7180174
SYC,2018,79.2192253
SYC,2017,79.7906681
SYC,2016,78.9208115
SYC,2015,78.9575386
SYC,2014,73.7163758
SYC,2013,78.4175192
SLE,2023,56.3988529
SLE,2022,61.360477
SLE,2021,61.8507941
SLE,2020,59.627149
SLE,2019,63.1423801
SLE,2018,62.3661631
SLE,2017,63.3817309
SLE,2016,61.276082
SLE,2015,65.4793702
SLE,2014,63.5936418
SLE,2013,64.1529241
SGP,2023,86.461279
SGP,2022,85.7908535
SGP,2021,87.7872673
SGP,2020,87.8537403
SGP,2019,87.3842662
SGP,2018,88.0907851
SGP,2017,89.569172
SGP,2016,87.7393927
SGP,2015,84.8949902
SGP,2014,84.1124633
SGP,2013,86.9501646
SVK,2023,75.8978448
SVK,2022,74.9386617
SVK,2021,75.9000466
SVK,2020,76.4289186
SVK,2019,77.4158832
SVK,2018,78.0728296
SVK,2017,80.4863777
SVK,2016,78.4570512
SVK,2015,82.023404
SVK,2014,85.4044216
SVK,2013,83.6238356
SVN,2023,80.5665468
SVN,2022,79.1318068
SVN,2021,78.460254
SVN,2020,78.6691619
SVN,2019,82.0895081
SVN,2018,82.7029921
SVN,2017,82.0452155
SVN,2016,83.3247572
SVN,2015,83.4784985
SVN,2014,83.9074704
SVN,2013,81.0802725
SLB,2023,78.3963449
SLB,2022,78.3898521
SLB,2021,73.5059629
SLB,2020,75.0640116
SLB,2019,73.0612794
SLB,2018,72.4136288
SLB,2017,67.8696703
SLB,2016,72.05395
SLB,2015,76.1777781
SLB,2014,75.3802689
SLB,2013,71.8784332
SOM,2023,28.7966163
SOM,2022,30.1450293
SOM,2021,21.3633187
SOM,2020,25.739746
SOM,2019,30.5271191
SOM,2018,30.681055
SOM,2017,31.342142
SOM,2016,27.1161421
SOM,2015,26.9217159
SOM,2014,24.2667996
SOM,2013,17.1885039
ZAF,2023,54.9671159
ZAF,2022,54.2056557
ZAF,2021,52.6765125
ZAF,2020,61.6419067
ZAF,2019,60.1164309
ZAF,2018,60.7804491
ZAF,2017,59.3550083
ZAF,2016,60.1223224
ZAF,2015,60.5909646
ZAF,2014,61.9534819
ZAF,2013,61.4826737
SSD,2023,39.765168
SSD,2022,37.8369371
SSD,2021,27.9819965
SSD,2020,29.9289761
SSD,2019,25.0497946
SSD,2018,26.0816462
SSD,2017,24.1204513
SSD,2016,26.0356745
SSD,2015,26.9607576
SSD,2014,23.137629
SSD,2013,30.5847985
ESP,2023,68.4301142
ESP,2022,68.575798
ESP,2021,72.440575
ESP,2020,70.9452995
ESP,2019,70.4560005
ESP,2018,71.6108499
ESP,2017,70.6878491
ESP,2016,73.1708988
ESP,2015,73.3306681
ESP,2014,74.1383392
ESP,2013,67.5684619
LKA,2023,54.449499
LKA,2022,52.8761657
LKA,2021,57.1667545
LKA,2020,63.9229409
LKA,2019,62.9256436
LKA,2018,61.4578661
LKA,2017,62.8347148
LKA,2016,63.4408998
LKA,2015,64.381054
LKA,2014,56.4380535
LKA,2013,51.2288469
KNA,2023,81.5784454
KNA,2022,81.5702736
KNA,2021,81.5200195
KNA,2020,81.5492154
KNA,2019,77.2481607
KNA,2018,77.2346133
KNA,2017,77.1894751
KNA,2016,77.1830576
KNA,2015,77.2354315
KNA,2014,77.3596506
KNA,2013,81.7497295
LCA,2023,83.7326915
LCA,2022,83.7245213
LCA,2021,80.7236822
LCA,2020,80.752878
LCA,2019,80.7603205
LCA,2018,80.7467731
LCA,2017,80.7016349
LCA,2016,81.4915548
LCA,2015,78.5933452
LCA,2014,78.8024889
LCA,2013,79.9209118
VCT,2023,83.7326915
VCT,2022,83.7245213
VCT,2021,83.6742656
VCT,2020,83.7034631
VCT,2019,81.5566579
VCT,2018,79.3888593
VCT,2017,79.3437212
VCT,2016,81.4915548
VCT,2015,81.5439286
VCT,2014,78.8024889
VCT,2013,79.9209118
SDN,2023,30.6992008
SDN,2022,33.0000155
SDN,2021,35.4439074
SDN,2020,42.1827508
SDN,2019,37.6186719
SDN,2018,36.5746786
SDN,2017,32.6307711
SDN,2016,28.9596277
SDN,2015,31.1066875
SDN,2014,27.9107115
SDN,2013,27.3375077
SUR,2023,71.0267617
SUR,2022,70.1077306
SUR,2021,72.0572622
SUR,2020,73.8012765
SUR,2019,68.1517746
SUR,2018,68.4514764
SUR,2017,68.7426699
SUR,2016,68.8994926
SUR,2015,70.9866148
SUR,2014,69.7308319
SUR,2013,66.8674757
SWE,2023,79.1975949
SWE,2022,81.9836432
SWE,2021,82.0733011
SWE,2020,82.2208844
SWE,2019,81.9975459
SWE,2018,81.7624997
SWE,2017,80.7023028
SWE,2016,81.5881358
SWE,2015,81.7607898
SWE,2014,83.2881309
SWE,2013,83.8290009
CHE,2023,82.8183595
CHE,2022,83.4106384
CHE,2021,83.4121672
CHE,2020,84.9002035
CHE,2019,86.3945634
CHE,2018,87.3363762
CHE,2017,85.7800494
CHE,2016,86.5031631
CHE,2015,87.6767288
CHE,2014,90.1913471
CHE,2013,88.8311529
SYR,2023,24.2511221
SYR,2022,24.2452239
SYR,2021,25.3337284
SYR,2020,25.6898456
SYR,2019,23.9982444
SYR,2018,24.4910213
SYR,2017,24.1233979
SYR,2016,21.5585068
SYR,2015,24.2458029
SYR,2014,25.7574443
SYR,2013,23.7713239
TJK,2023,60.9812928
TJK,2022,58.5798846
TJK,2021,59.0878624
TJK,2020,60.2763779
TJK,2019,58.6574931
TJK,2018,54.4066908
TJK,2017,54.7341724
TJK,2016,53.1499018
TJK,2015,53.1753944
TJK,2014,55.3850873
TJK,2013,47.893702
TZA,2023,61.8509786
TZA,2022,57.6681456
TZA,2021,56.0707615
TZA,2020,54.570353
TZA,2019,56.4616756
TZA,2018,54.5493392
TZA,2017,54.2134859
TZA,2016,56.7117861
TZA,2015,57.7501681
TZA,2014,57.2358718
TZA,2013,58.6799879
THA,2023,58.3805816
THA,2022,56.2063996
THA,2021,53.9991989
THA,2020,53.3677964
THA,2019,55.8413351
THA,2018,49.1566626
THA,2017,49.0742678
THA,2016,46.6539451
THA,2015,46.1476533
THA,2014,46.4756098
THA,2013,42.700846
TLS,2023,73.3392448
TLS,2022,73.1354852
TLS,2021,70.4383689
TLS,2020,70.4606552
TLS,2019,70.4663366
TLS,2018,70.1429921
TLS,2017,67.0955373
TLS,2016,63.9026787
TLS,2015,58.5961138
TLS,2014,59.7429469
TLS,2013,56.8529075
TGO,2023,50.2031737
TGO,2022,52.9056229
TGO,2021,54.4799059
TGO,2020,52.1008968
TGO,2019,51.3671208
TGO,2018,50.9850122
TGO,2017,51.6162525
TGO,2016,61.1081459
TGO,2015,58.8716862
TGO,2014,60.7675952
TGO,2013,57.2523351
TON,2023,86.9126603
TON,2022,89.2531299
TON,2021,84.8873564
TON,2020,84.9518753
TON,2019,83.151888
TON,2018,80.5202044
TON,2017,79.5774436
TON,2016,81.8596052
TON,2015,81.9152536
TON,2014,81.9376032
TON,2013,81.2647077
TTO,2023,71.6974724
TTO,2022,71.8703621
TTO,2021,68.5624129
TTO,2020,66.9107656
TTO,2019,67.5797921
TTO,2018,67.8691049
TTO,2017,67.1731509
TTO,2016,66.6477704
TTO,2015,67.1223827
TTO,2014,68.8669283
TTO,2013,67.1605396
TUN,2023,52.6384223
TUN,2022,53.2614856
TUN,2021,54.5027662
TUN,2020,58.5045633
TUN,2019,56.3054951
TUN,2018,56.3282222
TUN,2017,53.1977661
TUN,2016,51.7579085
TUN,2015,54.2583046
TUN,2014,55.6225318
TUN,2013,50.6577783
TUR,2023,50.7861106
TUR,2022,49.922523
TUR,2021,49.2892722
TUR,2020,48.1362744
TUR,2019,45.5253689
TUR,2018,46.6927681
TUR,2017,36.7492235
TUR,2016,35.4862476
TUR,2015,46.9449387
TUR,2014,52.2324029
TUR,2013,48.2631377
TKM,2023,69.434034
TKM,2022,69.4932166
TKM,2021,62.0581562
TKM,2020,63.7248541
TKM,2019,62.1538251
TKM,2018,63.6450061
TKM,2017,61.9840955
TKM,2016,61.1912377
TKM,2015,63.7354293
TKM,2014,66.1466561
TKM,2013,69.8971401
TUV,2023,91.071468
TUV,2022,91.0644936
TUV,2021,87.846853
TUV,2020,86.9878296
TUV,2019,85.4289661
TUV,2018,88.5958436
TUV,2017,85.3421489
TUV,2016,88.5195742
TUV,2015,88.5970547
TUV,2014,92.3603858
TUV,2013,92.2597341
UGA,2023,48.3030933
UGA,2022,47.2402471
UGA,2021,49.7688381
UGA,2020,51.4977728
UGA,2019,52.6621674
UGA,2018,53.2612482
UGA,2017,54.1846641
UGA,2016,51.9818688
UGA,2015,52.3754767
UGA,2014,49.2155463
UGA,2013,50.6475823
UKR,2023,56.5682153
UKR,2022,47.9457907
UKR,2021,48.9739903
UKR,2020,49.497362
UKR,2019,48.2657734
UKR,2018,41.1917481
UKR,2017,38.7345804
UKR,2016,38.0353382
UKR,2015,35.0374627
UKR,2014,31.8535514
UKR,2013,49.4748552
ARE,2023,79.2684716
ARE,2022,80.981136
ARE,2021,80.2357804
ARE,2020,80.0198861
ARE,2019,80.0644793
ARE,2018,80.134659
ARE,2017,78.1809681
ARE,2016,77.7250567
ARE,2015,80.2130602
ARE,2014,81.2419499
ARE,2013,79.1135654
GBR,2023,72.1862761
GBR,2022,72.1751474
GBR,2021,73.3482195
GBR,2020,74.6097896
GBR,2019,75.5992994
GBR,2018,70.7215323
GBR,2017,73.421614
GBR,2016,73.5786913
GBR,2015,75.0691258
GBR,2014,75.180368
GBR,2013,73.7518389
USA,2023,62.5953145
USA,2022,63.1167764
USA,2021,63.735279
USA,2020,63.3866948
USA,2019,66.8276892
USA,2018,70.8565316
USA,2017,67.7755797
USA,2016,71.4957097
USA,2015,77.2686791
USA,2014,77.3070017
USA,2013,75.7935684
URY,2023,86.0689932
URY,2022,88.1613218
URY,2021,85.5395951
URY,2020,85.5590869
URY,2019,85.629815
URY,2018,84.906645
URY,2017,84.9061855
URY,2016,85.0549201
URY,2015,84.4867143
URY,2014,84.7136417
URY,2013,81.6294613
UZB,2023,61.6158213
UZB,2022,61.9220261
UZB,2021,62.1151404
UZB,2020,59.7210038
UZB,2019,62.1917975
UZB,2018,62.2739703
UZB,2017,62.240996
UZB,2016,62.3406586
UZB,2015,60.6785983
UZB,2014,61.4448397
UZB,2013,56.2874348
VUT,2023,82.3771537
VUT,2022,82.6074257
VUT,2021,82.2692168
VUT,2020,82.0116417
VUT,2019,83.4569176
VUT,2018,83.3390972
VUT,2017,80.4564644
VUT,2016,77.6245879
VUT,2015,77.5941194
VUT,2014,85.9720141
VUT,2013,90.7307686
VEN,2023,47.0432279
VEN,2022,46.6466461
VEN,2021,43.8675295
VEN,2020,41.5410343
VEN,2019,40.0660535
VEN,2018,40.8698504
VEN,2017,42.3206813
VEN,2016,45.140172
VEN,2015,45.5199779
VEN,2014,45.8380356
VEN,2013,43.2777616
VNM,2023,67.4445741
VNM,2022,67.9919181
VNM,2021,68.1933102
VNM,2020,68.1190087
VNM,2019,67.4603405
VNM,2018,64.9675576
VNM,2017,68.4569391
VNM,2016,69.0117358
VNM,2015,67.0589929
VNM,2014,65.677556
VNM,2013,67.865967
VIR,2023,82.6148254
VIR,2022,82.6044449
VIR,2021,75.5523711
VIR,2020,82.5776934
VIR,2019,82.5871481
VIR,2018,79.8331773
VIR,2017,79.7758327
VIR,2016,79.7676814
VIR,2015,86.8224472
VIR,2014,86.8491697
VIR,2013,79.8869229
PSE,2023,38.2367542
PSE,2022,39.7279232
PSE,2021,37.9947694
PSE,2020,36.1690504
PSE,2019,39.877049
PSE,2018,40.8712255
PSE,2017,42.5224235
PSE,2016,36.9644995
PSE,2015,36.3253334
PSE,2014,37.3111193
PSE,2013,35.1376941
YEM,2023,21.030617
YEM,2022,21.2694348
YEM,2021,20.3262982
YEM,2020,20.5195304
YEM,2019,21.1880718
YEM,2018,19.3591175
YEM,2017,19.253039
YEM,2016,20.7903643
YEM,2015,22.7608567
YEM,2014,22.8064612
YEM,2013,24.5603247
ZMB,2023,65.7039949
ZMB,2022,66.6738711
ZMB,2021,63.1907654
ZMB,2020,59.6094593
ZMB,2019,59.590169
ZMB,2018,60.9123088
ZMB,2017,62.2884333
ZMB,2016,62.3541274
ZMB,2015,67.2997785
ZMB,2014,64.9027312
ZMB,2013,71.2322807
ZWE,2023,48.8433006
ZWE,2022,51.7832815
ZWE,2021,48.4981549
ZWE,2020,48.0276952
ZWE,2019,49.076157
ZWE,2018,51.8107504
ZWE,2017,51.6333512
ZWE,2016,50.3296305
ZWE,2015,51.2636814
ZWE,2014,49.213324
ZWE,2013,48.7268485
