iso3,year,regulatory_quality_score
AFG,2023,32.3008157
AFG,2022,32.4204451
AFG,2021,32.6259609
AFG,2020,34.3181413
AFG,2019,34.7350241
AFG,2018,34.3129099
AFG,2017,32.5233931
AFG,2016,33.399475
AFG,2015,38.0317131
AFG,2014,36.2007127
AFG,2013,34.6366704
ALB,2023,55.8603547
ALB,2022,55.1084617
ALB,2021,54.7847817
ALB,2020,54.5543139
ALB,2019,56.309621
ALB,2018,56.6600998
ALB,2017,56.6059076
ALB,2016,55.8766261
ALB,2015,55.5631739
ALB,2014,55.7544291
ALB,2013,53.854301
DZA,2023,42.4720793
DZA,2022,41.0115322
DZA,2021,39.5329048
DZA,2020,37.8133673
DZA,2019,37.0539655
DZA,2018,38.4567671
DZA,2017,39.9443843
DZA,2016,40.280713
DZA,2015,40.4991062
DZA,2014,38.6433809
DZA,2013,42.2604584
ASM,2023,61.0200207
ASM,2022,61.0106572
ASM,2021,61.0985387
ASM,2020,61.1315136
ASM,2019,53.744319
ASM,2018,53.6961704
ASM,2017,53.6784118
ASM,2016,57.3698043
ASM,2015,57.3289815
ASM,2014,57.1544045
ASM,2013,63.7510173
AND,2023,72.2237825
AND,2022,72.2144174
AND,2021,72.3022989
AND,2020,72.3352738
AND,2019,76.1518456
AND,2018,76.103697
AND,2017,76.0859384
AND,2016,72.3081548
AND,2015,72.2673337
AND,2014,72.0927566
AND,2013,83.357609
AGO,2023,40.6000338
AGO,2022,41.2696867
AGO,2021,41.4788741
AGO,2020,38.47815
AGO,2019,39.15311
AGO,2018,38.1066148
AGO,2017,36.2526969
AGO,2016,36.2458363
AGO,2015,37.6641444
AGO,2014,38.6632529
AGO,2013,37.5461789
ATG,2023,64.6708822
ATG,2022,62.1881673
ATG,2021,63.7642889
ATG,2020,63.9489596
ATG,2019,63.9907886
ATG,2018,62.5055435
ATG,2017,58.3079325
ATG,2016,58.1375886
ATG,2015,58.1167608
ATG,2014,60.8889965
ATG,2013,63.7510173
ARG,2023,46.8743591
ARG,2022,45.7273179
ARG,2021,45.651899
ARG,2020,46.2329181
ARG,2019,47.779716
ARG,2018,51.8641165
ARG,2017,52.9645137
ARG,2016,50.8772845
ARG,2015,42.2878376
ARG,2014,38.8903487
ARG,2013,41.6864639
ARM,2023,56.383805
ARM,2022,56.0981042
ARM,2021,57.9730706
ARM,2020,58.1448229
ARM,2019,58.9376649
ARM,2018,59.3615549
ARM,2017,59.0556225
ARM,2016,58.6871784
ARM,2015,58.2205668
ARM,2014,56.8089899
ARM,2013,60.2906651
ABW,2023,70.3232253
ABW,2022,70.3189387
ABW,2021,70.3591763
ABW,2020,70.3742727
ABW,2019,70.4118087
ABW,2018,70.3897634
ABW,2017,74.8303646
ABW,2016,76.2934998
ABW,2015,76.2748091
ABW,2014,74.4849705
ABW,2013,77.9327513
AUS,2023,83.4581518
AUS,2022,83.2556593
AUS,2021,83.0307116
AUS,2020,82.7534122
AUS,2019,83.9863619
AUS,2018,83.6957403
AUS,2017,83.6562582
AUS,2016,83.4731725
AUS,2015,82.3013543
AUS,2014,82.4143865
AUS,2013,84.5216155
AUT,2023,77.1335739
AUT,2022,76.9614999
AUT,2021,77.7026825
AUT,2020,78.1052433
AUT,2019,79.4483832
AUT,2018,79.0042947
AUT,2017,77.262734
AUT,2016,76.8100422
AUT,2015,75.0857528
AUT,2014,75.6611857
AUT,2013,77.2170032
AZE,2023,55.5445036
AZE,2022,53.9065375
AZE,2021,53.9246857
AZE,2020,53.1975112
AZE,2019,53.2144403
AZE,2018,51.7004974
AZE,2017,51.9392436
AZE,2016,51.4454594
AZE,2015,50.7335643
AZE,2014,50.4938481
AZE,2013,48.7124189
BHS,2023,53.3768433
BHS,2022,53.8042378
BHS,2021,54.5414492
BHS,2020,54.6825419
BHS,2019,54.8000153
BHS,2018,57.0956828
BHS,2017,55.9931706
BHS,2016,58.3069374
BHS,2015,57.7939845
BHS,2014,60.4896673
BHS,2013,61.7920617
BHR,2023,69.2086259
BHR,2022,68.5806994
BHR,2021,67.424547
BHR,2020,63.6219613
BHR,2019,63.0678924
BHR,2018,62.6920421
BHR,2017,62.6880582
BHR,2016,63.28286
BHR,2015,66.4860355
BHR,2014,64.7452019
BHR,2013,67.794789
BGD,2023,40.654144
BGD,2022,40.2892485
BGD,2021,41.1231008
BGD,2020,40.7595081
BGD,2019,40.8335313
BGD,2018,42.4744798
BGD,2017,43.1432085
BGD,2016,42.8886546
BGD,2015,42.6114025
BGD,2014,40.7237543
BGD,2013,39.8878863
BRB,2023,61.632753
BRB,2022,61.2337061
BRB,2021,62.371663
BRB,2020,61.1944022
BRB,2019,60.5560445
BRB,2018,61.5208185
BRB,2017,61.9449799
BRB,2016,63.3748484
BRB,2015,64.0074133
BRB,2014,60.6070272
BRB,2013,65.722019
BLR,2023,36.3281553
BLR,2022,37.8914926
BLR,2021,42.336188
BLR,2020,44.0894827
BLR,2019,46.856785
BLR,2018,42.4297946
BLR,2017,40.9573889
BLR,2016,40.4435324
BLR,2015,39.0507961
BLR,2014,40.7523794
BLR,2013,38.5295412
BEL,2023,75.2301559
BEL,2022,77.0684112
BEL,2021,76.8702874
BEL,2020,75.7413392
BEL,2019,75.1924417
BEL,2018,74.8669275
BEL,2017,74.9044429
BEL,2016,75.7427933
BEL,2015,73.4163905
BEL,2014,69.6027695
BEL,2013,72.5424834
BLZ,2023,47.0872812
BLZ,2022,45.1243181
BLZ,2021,45.2938499
BLZ,2020,45.7744666
BLZ,2019,45.7954221
BLZ,2018,44.4053385
BLZ,2017,46.3533645
BLZ,2016,47.5300213
BLZ,2015,46.9180207
BLZ,2014,46.1329588
BLZ,2013,49.6826719
BEN,2023,51.1412381
BEN,2022,50.352593
BEN,2021,48.8810138
BEN,2020,47.9807811
BEN,2019,47.1388853
BEN,2018,47.7352989
BEN,2017,47.65019
BEN,2016,47.4753859
BEN,2015,46.3710647
BEN,2014,46.0716774
BEN,2013,45.8641918
BMU,2023,64.7546064
BMU,2022,68.4798333
BMU,2021,68.5677148
BMU,2020,68.6006897
BMU,2019,68.6826695
BMU,2018,68.634521
BMU,2017,68.6167623
BMU,2016,68.5735707
BMU,2015,64.7981576
BMU,2014,64.6235806
BMU,2013,77.7557281
BTN,2023,53.139843
BTN,2022,53.138064
BTN,2021,54.1509693
BTN,2020,54.3747784
BTN,2019,53.7658375
BTN,2018,54.1177752
BTN,2017,52.835177
BTN,2016,49.4322817
BTN,2015,48.5293474
BTN,2014,43.3883248
BTN,2013,41.6055107
BOL,2023,36.5763233
BOL,2022,36.925143
BOL,2021,37.2460993
BOL,2020,38.2868348
BOL,2019,39.4764951
BOL,2018,41.4800081
BOL,2017,41.7842577
BOL,2016,41.6249128
BOL,2015,41.9086485
BOL,2014,41.5779297
BOL,2013,41.3522312
BIH,2023,49.379531
BIH,2022,48.8771892
BIH,2021,48.8734072
BIH,2020,48.961795
BIH,2019,48.9215763
BIH,2018,49.8822151
BIH,2017,52.2061797
BIH,2016,51.0160225
BIH,2015,50.905386
BIH,2014,51.9304952
BIH,2013,51.6867968
BWA,2023,61.9054882
BWA,2022,62.5104152
BWA,2021,62.1175665
BWA,2020,61.0005604
BWA,2019,61.6395915
BWA,2018,63.6453172
BWA,2017,63.3587978
BWA,2016,64.7668766
BWA,2015,64.4348708
BWA,2014,66.2711026
BWA,2013,67.1693907
BRA,2023,51.1409432
BRA,2022,51.7253658
BRA,2021,52.480175
BRA,2020,52.4673449
BRA,2019,53.2947815
BRA,2018,51.00996
BRA,2017,53.1856369
BRA,2016,53.3451223
BRA,2015,53.3435278
BRA,2014,54.2871366
BRA,2013,56.9133194
BRN,2023,67.6044091
BRN,2022,68.5126647
BRN,2021,68.5386639
BRN,2020,67.6373934
BRN,2019,67.5006252
BRN,2018,68.5877855
BRN,2017,68.474788
BRN,2016,67.1702581
BRN,2015,69.8175163
BRN,2014,70.8585578
BRN,2013,71.8700484
BGR,2023,60.4109253
BGR,2022,58.7677262
BGR,2021,59.9558394
BGR,2020,59.7158504
BGR,2019,62.0869905
BGR,2018,62.4588537
BGR,2017,63.3471443
BGR,2016,63.6382374
BGR,2015,61.4525377
BGR,2014,59.7245042
BGR,2013,59.5366066
BFA,2023,47.2564533
BFA,2022,47.0137659
BFA,2021,47.623265
BFA,2020,46.9913642
BFA,2019,47.4892395
BFA,2018,48.1794332
BFA,2017,48.3034391
BFA,2016,48.1551278
BFA,2015,48.2506585
BFA,2014,49.2997245
BFA,2013,50.6912842
BDI,2023,40.9409173
BDI,2022,40.3473772
BDI,2021,39.0907215
BDI,2020,38.8207368
BDI,2019,40.2556522
BDI,2018,39.4725223
BDI,2017,41.3901126
BDI,2016,40.7826274
BDI,2015,41.0247897
BDI,2014,41.3054989
BDI,2013,39.4826444
CPV,2023,56.3875681
CPV,2022,56.3856045
CPV,2021,55.9002501
CPV,2020,54.8975316
CPV,2019,54.0093057
CPV,2018,51.5976394
CPV,2017,52.6682492
CPV,2016,51.9956943
CPV,2015,51.4960983
CPV,2014,51.7768627
CPV,2013,51.9857993
KHM,2023,44.197569
KHM,2022,43.9068717
KHM,2021,44.0035363
KHM,2020,43.8788806
KHM,2019,44.6235266
KHM,2018,45.5449009
KHM,2017,45.336909
KHM,2016,45.916045
KHM,2015,44.8845957
KHM,2014,45.207924
KHM,2013,47.1168211
CMR,2023,43.2015391
CMR,2022,42.9562951
CMR,2021,41.9819588
CMR,2020,43.0934355
CMR,2019,42.6681418
CMR,2018,42.6462258
CMR,2017,42.3892305
CMR,2016,43.608631
CMR,2015,42.8972295
CMR,2014,42.1138993
CMR,2013,40.372602
CAN,2023,79.6626569
CAN,2022,80.6051381
CAN,2021,80.5966057
CAN,2020,79.9847535
CAN,2019,81.400546
CAN,2018,80.7639121
CAN,2017,83.9445913
CAN,2016,82.7862861
CAN,2015,81.0256924
CAN,2014,81.3971141
CAN,2013,82.5136629
CYM,2023,71.8061363
CYM,2022,71.8018496
CYM,2021,71.8420873
CYM,2020,71.8571837
CYM,2019,71.8947196
CYM,2018,71.8726744
CYM,2017,70.1546352
CYM,2016,70.1348594
CYM,2015,70.1161687
CYM,2014,70.0362375
CYM,2013,74.7664509
CAF,2023,33.9129262
CAF,2022,33.2641042
CAF,2021,32.8807719
CAF,2020,33.3324054
CAF,2019,33.2972289
CAF,2018,33.291231
CAF,2017,32.5024124
CAF,2016,32.2659246
CAF,2015,30.9318801
CAF,2014,30.9147381
CAF,2013,32.5289352
TCD,2023,37.7675024
TCD,2022,38.4076691
TCD,2021,37.6904732
TCD,2020,36.7671449
TCD,2019,36.7072687
TCD,2018,37.1356993
TCD,2017,37.64593
TCD,2016,36.8461518
TCD,2015,36.7254531
TCD,2014,36.4737696
TCD,2013,35.5527344
CHL,2023,68.2289179
CHL,2022,67.9183786
CHL,2021,68.6421149
CHL,2020,68.9035577
CHL,2019,71.8526052
CHL,2018,73.4003225
CHL,2017,74.4226276
CHL,2016,74.9892096
CHL,2015,74.1517046
CHL,2014,75.7418312
CHL,2013,78.5432046
CHN,2023,53.5713664
CHN,2022,53.4303195
CHN,2021,54.4733371
CHN,2020,53.8120983
CHN,2019,53.8861719
CHN,2018,53.434562
CHN,2017,53.7455019
CHN,2016,52.5299811
CHN,2015,52.0404678
CHN,2014,52.1953952
CHN,2013,50.7216584
COL,2023,57.01675
COL,2022,57.8029206
COL,2021,58.5939804
COL,2020,57.3994514
COL,2019,58.5270465
COL,2018,56.5795741
COL,2017,57.5180257
COL,2016,59.1675412
COL,2015,59.7437816
COL,2014,58.9045449
COL,2013,58.5861278
COM,2023,34.5985004
COM,2022,35.1591507
COM,2021,33.8788536
COM,2020,34.7145039
COM,2019,35.7221589
COM,2018,35.2889464
COM,2017,35.5806215
COM,2016,35.57313
COM,2015,35.2990354
COM,2014,35.1315271
COM,2013,32.8314184
COD,2023,35.0219567
COD,2022,34.2431387
COD,2021,33.9952104
COD,2020,33.2765131
COD,2019,33.3474892
COD,2018,34.4346669
COD,2017,34.651322
COD,2016,35.8173189
COD,2015,34.9116451
COD,2014,35.6331923
COD,2013,35.1915862
COG,2023,36.1497395
COG,2022,35.6511607
COG,2021,36.5462503
COG,2020,34.0353566
COG,2019,35.6952545
COG,2018,36.3824626
COG,2017,36.1496859
COG,2016,38.0938935
COG,2015,39.3563343
COG,2014,38.4445395
COG,2013,37.7763691
CRI,2023,63.9239446
CRI,2022,64.2055654
CRI,2021,63.7041888
CRI,2020,63.3658161
CRI,2019,65.4136941
CRI,2018,65.1359862
CRI,2017,63.470592
CRI,2016,65.1912997
CRI,2015,64.5883882
CRI,2014,63.1397123
CRI,2013,66.4658166
CIV,2023,51.8839317
CIV,2022,51.4636422
CIV,2021,50.3026275
CIV,2020,49.7970195
CIV,2019,49.8780562
CIV,2018,50.174469
CIV,2017,48.4719694
CIV,2016,47.8671117
CIV,2015,47.8317995
CIV,2014,46.2093004
CIV,2013,43.6630818
HRV,2023,61.8626341
HRV,2022,59.5836638
HRV,2021,60.0957508
HRV,2020,58.045127
HRV,2019,60.9313191
HRV,2018,61.1018571
HRV,2017,59.5254783
HRV,2016,57.707073
HRV,2015,57.1698447
HRV,2014,56.7407549
HRV,2013,58.4331277
CUB,2023,35.4489206
CUB,2022,36.4527605
CUB,2021,36.3616506
CUB,2020,35.534856
CUB,2019,35.5531681
CUB,2018,35.5424136
CUB,2017,36.8821564
CUB,2016,36.872509
CUB,2015,39.3302814
CUB,2014,37.5553342
CUB,2013,33.6209578
CYP,2023,67.0424339
CYP,2022,66.425314
CYP,2021,68.244642
CYP,2020,69.0242564
CYP,2019,71.2579706
CYP,2018,69.7424712
CYP,2017,70.1533498
CYP,2016,70.3276161
CYP,2015,70.5314254
CYP,2014,70.4394307
CYP,2013,67.7996482
CZE,2023,74.222575
CZE,2022,75.8062102
CZE,2021,74.4255721
CZE,2020,72.0527635
CZE,2019,72.550776
CZE,2018,72.9466892
CZE,2017,72.8485894
CZE,2016,69.7011264
CZE,2015,70.4541455
CZE,2014,67.6778439
CZE,2013,69.8125373
DNK,2023,86.2390996
DNK,2022,86.7303352
DNK,2021,86.3661936
DNK,2020,86.029193
DNK,2019,85.3573794
DNK,2018,83.9270834
DNK,2017,83.1152385
DNK,2016,82.6034181
DNK,2015,82.691093
DNK,2014,81.0668511
DNK,2013,83.6564411
DJI,2023,42.4294035
DJI,2022,42.7288318
DJI,2021,42.7397803
DJI,2020,41.7572492
DJI,2019,42.6729378
DJI,2018,43.1939767
DJI,2017,44.1184706
DJI,2016,43.5748581
DJI,2015,43.3592423
DJI,2014,43.5001646
DJI,2013,42.9839755
DMA,2023,57.2884884
DMA,2022,57.1838056
DMA,2021,57.2175833
DMA,2020,57.2947229
DMA,2019,56.738468
DMA,2018,57.3751003
DMA,2017,57.6105361
DMA,2016,58.5491186
DMA,2015,58.5372679
DMA,2014,60.8237754
DMA,2013,63.0767417
DOM,2023,55.6277752
DOM,2022,53.9191641
DOM,2021,54.6996665
DOM,2020,53.3266303
DOM,2019,53.2577644
DOM,2018,52.5809102
DOM,2017,53.1728069
DOM,2016,53.8370029
DOM,2015,53.4453875
DOM,2014,52.511956
DOM,2013,52.1150619
ECU,2023,45.4081438
ECU,2022,47.3185439
ECU,2021,46.1076615
ECU,2020,43.2556587
ECU,2019,43.3247833
ECU,2018,41.8618752
ECU,2017,40.0809175
ECU,2016,41.1927585
ECU,2015,39.619769
ECU,2014,42.8702525
ECU,2013,41.7770249
EGY,2023,45.8231309
EGY,2022,44.3195704
EGY,2021,45.8709072
EGY,2020,44.8386204
EGY,2019,43.7779482
EGY,2018,43.1497473
EGY,2017,43.692598
EGY,2016,42.7646518
EGY,2015,43.2491735
EGY,2014,43.1519585
EGY,2013,43.2135348
SLV,2023,49.8317655
SLV,2022,48.7776873
SLV,2021,50.2997981
SLV,2020,53.6791988
SLV,2019,53.9808099
SLV,2018,54.4818521
SLV,2017,53.864114
SLV,2016,54.6737304
SLV,2015,56.5082463
SLV,2014,57.8661104
SLV,2013,58.5649562
GNQ,2023,34.6874323
GNQ,2022,34.6850902
GNQ,2021,31.2543883
GNQ,2020,31.2626399
GNQ,2019,32.0935604
GNQ,2018,31.2711044
GNQ,2017,32.8248985
GNQ,2016,32.8101033
GNQ,2015,31.0556211
GNQ,2014,30.5892539
GNQ,2013,29.0746029
ERI,2023,22.8726447
ERI,2022,23.4856183
ERI,2021,23.4965669
ERI,2020,23.9974561
ERI,2019,23.8772543
ERI,2018,24.6876056
ERI,2017,24.7467484
ERI,2016,24.512494
ERI,2015,25.1444564
ERI,2014,24.81252
ERI,2013,23.9956913
EST,2023,77.7627432
EST,2022,79.1667514
EST,2021,79.4591062
EST,2020,78.393671
EST,2019,79.2005779
EST,2018,77.4345494
EST,2017,78.8227783
EST,2016,80.2045818
EST,2015,79.6169213
EST,2014,78.8200041
EST,2013,77.9687117
SWZ,2023,45.0553103
SWZ,2022,45.0533389
SWZ,2021,46.6027011
SWZ,2020,46.5960835
SWZ,2019,46.6148767
SWZ,2018,46.9602724
SWZ,2017,48.7626493
SWZ,2016,48.2858855
SWZ,2015,48.7753689
SWZ,2014,48.8603248
SWZ,2013,50.2323343
ETH,2023,41.6562884
ETH,2022,42.5363368
ETH,2021,42.7432106
ETH,2020,41.9953724
ETH,2019,41.8028238
ETH,2018,41.514773
ETH,2017,40.6914544
ETH,2016,39.7007616
ETH,2015,40.6230821
ETH,2014,40.599395
ETH,2013,38.0153866
FJI,2023,53.2894633
FJI,2022,53.285888
FJI,2021,53.7614152
FJI,2020,52.4560226
FJI,2019,57.2713401
FJI,2018,51.7019547
FJI,2017,51.6919083
FJI,2016,51.6674768
FJI,2015,51.0792864
FJI,2014,50.9805337
FJI,2013,43.4745313
FIN,2023,84.3065138
FIN,2022,84.9743909
FIN,2021,86.5791866
FIN,2020,85.9602735
FIN,2019,86.3071107
FIN,2018,84.0796451
FIN,2017,83.7625922
FIN,2016,83.4832283
FIN,2015,84.3348409
FIN,2014,84.4959002
FIN,2013,85.488167
FRA,2023,74.3046227
FRA,2022,74.8750592
FRA,2021,75.1194295
FRA,2020,74.7166668
FRA,2019,77.844343
FRA,2018,74.8593461
FRA,2017,74.3068827
FRA,2016,72.2518067
FRA,2015,72.4278378
FRA,2014,71.142262
FRA,2013,72.9057592
PYF,2023,
PYF,2022,
PYF,2021,
PYF,2020,
PYF,2019,
PYF,2018,
PYF,2017,
PYF,2016,
PYF,2015,
PYF,2014,
PYF,2013,
GAB,2023,43.1843987
GAB,2022,42.8753088
GAB,2021,41.7331977
GAB,2020,40.6752445
GAB,2019,41.0364274
GAB,2018,42.9317816
GAB,2017,45.0495616
GAB,2016,45.2426133
GAB,2015,44.5053892
GAB,2014,44.0198661
GAB,2013,44.4784659
GMB,2023,44.9001432
GMB,2022,44.2398726
GMB,2021,42.9626951
GMB,2020,43.7586077
GMB,2019,43.8739725
GMB,2018,43.6366805
GMB,2017,46.0298579
GMB,2016,44.8179015
GMB,2015,43.9368532
GMB,2014,45.1266902
GMB,2013,44.931686
GEO,2023,67.6143372
GEO,2022,67.0550368
GEO,2021,68.1597933
GEO,2020,67.5779462
GEO,2019,68.7124365
GEO,2018,67.4982579
GEO,2017,69.7125954
GEO,2016,69.7641332
GEO,2015,67.6366159
GEO,2014,67.7874869
GEO,2013,66.3492169
DEU,2023,78.1129713
DEU,2022,79.523299
DEU,2021,80.3006818
DEU,2020,79.5011339
DEU,2019,81.1243821
DEU,2018,81.3517051
DEU,2017,81.5900917
DEU,2016,81.5087584
DEU,2015,80.7471408
DEU,2014,79.4162111
DEU,2013,78.1669695
GHA,2023,52.3487328
GHA,2022,52.305874
GHA,2021,51.8964447
GHA,2020,52.3373789
GHA,2019,51.8104794
GHA,2018,52.2002528
GHA,2017,52.283734
GHA,2016,51.0591652
GHA,2015,52.8728818
GHA,2014,52.6822289
GHA,2013,54.3124513
GRC,2023,62.9784621
GRC,2022,61.5062946
GRC,2021,61.1128813
GRC,2020,61.8347455
GRC,2019,61.4658678
GRC,2018,59.3859975
GRC,2017,57.3356875
GRC,2016,57.2358955
GRC,2015,58.5905075
GRC,2014,57.2868182
GRC,2013,59.1958272
GRL,2023,76.2473747
GRL,2022,76.2406892
GRL,2021,78.6159298
GRL,2020,78.6394734
GRL,2019,78.6980074
GRL,2018,78.6636289
GRL,2017,78.6509502
GRL,2016,78.6201108
GRL,2015,78.5909636
GRL,2014,78.4663173
GRL,2013,78.5099316
GRD,2023,55.7069098
GRD,2022,54.2194599
GRD,2021,54.0859185
GRD,2020,52.9084321
GRD,2019,52.7992497
GRD,2018,52.5309164
GRD,2017,54.0950754
GRD,2016,56.0658973
GRD,2015,56.0540546
GRD,2014,55.841429
GRD,2013,58.4940842
GUM,2023,61.0200207
GUM,2022,61.0106572
GUM,2021,61.0985387
GUM,2020,61.1315136
GUM,2019,53.744319
GUM,2018,53.6961704
GUM,2017,53.6784118
GUM,2016,53.6352186
GUM,2015,57.3289815
GUM,2014,57.1544045
GUM,2013,63.7510173
GTM,2023,48.4234013
GTM,2022,48.8428122
GTM,2021,48.7751371
GTM,2020,48.9157582
GTM,2019,48.1891499
GTM,2018,48.700401
GTM,2017,47.7408016
GTM,2016,49.245045
GTM,2015,48.4801863
GTM,2014,47.4057693
GTM,2013,46.887328
GIN,2023,39.7259233
GIN,2022,39.7137478
GIN,2021,40.4668079
GIN,2020,41.8239907
GIN,2019,42.3596149
GIN,2018,42.2011216
GIN,2017,42.4451339
GIN,2016,41.7927207
GIN,2015,41.2066878
GIN,2014,37.7248044
GIN,2013,37.4637543
GNB,2023,35.1880787
GNB,2022,34.1669754
GNB,2021,34.1790295
GNB,2020,34.4941993
GNB,2019,35.1172824
GNB,2018,35.1106773
GNB,2017,35.4647835
GNB,2016,34.9621972
GNB,2015,34.4338342
GNB,2014,34.788393
GNB,2013,33.1940081
GUY,2023,44.365328
GUY,2022,44.6483572
GUY,2021,45.8203661
GUY,2020,45.5929123
GUY,2019,46.29337
GUY,2018,47.5344956
GUY,2017,49.0149005
GUY,2016,48.7366816
GUY,2015,46.4120673
GUY,2014,45.7338425
GUY,2013,45.7568436
HTI,2023,30.5018739
HTI,2022,32.511749
HTI,2021,32.5292727
HTI,2020,34.2387511
HTI,2019,34.8037071
HTI,2018,35.2778701
HTI,2017,34.3584468
HTI,2016,33.832074
HTI,2015,33.8188986
HTI,2014,34.1265012
HTI,2013,35.9002672
HND,2023,44.1118119
HND,2022,45.092053
HND,2021,45.2897872
HND,2020,46.0942116
HND,2019,46.6755083
HND,2018,47.3012994
HND,2017,47.7656936
HND,2016,45.4794133
HND,2015,46.5023918
HND,2014,45.6458396
HND,2013,47.874201
HKG,2023,82.1612962
HKG,2022,82.0461664
HKG,2021,82.4021463
HKG,2020,84.0679348
HKG,2019,86.9540701
HKG,2018,89.7837169
HKG,2017,89.4302178
HKG,2016,90.056348
HKG,2015,89.1608309
HKG,2014,86.2433831
HKG,2013,85.8972146
HUN,2023,58.6087913
HUN,2022,59.4086263
HUN,2021,61.1759102
HUN,2020,61.7730351
HUN,2019,62.1150399
HUN,2018,61.8347171
HUN,2017,62.9871411
HUN,2016,62.6879447
HUN,2015,63.0707549
HUN,2014,61.726746
HUN,2013,65.8951766
ISL,2023,76.8631966
ISL,2022,77.337869
ISL,2021,80.5668088
ISL,2020,78.0059701
ISL,2019,78.7787271
ISL,2018,77.578298
ISL,2017,77.3623226
ISL,2016,75.110987
ISL,2015,75.3070116
ISL,2014,73.7579506
ISL,2013,72.9570999
IND,2023,52.8571419
IND,2022,53.4803007
IND,2021,52.1829925
IND,2020,52.5183166
IND,2019,53.3152922
IND,2018,52.4093503
IND,2017,51.4588982
IND,2016,50.8635602
IND,2015,49.6531841
IND,2014,48.8554278
IND,2013,48.9919988
IDN,2023,60.2378198
IDN,2022,59.296523
IDN,2021,60.2592563
IDN,2020,58.407906
IDN,2019,56.6131467
IDN,2018,56.0213415
IDN,2017,56.443186
IDN,2016,55.4045544
IDN,2015,52.6644356
IDN,2014,54.9072168
IDN,2013,54.0968292
IRN,2023,31.7039605
IRN,2022,32.8202522
IRN,2021,32.8834183
IRN,2020,32.8938543
IRN,2019,33.404801
IRN,2018,34.4704144
IRN,2017,37.7844457
IRN,2016,38.2101857
IRN,2015,37.6597221
IRN,2014,34.32944
IRN,2013,33.1834523
IRQ,2023,34.6591746
IRQ,2022,35.5993847
IRQ,2021,36.5329992
IRQ,2020,35.1307953
IRQ,2019,36.5610771
IRQ,2018,36.5493163
IRQ,2017,37.9988565
IRQ,2016,39.570425
IRQ,2015,38.8083168
IRQ,2014,37.974619
IRQ,2013,38.8627661
IRL,2023,83.2088955
IRL,2022,82.7232745
IRL,2021,80.4298103
IRL,2020,77.9790467
IRL,2019,79.8331901
IRL,2018,80.8634503
IRL,2017,80.0638929
IRL,2016,81.7674145
IRL,2015,82.0573547
IRL,2014,80.9737193
IRL,2013,79.742353
ISR,2023,71.4874085
ISR,2022,72.5639326
ISR,2021,73.3996144
ISR,2020,73.032022
ISR,2019,74.4454315
ISR,2018,73.2135495
ISR,2017,74.0285377
ISR,2016,74.4365979
ISR,2015,72.2093705
ISR,2014,71.2524995
ISR,2013,71.9683501
ITA,2023,65.8357262
ITA,2022,64.3443586
ITA,2021,63.9087126
ITA,2020,62.3028255
ITA,2019,65.9203005
ITA,2018,63.6990094
ITA,2017,64.8883338
ITA,2016,64.8578067
ITA,2015,64.1201032
ITA,2014,60.8298032
ITA,2013,62.5605715
JAM,2023,57.2057484
JAM,2022,57.55474
JAM,2021,57.7302175
JAM,2020,56.416455
JAM,2019,57.0000228
JAM,2018,57.1862171
JAM,2017,56.8258306
JAM,2016,57.1420697
JAM,2015,56.8719005
JAM,2014,55.7324643
JAM,2013,55.5214632
JPN,2023,76.9093801
JPN,2022,77.1114908
JPN,2021,76.8730443
JPN,2020,76.425199
JPN,2019,76.7638524
JPN,2018,76.3835577
JPN,2017,76.9203885
JPN,2016,78.9740104
JPN,2015,77.1186037
JPN,2014,75.3576946
JPN,2013,76.3028916
JOR,2023,59.8167875
JOR,2022,58.2017136
JOR,2021,57.8870075
JOR,2020,57.9074299
JOR,2019,57.3816928
JOR,2018,56.2049697
JOR,2017,56.9697969
JOR,2016,56.7208624
JOR,2015,57.5169737
JOR,2014,56.5123405
JOR,2013,56.4334598
KAZ,2023,54.9494054
KAZ,2022,53.8525157
KAZ,2021,55.0715534
KAZ,2020,55.7125355
KAZ,2019,56.6406253
KAZ,2018,55.7345603
KAZ,2017,56.1767073
KAZ,2016,52.7280623
KAZ,2015,53.7365784
KAZ,2014,52.5249358
KAZ,2013,49.5435144
KEN,2023,48.5754393
KEN,2022,48.6976063
KEN,2021,48.1628795
KEN,2020,47.605713
KEN,2019,49.4435078
KEN,2018,50.1415335
KEN,2017,51.7319567
KEN,2016,51.2815533
KEN,2015,50.2964925
KEN,2014,49.7209476
KEN,2013,46.8802939
KIR,2023,45.4038713
KIR,2022,46.444886
KIR,2021,46.1870422
KIR,2020,46.1996341
KIR,2019,46.8991928
KIR,2018,44.1811604
KIR,2017,44.1752493
KIR,2016,44.1608704
KIR,2015,44.401331
KIR,2014,44.3432133
KIR,2013,36.244961
PRK,2023,25.2994453
PRK,2022,24.1521296
PRK,2021,24.1717587
PRK,2020,24.179124
PRK,2019,22.9077551
PRK,2018,22.8970005
PRK,2017,21.6837477
PRK,2016,21.6741003
PRK,2015,21.6649829
PRK,2014,22.3494121
PRK,2013,16.5889969
KOR,2023,70.6287777
KOR,2022,70.9067427
KOR,2021,70.4449476
KOR,2020,69.1882871
KOR,2019,69.246572
KOR,2018,69.9547702
KOR,2017,69.9923819
KOR,2016,70.2540535
KOR,2015,70.5731613
KOR,2014,70.5357957
KOR,2013,70.9195396
XKX,2023,48.7121618
XKX,2022,47.4717238
XKX,2021,48.9650155
XKX,2020,48.712709
XKX,2019,48.9468074
XKX,2018,49.1326089
XKX,2017,51.5487086
XKX,2016,50.8514541
XKX,2015,49.6345265
XKX,2014,51.4976722
XKX,2013,52.0510393
KWT,2023,59.9489567
KWT,2022,58.7492469
KWT,2021,57.4519876
KWT,2020,57.0016031
KWT,2019,56.5339237
KWT,2018,55.1557034
KWT,2017,54.3801596
KWT,2016,54.0923611
KWT,2015,54.4608698
KWT,2014,53.8367206
KWT,2013,56.7460541
KGZ,2023,46.4365303
KGZ,2022,46.5666966
KGZ,2021,46.7840457
KGZ,2020,47.2196823
KGZ,2019,48.2200351
KGZ,2018,49.3391089
KGZ,2017,50.2306373
KGZ,2016,48.7018205
KGZ,2015,46.035769
KGZ,2014,46.3233025
KGZ,2013,47.9693121
LAO,2023,42.7186671
LAO,2022,41.9482001
LAO,2021,43.1593285
LAO,2020,42.6288804
LAO,2019,43.4969157
LAO,2018,42.3607158
LAO,2017,44.0489139
LAO,2016,44.3694664
LAO,2015,43.8329116
LAO,2014,43.1023069
LAO,2013,42.1066886
LVA,2023,70.594866
LVA,2022,69.9885637
LVA,2021,72.2555429
LVA,2020,70.3285876
LVA,2019,70.6816435
LVA,2018,70.9122043
LVA,2017,70.5790204
LVA,2016,70.4109065
LVA,2015,70.727338
LVA,2014,70.9172906
LVA,2013,69.841656
LBN,2023,40.4704085
LBN,2022,39.9852449
LBN,2021,41.902832
LBN,2020,43.5775187
LBN,2019,46.0123721
LBN,2018,47.442952
LBN,2017,49.2262754
LBN,2016,48.306893
LBN,2015,49.1455683
LBN,2014,47.8945903
LBN,2013,50.3070136
LSO,2023,45.9612585
LSO,2022,45.7363817
LSO,2021,44.5698376
LSO,2020,43.6446308
LSO,2019,46.1748162
LSO,2018,46.7109104
LSO,2017,48.2880273
LSO,2016,47.8989132
LSO,2015,48.0087233
LSO,2014,47.8737546
LSO,2013,48.6655525
LBR,2023,40.5889165
LBR,2022,39.6123296
LBR,2021,39.9473682
LBR,2020,39.7193435
LBR,2019,40.113916
LBR,2018,41.2373742
LBR,2017,41.2966227
LBR,2016,41.2178445
LBR,2015,42.4035793
LBR,2014,41.8272159
LBR,2013,38.2649236
LBY,2023,26.1306575
LBY,2022,24.8486681
LBY,2021,24.8684407
LBY,2020,23.4844244
LBY,2019,22.6625726
LBY,2018,22.3305226
LBY,2017,23.6671553
LBY,2016,21.6812779
LBY,2015,22.9864024
LBY,2014,24.1701832
LBY,2013,30.0227807
LIE,2023,79.0790197
LIE,2022,79.0753718
LIE,2021,79.498795
LIE,2020,80.9665559
LIE,2019,80.9984931
LIE,2018,80.9797361
LIE,2017,80.9728188
LIE,2016,79.5010755
LIE,2015,79.4851732
LIE,2014,79.4171605
LIE,2013,82.7145151
LTU,2023,73.9915679
LTU,2022,73.5563003
LTU,2021,73.3293086
LTU,2020,68.9997445
LTU,2019,70.2497084
LTU,2018,71.6369926
LTU,2017,71.8329698
LTU,2016,71.8786754
LTU,2015,73.6232894
LTU,2014,70.7978978
LTU,2013,70.8791332
LUX,2023,83.8412822
LUX,2022,84.3104046
LUX,2021,84.1266802
LUX,2020,83.2642169
LUX,2019,82.2048932
LUX,2018,82.2170892
LUX,2017,80.7165679
LUX,2016,81.9918812
LUX,2015,81.2300601
LUX,2014,79.8651414
LUX,2013,82.855264
MAC,2023,77.4280642
MAC,2022,77.4244163
MAC,2021,77.4586529
MAC,2020,77.4714987
MAC,2019,78.9583526
MAC,2018,78.939594
MAC,2017,80.3875887
MAC,2016,80.3707621
MAC,2015,81.8097749
MAC,2014,81.7417638
MAC,2013,77.4008159
MDG,2023,41.4563036
MDG,2022,41.7518806
MDG,2021,41.157451
MDG,2020,41.1240676
MDG,2019,41.4643155
MDG,2018,40.8233981
MDG,2017,42.3403233
MDG,2016,42.2488365
MDG,2015,41.0146834
MDG,2014,40.7715701
MDG,2013,41.0577378
MWI,2023,43.7205008
MWI,2022,44.2995044
MWI,2021,43.9038089
MWI,2020,43.2955825
MWI,2019,44.4046146
MWI,2018,44.2673055
MWI,2017,44.0624962
MWI,2016,43.1684601
MWI,2015,43.0381235
MWI,2014,43.4664169
MWI,2013,42.8198786
MYS,2023,64.1428062
MYS,2022,65.2051438
MYS,2021,66.3694753
MYS,2020,64.9178769
MYS,2019,66.7821061
MYS,2018,66.6588099
MYS,2017,66.9472518
MYS,2016,66.36164
MYS,2015,66.8868094
MYS,2014,68.7857468
MYS,2013,68.1848005
MDV,2023,49.3090154
MDV,2022,49.30544
MDV,2021,50.7650566
MDV,2020,49.3515888
MDV,2019,51.3022107
MDV,2018,51.283826
MDV,2017,51.2770443
MDV,2016,51.2605521
MDV,2015,50.0148811
MDV,2014,50.7148893
MDV,2013,50.5161852
MLI,2023,43.1271705
MLI,2022,43.6526916
MLI,2021,44.300427
MLI,2020,43.35893
MLI,2019,44.5173834
MLI,2018,45.1636568
MLI,2017,45.9465801
MLI,2016,46.0076297
MLI,2015,46.8026875
MLI,2014,44.6400283
MLI,2013,44.914675
MLT,2023,63.200202
MLT,2022,63.7587752
MLT,2021,66.2346186
MLT,2020,72.0560912
MLT,2019,67.9086729
MLT,2018,74.5172246
MLT,2017,74.6820596
MLT,2016,71.6693303
MLT,2015,70.5022862
MLT,2014,68.6348396
MLT,2013,73.9212873
MHL,2023,40.3962797
MHL,2022,40.3920908
MHL,2021,40.772682
MHL,2020,40.7874298
MHL,2019,42.2893233
MHL,2018,42.267789
MHL,2017,42.396181
MHL,2016,42.3768641
MHL,2015,42.0173199
MHL,2014,37.6806744
MHL,2013,37.7139174
MRT,2023,41.2773469
MRT,2022,39.5934434
MRT,2021,39.5660863
MRT,2020,41.0897774
MRT,2019,42.853978
MRT,2018,42.8482419
MRT,2017,43.7032974
MRT,2016,44.0638415
MRT,2015,41.9011855
MRT,2014,41.7288433
MRT,2013,41.6326423
MUS,2023,69.7560661
MUS,2022,69.0073274
MUS,2021,69.6623397
MUS,2020,70.5906282
MUS,2019,70.0043067
MUS,2018,71.2777086
MUS,2017,71.6858871
MUS,2016,71.6273546
MUS,2015,70.832035
MUS,2014,72.7993746
MUS,2013,70.0292161
MEX,2023,52.086238
MEX,2022,52.3971353
MEX,2021,51.8459998
MEX,2020,52.9751437
MEX,2019,54.2041143
MEX,2018,54.8126908
MEX,2017,57.4505902
MEX,2016,57.4026104
MEX,2015,57.7420193
MEX,2014,58.1486191
MEX,2013,59.3770062
FSM,2023,42.8168158
FSM,2022,42.8132404
FSM,2021,42.8467988
FSM,2020,41.433331
FSM,2019,41.4646357
FSM,2018,42.6973078
FSM,2017,44.1165859
FSM,2016,42.674034
FSM,2015,42.5683796
FSM,2014,42.1202505
FSM,2013,42.8566039
MDA,2023,54.002893
MDA,2022,54.1757478
MDA,2021,53.5023002
MDA,2020,52.4677786
MDA,2019,53.0763189
MDA,2018,51.9299653
MDA,2017,52.9342436
MDA,2016,51.2102318
MDA,2015,51.7200335
MDA,2014,52.71254
MDA,2013,51.2556188
MCO,2023,75.9583728
MCO,2022,75.9490094
MCO,2021,76.0368909
MCO,2020,76.0698658
MCO,2019,76.1518456
MCO,2018,76.103697
MCO,2017,76.0859384
MCO,2016,76.0427468
MCO,2015,76.0019256
MCO,2014,
MCO,2013,
MNG,2023,54.215834
MNG,2022,51.7932697
MNG,2021,52.8374907
MNG,2020,52.7452878
MNG,2019,53.8159244
MNG,2018,55.278976
MNG,2017,54.2972082
MNG,2016,54.4257295
MNG,2015,50.0615109
MNG,2014,49.980102
MNG,2013,47.4393861
MNE,2023,57.9733103
MNE,2022,58.9512661
MNE,2021,58.3479115
MNE,2020,58.7502941
MNE,2019,59.50513
MNE,2018,59.477049
MNE,2017,60.2614201
MNE,2016,59.130461
MNE,2015,58.9818375
MNE,2014,58.4871369
MNE,2013,55.8367276
MAR,2023,54.1161129
MAR,2022,53.5824427
MAR,2021,53.6781453
MAR,2020,55.88522
MAR,2019,55.2917619
MAR,2018,53.0365229
MAR,2017,54.9333658
MAR,2016,55.0823048
MAR,2015,55.7858174
MAR,2014,55.6529669
MAR,2013,55.1742285
MOZ,2023,43.002182
MOZ,2022,42.4629934
MOZ,2021,41.9511351
MOZ,2020,42.63799
MOZ,2019,43.4251747
MOZ,2018,43.3276142
MOZ,2017,44.1039167
MOZ,2016,43.9067676
MOZ,2015,44.7627773
MOZ,2014,45.7141157
MOZ,2013,46.0035354
MMR,2023,32.07131
MMR,2022,34.9853355
MMR,2021,36.9317165
MMR,2020,43.3709289
MMR,2019,41.4523781
MMR,2018,41.9833546
MMR,2017,41.5672335
MMR,2016,40.9491673
MMR,2015,37.3547328
MMR,2014,33.8613821
MMR,2013,31.8617284
NAM,2023,56.2293949
NAM,2022,56.1534208
NAM,2021,57.2165928
NAM,2020,56.0742657
NAM,2019,56.7701954
NAM,2018,55.8603153
NAM,2017,56.3726184
NAM,2016,57.1900858
NAM,2015,58.7083673
NAM,2014,57.6707214
NAM,2013,58.3605365
NRU,2023,45.8988179
NRU,2022,49.1830964
NRU,2021,49.2605751
NRU,2020,49.2896465
NRU,2019,49.3619238
NRU,2018,49.319475
NRU,2017,46.0112839
NRU,2016,45.9732038
NRU,2015,45.9372134
NRU,2014,40.1558302
NRU,2013,40.3299876
NPL,2023,45.2850005
NPL,2022,45.4525577
NPL,2021,44.8080633
NPL,2020,44.3913571
NPL,2019,45.8191549
NPL,2018,45.5328342
NPL,2017,44.5023864
NPL,2016,44.6377745
NPL,2015,43.8333911
NPL,2014,43.5580615
NPL,2013,42.0297777
NLD,2023,81.9596634
NLD,2022,82.0427251
NLD,2021,83.6353658
NLD,2020,82.6951793
NLD,2019,84.2436994
NLD,2018,85.4072786
NLD,2017,85.9075606
NLD,2016,85.7251642
NLD,2015,83.0257199
NLD,2014,81.094418
NLD,2013,82.6172748
NCL,2023,
NCL,2022,
NCL,2021,
NCL,2020,
NCL,2019,
NCL,2018,
NCL,2017,
NCL,2016,
NCL,2015,
NCL,2014,
NCL,2013,
NZL,2023,84.4623276
NZL,2022,84.205121
NZL,2021,84.0948346
NZL,2020,85.3488391
NZL,2019,85.9457228
NZL,2018,85.9425905
NZL,2017,87.6607559
NZL,2016,87.3392224
NZL,2015,86.6090293
NZL,2014,86.5998945
NZL,2013,85.2465867
NIC,2023,38.8923501
NIC,2022,39.0651008
NIC,2021,40.8782085
NIC,2020,44.1213299
NIC,2019,44.584658
NIC,2018,46.1258522
NIC,2017,47.0200035
NIC,2016,48.5726273
NIC,2015,50.0120344
NIC,2014,48.5194508
NIC,2013,48.9722719
NER,2023,43.3796331
NER,2022,44.2324538
NER,2021,43.9100702
NER,2020,43.0387654
NER,2019,44.6864988
NER,2018,44.3917814
NER,2017,44.7740033
NER,2016,44.5521278
NER,2015,43.5327989
NER,2014,43.0827551
NER,2013,43.4410975
NGA,2023,41.8131115
NGA,2022,39.1494195
NGA,2021,41.0997371
NGA,2020,40.86723
NGA,2019,41.2266686
NGA,2018,41.7722226
NGA,2017,42.5913838
NGA,2016,42.0092749
NGA,2015,43.1887847
NGA,2014,42.3399905
NGA,2013,43.1766928
MKD,2023,58.0409902
MKD,2022,58.3733697
MKD,2021,58.3934483
MKD,2020,59.6470523
MKD,2019,57.903711
MKD,2018,61.1530795
MKD,2017,60.2667493
MKD,2016,59.1857383
MKD,2015,59.1290211
MKD,2014,59.2820953
MKD,2013,57.1554486
NOR,2023,80.6505724
NOR,2022,79.6713091
NOR,2021,80.8736149
NOR,2020,81.6357342
NOR,2019,82.72406
NOR,2018,83.5176715
NOR,2017,83.8456288
NOR,2016,83.3326302
NOR,2015,82.9577214
NOR,2014,82.7090093
NOR,2013,85.0546533
OMN,2023,62.2782221
OMN,2022,62.2431133
OMN,2021,61.571981
OMN,2020,62.3059751
OMN,2019,62.764843
OMN,2018,63.1898654
OMN,2017,66.0290239
OMN,2016,65.8723617
OMN,2015,65.1066008
OMN,2014,67.105488
OMN,2013,67.7610066
PAK,2023,41.8989333
PAK,2022,42.7921461
PAK,2021,44.5428148
PAK,2020,43.8130901
PAK,2019,45.0803111
PAK,2018,44.4173043
PAK,2017,44.3870689
PAK,2016,44.4594518
PAK,2015,44.043468
PAK,2014,43.0580475
PAK,2013,42.1529336
PLW,2023,61.0873379
PLW,2022,61.0790815
PLW,2021,61.1565618
PLW,2020,61.1856333
PLW,2019,61.257909
PLW,2018,57.9229317
PLW,2017,61.1998039
PLW,2016,61.1617238
PLW,2015,61.125735
PLW,2014,46.6830944
PLW,2013,46.8572535
PAN,2023,55.2263121
PAN,2022,55.484077
PAN,2021,58.1970926
PAN,2020,59.1166389
PAN,2019,59.8941526
PAN,2018,59.8100405
PAN,2017,60.2394521
PAN,2016,61.4623018
PAN,2015,61.5070485
PAN,2014,60.9488065
PAN,2013,61.4955511
PNG,2023,43.6505893
PNG,2022,43.082039
PNG,2021,43.0106418
PNG,2020,45.6029066
PNG,2019,46.8509796
PNG,2018,47.4962436
PNG,2017,46.6177944
PNG,2016,47.6208946
PNG,2015,48.6681658
PNG,2014,50.7814021
PNG,2013,47.5236417
PRY,2023,51.7540935
PRY,2022,51.665723
PRY,2021,51.9292524
PRY,2020,52.1358502
PRY,2019,52.3287693
PRY,2018,52.9432586
PRY,2017,52.3707166
PRY,2016,52.413271
PRY,2015,51.9341873
PRY,2014,50.2136326
PRY,2013,48.0608084
PER,2023,56.9019498
PER,2022,55.992677
PER,2021,56.2007209
PER,2020,58.4128361
PER,2019,60.3036245
PER,2018,59.559748
PER,2017,59.1346609
PER,2016,59.9439998
PER,2015,59.8718518
PER,2014,58.9693623
PER,2013,58.5461772
PHL,2023,55.8622915
PHL,2022,54.9385089
PHL,2021,55.0969912
PHL,2020,55.0858329
PHL,2019,55.7876579
PHL,2018,54.7822362
PHL,2017,57.0205367
PHL,2016,56.8522856
PHL,2015,56.2476709
PHL,2014,55.8035335
PHL,2013,55.3616356
POL,2023,66.3020619
POL,2022,65.6980685
POL,2021,65.4865691
POL,2020,65.6740881
POL,2019,67.9175001
POL,2018,66.8854215
POL,2017,66.2486473
POL,2016,67.6559059
POL,2015,67.6749278
POL,2014,68.5171406
POL,2013,69.0928873
PRT,2023,67.1715892
PRT,2022,67.6155815
PRT,2021,66.7000979
PRT,2020,67.530389
PRT,2019,70.6329587
PRT,2018,69.6061698
PRT,2017,69.4430444
PRT,2016,68.1083627
PRT,2015,68.2696066
PRT,2014,64.2949546
PRT,2013,66.4369612
PRI,2023,64.6482849
PRI,2022,67.1261186
PRI,2021,67.1682662
PRI,2020,67.1812003
PRI,2019,67.2133551
PRI,2018,68.6592632
PRI,2017,70.1170881
PRI,2016,70.9844973
PRI,2015,70.9684862
PRI,2014,69.5505503
PRI,2013,70.7682049
QAT,2023,69.7069997
QAT,2022,68.8041552
QAT,2021,68.1491839
QAT,2020,68.1661792
QAT,2019,67.311917
QAT,2018,65.5413763
QAT,2017,63.708272
QAT,2016,66.935551
QAT,2015,66.9662264
QAT,2014,65.9261217
QAT,2013,69.7748783
ROU,2023,60.301724
ROU,2022,61.0724244
ROU,2021,59.8243483
ROU,2020,59.6370643
ROU,2019,60.4963512
ROU,2018,60.9392095
ROU,2017,61.4735595
ROU,2016,61.9207644
ROU,2015,62.0032978
ROU,2014,60.9773922
ROU,2013,61.0062002
RUS,2023,40.8431771
RUS,2022,40.795601
RUS,2021,48.9957382
RUS,2020,47.8440917
RUS,2019,49.2760437
RUS,2018,49.2220487
RUS,2017,48.6086729
RUS,2016,48.1709261
RUS,2015,46.732052
RUS,2014,47.7630882
RUS,2013,48.4637966
RWA,2023,58.4144685
RWA,2022,57.3046415
RWA,2021,57.4184528
RWA,2020,56.77857
RWA,2019,56.5891947
RWA,2018,56.7957183
RWA,2017,57.6085268
RWA,2016,57.2971611
RWA,2015,57.5611337
RWA,2014,56.7437483
RWA,2013,53.7275209
WSM,2023,52.1857005
WSM,2022,51.7863571
WSM,2021,52.201382
WSM,2020,53.6400336
WSM,2019,54.9223968
WSM,2018,56.155069
WSM,2017,56.1482888
WSM,2016,56.1317951
WSM,2015,55.5958144
WSM,2014,54.2944293
WSM,2013,54.9363971
SMR,2023,68.4891968
SMR,2022,68.4798333
SMR,2021,68.5677148
SMR,2020,68.6006897
SMR,2019,68.6826695
SMR,2018,68.634521
SMR,2017,68.6167623
SMR,2016,68.5735707
SMR,2015,68.5327496
SMR,2014,
SMR,2013,
STP,2023,40.9661815
STP,2022,41.9543257
STP,2021,41.8956308
STP,2020,41.7600912
STP,2019,41.398585
STP,2018,41.7971603
STP,2017,42.7356198
STP,2016,43.3392141
STP,2015,43.0185275
STP,2014,42.3016329
STP,2013,41.4135316
SAU,2023,64.4850665
SAU,2022,63.6030924
SAU,2021,60.9762692
SAU,2020,57.5945518
SAU,2019,57.6909104
SAU,2018,56.1327398
SAU,2017,56.4465642
SAU,2016,57.8279089
SAU,2015,58.6054982
SAU,2014,57.9327825
SAU,2013,59.1553247
SEN,2023,50.6656509
SEN,2022,50.899161
SEN,2021,51.0670241
SEN,2020,51.0489422
SEN,2019,51.6037477
SEN,2018,51.3527707
SEN,2017,51.9114907
SEN,2016,52.2751323
SEN,2015,52.3890682
SEN,2014,50.6713145
SEN,2013,51.2493039
SRB,2023,56.2043515
SRB,2022,56.2704953
SRB,2021,55.7399573
SRB,2020,55.8925158
SRB,2019,55.8765472
SRB,2018,56.2769537
SRB,2017,55.1398973
SRB,2016,54.7222701
SRB,2015,56.0846496
SRB,2014,54.8908413
SRB,2013,50.9473049
SYC,2023,61.6153209
SYC,2022,60.0165231
SYC,2021,59.157897
SYC,2020,59.166882
SYC,2019,59.1892222
SYC,2018,58.8493418
SYC,2017,56.9076654
SYC,2016,58.8420191
SYC,2015,59.3315025
SYC,2014,53.4671095
SYC,2013,56.7425859
SLE,2023,39.1025137
SLE,2022,39.0056536
SLE,2021,40.4559666
SLE,2020,40.5946053
SLE,2019,40.8066709
SLE,2018,40.3917044
SLE,2017,40.3730515
SLE,2016,40.4544273
SLE,2015,40.2811609
SLE,2014,40.8361682
SLE,2013,40.1520655
SGP,2023,88.4485778
SGP,2022,87.1812874
SGP,2021,88.5386295
SGP,2020,88.3329386
SGP,2019,89.2601751
SGP,2018,88.5630657
SGP,2017,88.7548541
SGP,2016,89.5352634
SGP,2015,90.0384427
SGP,2014,88.9478347
SGP,2013,87.7924378
SVK,2023,63.3366469
SVK,2022,66.3156805
SVK,2021,66.552818
SVK,2020,64.477053
SVK,2019,66.3324661
SVK,2018,65.6685855
SVK,2017,66.5592118
SVK,2016,68.0983558
SVK,2015,66.026849
SVK,2014,66.3341836
SVK,2013,68.302602
SVN,2023,67.4059809
SVN,2022,66.4897497
SVN,2021,67.9447815
SVN,2020,67.8206368
SVN,2019,68.8169159
SVN,2018,65.1364703
SVN,2017,64.4348235
SVN,2016,65.0040219
SVN,2015,63.9180477
SVN,2014,63.3789979
SVN,2013,64.6034515
SLB,2023,38.1538659
SLB,2022,38.1507479
SLB,2021,38.1800039
SLB,2020,40.4902631
SLB,2019,43.0236864
SLB,2018,40.4843725
SLB,2017,40.4784598
SLB,2016,40.464081
SLB,2015,40.4504923
SLB,2014,39.3016752
SLB,2013,38.3305642
SOM,2023,28.0555751
SOM,2022,26.6518083
SOM,2021,26.6632126
SOM,2020,25.3921244
SOM,2019,23.7353761
SOM,2018,23.6696629
SOM,2017,21.9264273
SOM,2016,21.9091576
SOM,2015,22.7373922
SOM,2014,22.0434292
SOM,2013,19.8878545
ZAF,2023,53.8835444
ZAF,2022,53.8802608
ZAF,2021,55.1425627
ZAF,2020,56.2807483
ZAF,2019,56.7364366
ZAF,2018,55.9437729
ZAF,2017,58.4851513
ZAF,2016,58.9811893
ZAF,2015,59.510035
ZAF,2014,61.1976038
ZAF,2013,64.7152677
SSD,2023,23.2975773
SSD,2022,24.3495563
SSD,2021,24.3631591
SSD,2020,24.0730391
SSD,2019,25.2004591
SSD,2018,25.1220594
SSD,2017,26.5572334
SSD,2016,27.1286746
SSD,2015,28.4674316
SSD,2014,28.544087
SSD,2013,30.0941906
ESP,2023,65.819898
ESP,2022,68.0777898
ESP,2021,69.3909435
ESP,2020,68.0649345
ESP,2019,69.7613795
ESP,2018,68.7999285
ESP,2017,68.8481133
ESP,2016,70.0438804
ESP,2015,67.5496507
ESP,2014,65.8536441
ESP,2013,68.6496773
LKA,2023,48.8697814
LKA,2022,47.6567352
LKA,2021,52.2929256
LKA,2020,53.092032
LKA,2019,51.9292761
LKA,2018,51.869403
LKA,2017,53.0174742
LKA,2016,54.1602129
LKA,2015,55.3461181
LKA,2014,54.7627017
LKA,2013,53.6578916
KNA,2023,62.6831675
KNA,2022,63.2881529
KNA,2021,62.5899363
KNA,2020,62.3601136
KNA,2019,62.401941
KNA,2018,62.5007726
KNA,2017,62.5606173
KNA,2016,63.6918334
KNA,2015,63.6710041
KNA,2014,57.1544045
KNA,2013,74.9547853
LCA,2023,58.2468924
LCA,2022,58.0212097
LCA,2021,58.0111523
LCA,2020,59.3500292
LCA,2019,60.3250058
LCA,2018,59.5005216
LCA,2017,59.4324648
LCA,2016,59.9376502
LCA,2015,59.9269903
LCA,2014,61.5571401
LCA,2013,63.855943
VCT,2023,56.3732224
VCT,2022,56.2294076
VCT,2021,57.0909466
VCT,2020,57.5739764
VCT,2019,58.548953
VCT,2018,58.6370237
VCT,2017,57.9161657
VCT,2016,58.886116
VCT,2015,58.2942083
VCT,2014,61.7403567
VCT,2013,63.5912417
SDN,2023,29.5639854
SDN,2022,30.4201038
SDN,2021,31.387641
SDN,2020,31.1921338
SDN,2019,30.7397038
SDN,2018,31.1206277
SDN,2017,32.3639503
SDN,2016,32.5946168
SDN,2015,31.8408659
SDN,2014,32.2862556
SDN,2013,31.5652004
SUR,2023,43.3391857
SUR,2022,43.533242
SUR,2021,44.9491339
SUR,2020,43.8917138
SUR,2019,45.3650405
SUR,2018,43.430537
SUR,2017,44.337012
SUR,2016,44.7438468
SUR,2015,45.1233261
SUR,2014,44.6337954
SUR,2013,49.3147184
SWE,2023,81.237255
SWE,2022,80.476847
SWE,2021,81.3707932
SWE,2020,81.9153993
SWE,2019,82.901326
SWE,2018,82.6107707
SWE,2017,82.3920542
SWE,2016,83.3458545
SWE,2015,83.0277119
SWE,2014,82.0803778
SWE,2013,85.9518547
CHE,2023,83.3372875
CHE,2022,82.6520571
CHE,2021,82.6188425
CHE,2020,80.7781016
CHE,2019,82.7328005
CHE,2018,83.3279776
CHE,2017,84.9467689
CHE,2016,85.1322833
CHE,2015,83.1926194
CHE,2014,85.0513129
CHE,2013,83.2053643
SYR,2023,25.0233571
SYR,2022,25.0212658
SYR,2021,27.1837909
SYR,2020,28.8698836
SYR,2019,29.6814099
SYR,2018,30.4497683
SYR,2017,29.0097903
SYR,2016,29.0585255
SYR,2015,30.4195487
SYR,2014,29.04585
SYR,2013,30.7936736
TJK,2023,41.5803096
TJK,2022,41.5786457
TJK,2021,41.5942531
TJK,2020,42.116377
TJK,2019,42.2317402
TJK,2018,42.7259298
TJK,2017,42.3924274
TJK,2016,39.8043593
TJK,2015,40.3201967
TJK,2014,40.0204435
TJK,2013,39.6899313
TZA,2023,45.5476846
TZA,2022,45.2244399
TZA,2021,44.2117333
TZA,2020,43.4386482
TZA,2019,43.9393435
TZA,2018,44.6664643
TZA,2017,46.1058383
TZA,2016,48.3436152
TZA,2015,48.0023958
TZA,2014,48.1954553
TZA,2013,47.995969
THA,2023,56.7392613
THA,2022,56.6541981
THA,2021,56.490505
THA,2020,56.2170223
THA,2019,56.2924522
THA,2018,57.1515751
THA,2017,58.1795579
THA,2016,57.5485891
THA,2015,58.1254903
THA,2014,57.3820397
THA,2013,56.9411828
TLS,2023,42.141605
TLS,2022,41.9587669
TLS,2021,41.2115233
TLS,2020,41.2182798
TLS,2019,42.5777668
TLS,2018,40.0786842
TLS,2017,40.0268389
TLS,2016,39.9167039
TLS,2015,39.6883447
TLS,2014,40.4701782
TLS,2013,38.850272
TGO,2023,48.4869254
TGO,2022,48.225645
TGO,2021,47.2652648
TGO,2020,47.134974
TGO,2019,45.0661579
TGO,2018,44.0957976
TGO,2017,42.6030799
TGO,2016,42.4801023
TGO,2015,42.2395219
TGO,2014,41.7751939
TGO,2013,38.794878
TON,2023,51.1968655
TON,2022,50.4243387
TON,2021,50.199544
TON,2020,49.119823
TON,2019,51.0744619
TON,2018,50.9058655
TON,2017,50.6166854
TON,2016,50.602305
TON,2015,50.5887164
TON,2014,50.3291393
TON,2013,48.4628188
TTO,2023,52.2587568
TTO,2022,53.6275127
TTO,2021,53.9983792
TTO,2020,52.8339153
TTO,2019,53.1878954
TTO,2018,53.8432531
TTO,2017,55.0494198
TTO,2016,55.0893121
TTO,2015,55.5877189
TTO,2014,56.9807028
TTO,2013,61.2572513
TUN,2023,48.0108446
TUN,2022,49.6003388
TUN,2021,51.716865
TUN,2020,53.1344129
TUN,2019,52.5974008
TUN,2018,53.0175341
TUN,2017,52.9646462
TUN,2016,48.1504689
TUN,2015,48.9272508
TUN,2014,49.288899
TUN,2013,51.2056376
TUR,2023,51.536951
TUR,2022,51.2488229
TUR,2021,52.9207969
TUR,2020,52.2583184
TUR,2019,54.6143904
TUR,2018,55.6793272
TUR,2017,57.1293832
TUR,2016,57.2964845
TUR,2015,58.28807
TUR,2014,60.6809005
TUR,2013,62.415875
TKM,2023,27.8527468
TKM,2022,27.8501776
TKM,2021,27.8742937
TKM,2020,27.8833418
TKM,2019,27.9058381
TKM,2018,27.1248957
TKM,2017,26.6576879
TKM,2016,26.6476778
TKM,2015,27.5038151
TKM,2014,27.463352
TKM,2013,26.4798367
TUV,2023,44.3506069
TUV,2022,45.8116493
TUV,2021,45.5096644
TUV,2020,44.0591811
TUV,2019,45.5610745
TUV,2018,45.5395418
TUV,2017,43.8614106
TUV,2016,45.5122825
TUV,2015,45.1527398
TUV,2014,43.6094353
TUV,2013,37.7910854
UGA,2023,46.9737995
UGA,2022,47.3505614
UGA,2021,47.3094895
UGA,2020,47.0537212
UGA,2019,47.3621676
UGA,2018,48.5369397
UGA,2017,48.9575241
UGA,2016,48.6487906
UGA,2015,48.8132455
UGA,2014,48.4304905
UGA,2013,47.9448538
UKR,2023,48.8967489
UKR,2022,48.3605632
UKR,2021,49.2080862
UKR,2020,49.3485891
UKR,2019,50.2883481
UKR,2018,49.3337166
UKR,2017,49.051864
UKR,2016,46.6191492
UKR,2015,45.1324735
UKR,2014,45.0381399
UKR,2013,44.354217
ARE,2023,72.2957632
ARE,2022,71.5429018
ARE,2021,71.6015479
ARE,2020,71.6801826
ARE,2019,72.9323813
ARE,2018,71.8838453
ARE,2017,72.3908602
ARE,2016,71.8671512
ARE,2015,73.453947
ARE,2014,71.8020294
ARE,2013,70.4823132
GBR,2023,79.9233664
GBR,2022,80.87291
GBR,2021,80.1090196
GBR,2020,80.1185755
GBR,2019,81.8869902
GBR,2018,81.2780651
GBR,2017,81.191969
GBR,2016,81.3749994
GBR,2015,83.4678559
GBR,2014,82.2011964
GBR,2013,82.1110185
USA,2023,77.4267473
USA,2022,77.8706056
USA,2021,77.9559668
USA,2020,75.016521
USA,2019,76.431118
USA,2018,78.2710025
USA,2017,78.6622599
USA,2016,77.0634574
USA,2015,75.2385873
USA,2014,75.1394056
USA,2013,76.7987356
URY,2023,66.496186
URY,2022,66.2993098
URY,2021,66.4260852
URY,2020,65.8941262
URY,2019,64.784121
URY,2018,64.324045
URY,2017,65.8584055
URY,2016,66.4653403
URY,2015,65.1744243
URY,2014,66.2395803
URY,2013,66.7973918
UZB,2023,44.2694583
UZB,2022,44.6389401
UZB,2021,43.9189069
UZB,2020,38.7365553
UZB,2019,40.3286218
UZB,2018,36.762057
UZB,2017,34.4747878
UZB,2016,32.7790462
UZB,2015,32.2316691
UZB,2014,31.7293446
UZB,2013,32.0383951
VUT,2023,48.396276
VUT,2022,48.2723457
VUT,2021,48.0475525
VUT,2020,48.2081513
VUT,2019,49.0720908
VUT,2018,47.8127934
VUT,2017,49.4185574
VUT,2016,49.4041786
VUT,2015,50.3012854
VUT,2014,50.7327
VUT,2013,48.6820478
VEN,2023,25.0876114
VEN,2022,24.5068919
VEN,2021,21.9676223
VEN,2020,20.6598576
VEN,2019,20.5965354
VEN,2018,21.0136831
VEN,2017,25.9940928
VEN,2016,27.0326865
VEN,2015,28.0652872
VEN,2014,27.9606359
VEN,2013,30.9833738
VNM,2023,50.4557586
VNM,2022,49.3869152
VNM,2021,49.4260646
VNM,2020,51.1430534
VNM,2019,50.4776383
VNM,2018,50.2564141
VNM,2017,50.5475593
VNM,2016,49.9461067
VNM,2015,49.6745086
VNM,2014,47.180894
VNM,2013,45.3957033
VIR,2023,72.2237825
VIR,2022,72.2144174
VIR,2021,72.3022989
VIR,2020,72.3352738
VIR,2019,72.4172536
VIR,2018,68.634521
VIR,2017,68.6167623
VIR,2016,68.5735707
VIR,2015,64.7981576
VIR,2014,64.6235806
VIR,2013,69.3529044
PSE,2023,49.1756539
PSE,2022,52.4179504
PSE,2021,52.458188
PSE,2020,52.473286
PSE,2019,52.5108204
PSE,2018,52.4887751
PSE,2017,54.1905493
PSE,2016,52.4608692
PSE,2015,52.6691734
PSE,2014,52.5892422
PSE,2013,49.1973963
YEM,2023,30.5670477
YEM,2022,29.9601461
YEM,2021,29.5177167
YEM,2020,29.4938562
YEM,2019,30.3385577
YEM,2018,31.3976401
YEM,2017,34.5262831
YEM,2016,34.2563457
YEM,2015,36.9353534
YEM,2014,39.8876592
YEM,2013,41.1965673
ZMB,2023,47.5213202
ZMB,2022,47.6502058
ZMB,2021,46.7843516
ZMB,2020,45.1981836
ZMB,2019,46.8385501
ZMB,2018,47.9651579
ZMB,2017,47.7215573
ZMB,2016,47.7012942
ZMB,2015,48.8337847
ZMB,2014,47.8940398
ZMB,2013,46.563771
ZWE,2023,35.4999018
ZWE,2022,33.8746285
ZWE,2021,33.960138
ZWE,2020,33.8834226
ZWE,2019,34.3588205
ZWE,2018,33.299183
ZWE,2017,32.9007984
ZWE,2016,31.634642
ZWE,2015,32.6662616
ZWE,2014,27.931443
ZWE,2013,28.2564321
