country_name,iso3,year,unemployment_pct_of_labor_force
Africa Eastern and Southern,AFE,2023,7.67654773372157
Africa Eastern and Southern,AFE,2022,7.86947018999245
Africa Eastern and Southern,AFE,2021,8.40741154700022
Africa Eastern and Southern,AFE,2020,7.97430164130982
Africa Eastern and Southern,AFE,2019,7.45910636823544
Africa Eastern and Southern,AFE,2018,7.24484282680541
Africa Eastern and Southern,AFE,2017,7.21491501896869
Africa Eastern and Southern,AFE,2016,7.07442880999326
Africa Eastern and Southern,AFE,2015,6.9309412585873
Africa Eastern and Southern,AFE,2014,6.86242857576034
Africa Eastern and Southern,AFE,2013,6.88972223038428
Africa Western and Central,AFW,2023,3.20335496340002
Africa Western and Central,AFW,2022,3.59653801462938
Africa Western and Central,AFW,2021,4.67076109003218
Africa Western and Central,AFW,2020,4.7993062016358
Africa Western and Central,AFW,2019,4.39390284484525
Africa Western and Central,AFW,2018,4.33609979249296
Africa Western and Central,AFW,2017,4.28464574730964
Africa Western and Central,AFW,2016,4.16910166908106
Africa Western and Central,AFW,2015,4.1727731083969
Africa Western and Central,AFW,2014,3.89018286622866
Africa Western and Central,AFW,2013,3.71010995935874
Arab World,ARB,2023,9.31338863204988
Arab World,ARB,2022,9.74413095599936
Arab World,ARB,2021,10.8627489086684
Arab World,ARB,2020,11.2951503646669
Arab World,ARB,2019,10.2137182910936
Arab World,ARB,2018,10.6546406452031
Arab World,ARB,2017,11.1152019032057
Arab World,ARB,2016,10.8617161429412
Arab World,ARB,2015,11.1524464292006
Arab World,ARB,2014,11.0319261608507
Arab World,ARB,2013,11.0350018909533
Caribbean small states,CSS,2023,7.51281290895946
Caribbean small states,CSS,2022,8.29867755889038
Caribbean small states,CSS,2021,9.71327125079923
Caribbean small states,CSS,2020,9.95181592662355
Caribbean small states,CSS,2019,8.21142514691839
Caribbean small states,CSS,2018,8.59708625490841
Caribbean small states,CSS,2017,8.24674002522057
Caribbean small states,CSS,2016,8.52897625860849
Caribbean small states,CSS,2015,8.22453564269079
Caribbean small states,CSS,2014,8.61294822432626
Caribbean small states,CSS,2013,8.87950796126762
Central Europe and the Baltics,CEB,2023,4.01230416616797
Central Europe and the Baltics,CEB,2022,3.96540582731722
Central Europe and the Baltics,CEB,2021,4.44508031221282
Central Europe and the Baltics,CEB,2020,4.3496421220328
Central Europe and the Baltics,CEB,2019,3.76072643211224
Central Europe and the Baltics,CEB,2018,4.29483445753775
Central Europe and the Baltics,CEB,2017,5.27719000843769
Central Europe and the Baltics,CEB,2016,6.47626986745334
Central Europe and the Baltics,CEB,2015,7.81260796234007
Central Europe and the Baltics,CEB,2014,8.87370489824698
Central Europe and the Baltics,CEB,2013,10.076189699493
Early-demographic dividend,EAR,2023,5.11313521249178
Early-demographic dividend,EAR,2022,5.64296814018676
Early-demographic dividend,EAR,2021,6.74359581980053
Early-demographic dividend,EAR,2020,7.36417086549936
Early-demographic dividend,EAR,2019,6.30970549335686
Early-demographic dividend,EAR,2018,6.77526130131479
Early-demographic dividend,EAR,2017,6.71806478492721
Early-demographic dividend,EAR,2016,6.7341480328496
Early-demographic dividend,EAR,2015,6.79324404164611
Early-demographic dividend,EAR,2014,6.61419058154874
Early-demographic dividend,EAR,2013,6.67711092742994
East Asia & Pacific,EAS,2023,3.86187012642211
East Asia & Pacific,EAS,2022,4.10032254258298
East Asia & Pacific,EAS,2021,4.06219092494546
East Asia & Pacific,EAS,2020,4.29658340250273
East Asia & Pacific,EAS,2019,3.82442011949597
East Asia & Pacific,EAS,2018,3.75442452697159
East Asia & Pacific,EAS,2017,3.87456480348735
East Asia & Pacific,EAS,2016,4.00393781457677
East Asia & Pacific,EAS,2015,4.08987694775025
East Asia & Pacific,EAS,2014,4.02541580416077
East Asia & Pacific,EAS,2013,4.05303743028521
East Asia & Pacific (excluding high income),EAP,2023,3.97712381690091
East Asia & Pacific (excluding high income),EAP,2022,4.23491194246921
East Asia & Pacific (excluding high income),EAP,2021,4.13328662810016
East Asia & Pacific (excluding high income),EAP,2020,4.36943697408605
East Asia & Pacific (excluding high income),EAP,2019,3.90432643103478
East Asia & Pacific (excluding high income),EAP,2018,3.81235265554938
East Asia & Pacific (excluding high income),EAP,2017,3.9216662036523
East Asia & Pacific (excluding high income),EAP,2016,4.04312471702124
East Asia & Pacific (excluding high income),EAP,2015,4.12458341898818
East Asia & Pacific (excluding high income),EAP,2014,4.05030843985024
East Asia & Pacific (excluding high income),EAP,2013,4.05506180796151
East Asia & Pacific (IDA & IBRD countries),TEA,2023,3.98514803684521
East Asia & Pacific (IDA & IBRD countries),TEA,2022,4.24711639501186
East Asia & Pacific (IDA & IBRD countries),TEA,2021,4.14006542894987
East Asia & Pacific (IDA & IBRD countries),TEA,2020,4.38103635885362
East Asia & Pacific (IDA & IBRD countries),TEA,2019,3.91155753249547
East Asia & Pacific (IDA & IBRD countries),TEA,2018,3.81860609641702
East Asia & Pacific (IDA & IBRD countries),TEA,2017,3.92821339454137
East Asia & Pacific (IDA & IBRD countries),TEA,2016,4.0503221911626
East Asia & Pacific (IDA & IBRD countries),TEA,2015,4.13377205147225
East Asia & Pacific (IDA & IBRD countries),TEA,2014,4.05853741844698
East Asia & Pacific (IDA & IBRD countries),TEA,2013,4.06245777272466
Euro area,EMU,2023,6.52267389015226
Euro area,EMU,2022,6.72976967374639
Euro area,EMU,2021,7.69446992680361
Euro area,EMU,2020,7.78262585986041
Euro area,EMU,2019,7.44468187207381
Euro area,EMU,2018,8.089323082041
Euro area,EMU,2017,9.01311660134066
Euro area,EMU,2016,9.98608545604403
Euro area,EMU,2015,10.8477448563899
Euro area,EMU,2014,11.6207304139349
Euro area,EMU,2013,12.0184063277941
Europe & Central Asia,ECS,2023,5.55238526456095
Europe & Central Asia,ECS,2022,5.8460641099346
Europe & Central Asia,ECS,2021,6.90011121093882
Europe & Central Asia,ECS,2020,7.09507940679226
Europe & Central Asia,ECS,2019,6.62369460842729
Europe & Central Asia,ECS,2018,6.87656497801786
Europe & Central Asia,ECS,2017,7.48554226672131
Europe & Central Asia,ECS,2016,8.07810956714781
Europe & Central Asia,ECS,2015,8.55823248897774
Europe & Central Asia,ECS,2014,8.94532051297809
Europe & Central Asia,ECS,2013,9.26791651199215
Europe & Central Asia (excluding high income),ECA,2023,7.17961712726961
Europe & Central Asia (excluding high income),ECA,2022,7.71538545377934
Europe & Central Asia (excluding high income),ECA,2021,8.95407922243149
Europe & Central Asia (excluding high income),ECA,2020,9.26814225066227
Europe & Central Asia (excluding high income),ECA,2019,9.11807057814077
Europe & Central Asia (excluding high income),ECA,2018,8.61159005290134
Europe & Central Asia (excluding high income),ECA,2017,8.94336027365094
Europe & Central Asia (excluding high income),ECA,2016,9.03756351375215
Europe & Central Asia (excluding high income),ECA,2015,8.9610543144391
Europe & Central Asia (excluding high income),ECA,2014,8.96073635337147
Europe & Central Asia (excluding high income),ECA,2013,8.56358395138192
Europe & Central Asia (IDA & IBRD countries),TEC,2023,5.0769631792025
Europe & Central Asia (IDA & IBRD countries),TEC,2022,5.62584537984402
Europe & Central Asia (IDA & IBRD countries),TEC,2021,6.78803635122713
Europe & Central Asia (IDA & IBRD countries),TEC,2020,7.20291679357834
Europe & Central Asia (IDA & IBRD countries),TEC,2019,6.70220366105967
Europe & Central Asia (IDA & IBRD countries),TEC,2018,6.64992815855912
Europe & Central Asia (IDA & IBRD countries),TEC,2017,7.09014958895511
Europe & Central Asia (IDA & IBRD countries),TEC,2016,7.43861188713932
Europe & Central Asia (IDA & IBRD countries),TEC,2015,7.60801134268431
Europe & Central Asia (IDA & IBRD countries),TEC,2014,7.62801272694854
Europe & Central Asia (IDA & IBRD countries),TEC,2013,7.69053724382223
European Union,EUU,2023,6.02643653344515
European Union,EUU,2022,6.16137258045926
European Union,EUU,2021,7.02659354012655
European Union,EUU,2020,7.05471356704802
European Union,EUU,2019,6.67705052747452
European Union,EUU,2018,7.24247265095853
European Union,EUU,2017,8.13208945121752
European Union,EUU,2016,9.1056944627421
European Union,EUU,2015,10.0165353301996
European Union,EUU,2014,10.8255885011473
European Union,EUU,2013,11.3511730368596
Heavily indebted poor countries (HIPC),HPC,2023,4.19910039388827
Heavily indebted poor countries (HIPC),HPC,2022,4.43373072825994
Heavily indebted poor countries (HIPC),HPC,2021,4.93715177073133
Heavily indebted poor countries (HIPC),HPC,2020,5.02089641432522
Heavily indebted poor countries (HIPC),HPC,2019,4.32898652284681
Heavily indebted poor countries (HIPC),HPC,2018,4.33410256985773
Heavily indebted poor countries (HIPC),HPC,2017,4.36920088303381
Heavily indebted poor countries (HIPC),HPC,2016,4.36188759881032
Heavily indebted poor countries (HIPC),HPC,2015,4.42098675547524
Heavily indebted poor countries (HIPC),HPC,2014,4.29007836108981
Heavily indebted poor countries (HIPC),HPC,2013,4.27857896799128
High income,,2023,4.33657934041449
High income,,2022,4.50967974234969
High income,,2021,5.56341269080663
High income,,2020,6.46030036409899
High income,,2019,4.76095962548232
High income,,2018,5.0794494069113
High income,,2017,5.57808653810898
High income,,2016,6.11023166310052
High income,,2015,6.55114180038431
High income,,2014,7.03903527191047
High income,,2013,7.63564838816418
IBRD only,IBD,2023,5.11483631019168
IBRD only,IBD,2022,5.56994264084484
IBRD only,IBD,2021,6.31312953704222
IBRD only,IBD,2020,6.95128407575739
IBRD only,IBD,2019,6.06655916125813
IBRD only,IBD,2018,6.28190637378299
IBRD only,IBD,2017,6.39131744182123
IBRD only,IBD,2016,6.41617806380602
IBRD only,IBD,2015,6.30417535482962
IBRD only,IBD,2014,6.16790791106399
IBRD only,IBD,2013,6.18706162531591
IDA & IBRD total,IBT,2023,4.95229978677743
IDA & IBRD total,IBT,2022,5.38688118322023
IDA & IBRD total,IBT,2021,6.14426628538333
IDA & IBRD total,IBT,2020,6.61408029513375
IDA & IBRD total,IBT,2019,5.76754375212112
IDA & IBRD total,IBT,2018,5.91052378397874
IDA & IBRD total,IBT,2017,5.97437329582885
IDA & IBRD total,IBT,2016,5.9532852798488
IDA & IBRD total,IBT,2015,5.89281637093057
IDA & IBRD total,IBT,2014,5.72458407935885
IDA & IBRD total,IBT,2013,5.76329271095437
IDA blend,IDB,2023,4.36958257524396
IDA blend,IDB,2022,4.7445653467311
IDA blend,IDB,2021,5.813781237265
IDA blend,IDB,2020,5.79415278844651
IDA blend,IDB,2019,5.0804070213856
IDA blend,IDB,2018,4.76275439835545
IDA blend,IDB,2017,4.34851254345894
IDA blend,IDB,2016,3.73137542358032
IDA blend,IDB,2015,4.00215322009935
IDA blend,IDB,2014,3.3801313878636
IDA blend,IDB,2013,3.70433029886193
IDA only,IDX,2023,4.47548995238531
IDA only,IDX,2022,4.84575036237372
IDA only,IDX,2021,5.4758211874645
IDA only,IDX,2020,5.36883540058505
IDA only,IDX,2019,4.58715903592676
IDA only,IDX,2018,4.57603095021492
IDA only,IDX,2017,4.63010594547981
IDA only,IDX,2016,4.65649793185176
IDA only,IDX,2015,4.66516707695412
IDA only,IDX,2014,4.53885193995517
IDA only,IDX,2013,4.51023719758888
IDA total,IDA,2023,4.4365457830767
IDA total,IDA,2022,4.80930057278539
IDA total,IDA,2021,5.59743166548829
IDA total,IDA,2020,5.52030439819486
IDA total,IDA,2019,4.76341458315545
IDA total,IDA,2018,4.64268643897519
IDA total,IDA,2017,4.52920643847786
IDA total,IDA,2016,4.32363603508757
IDA total,IDA,2015,4.42667989026364
IDA total,IDA,2014,4.1251730610122
IDA total,IDA,2013,4.22340373585698
Late-demographic dividend,LTE,2023,4.795456897897
Late-demographic dividend,LTE,2022,5.19342173354142
Late-demographic dividend,LTE,2021,5.50538471355182
Late-demographic dividend,LTE,2020,5.93153762506637
Late-demographic dividend,LTE,2019,5.19591640696366
Late-demographic dividend,LTE,2018,5.05006029808032
Late-demographic dividend,LTE,2017,5.27038544833334
Late-demographic dividend,LTE,2016,5.2806539060794
Late-demographic dividend,LTE,2015,5.11139944235291
Late-demographic dividend,LTE,2014,4.93887259586478
Late-demographic dividend,LTE,2013,5.01097351607565
Latin America & Caribbean,LCN,2023,6.19254754786298
Latin America & Caribbean,LCN,2022,6.93153207639263
Latin America & Caribbean,LCN,2021,9.14468412313157
Latin America & Caribbean,LCN,2020,10.214072797585
Latin America & Caribbean,LCN,2019,8.00061467672947
Latin America & Caribbean,LCN,2018,7.93331984460849
Latin America & Caribbean,LCN,2017,8.02820612705932
Latin America & Caribbean,LCN,2016,7.73682468877475
Latin America & Caribbean,LCN,2015,6.67695891386519
Latin America & Caribbean,LCN,2014,6.18310613899892
Latin America & Caribbean,LCN,2013,6.37856594564285
Latin America & Caribbean (excluding high income),LAC,2023,6.06496995571875
Latin America & Caribbean (excluding high income),LAC,2022,6.83824311969363
Latin America & Caribbean (excluding high income),LAC,2021,9.08714668261223
Latin America & Caribbean (excluding high income),LAC,2020,10.1125058323335
Latin America & Caribbean (excluding high income),LAC,2019,8.0031866353429
Latin America & Caribbean (excluding high income),LAC,2018,7.9491088470884
Latin America & Caribbean (excluding high income),LAC,2017,8.06804526490034
Latin America & Caribbean (excluding high income),LAC,2016,7.76472151764398
Latin America & Caribbean (excluding high income),LAC,2015,6.6503628849075
Latin America & Caribbean (excluding high income),LAC,2014,6.11295170625168
Latin America & Caribbean (excluding high income),LAC,2013,6.33724541486795
Latin America & the Caribbean (IDA & IBRD countries),TLA,2023,6.26268991297245
Latin America & the Caribbean (IDA & IBRD countries),TLA,2022,7.01556949606688
Latin America & the Caribbean (IDA & IBRD countries),TLA,2021,9.26330031941499
Latin America & the Caribbean (IDA & IBRD countries),TLA,2020,10.355452107179
Latin America & the Caribbean (IDA & IBRD countries),TLA,2019,8.10633851896146
Latin America & the Caribbean (IDA & IBRD countries),TLA,2018,8.03589728630349
Latin America & the Caribbean (IDA & IBRD countries),TLA,2017,8.12865999426483
Latin America & the Caribbean (IDA & IBRD countries),TLA,2016,7.82039688517988
Latin America & the Caribbean (IDA & IBRD countries),TLA,2015,6.72924741273479
Latin America & the Caribbean (IDA & IBRD countries),TLA,2014,6.20935559864304
Latin America & the Caribbean (IDA & IBRD countries),TLA,2013,6.39401761164224
Least developed countries: UN classification,LDC,2023,4.70150733081641
Least developed countries: UN classification,LDC,2022,5.05335918611166
Least developed countries: UN classification,LDC,2021,5.73711716533604
Least developed countries: UN classification,LDC,2020,5.60086950090988
Least developed countries: UN classification,LDC,2019,4.87497607678154
Least developed countries: UN classification,LDC,2018,4.87754288880162
Least developed countries: UN classification,LDC,2017,4.95341590091408
Least developed countries: UN classification,LDC,2016,4.89297336347609
Least developed countries: UN classification,LDC,2015,4.8279816293117
Least developed countries: UN classification,LDC,2014,4.74956834449145
Least developed countries: UN classification,LDC,2013,4.78988464462384
Low & middle income,LMY,2023,4.97693562706687
Low & middle income,LMY,2022,5.41429545248604
Low & middle income,LMY,2021,6.16482463440876
Low & middle income,LMY,2020,6.61993043653694
Low & middle income,LMY,2019,5.79766416170734
Low & middle income,LMY,2018,5.93231543498439
Low & middle income,LMY,2017,5.97968341182999
Low & middle income,LMY,2016,5.93516153167366
Low & middle income,LMY,2015,5.85653298559457
Low & middle income,LMY,2014,5.67803935391165
Low & middle income,LMY,2013,5.7005501665021
Low income,,2023,5.07474818178355
Low income,,2022,5.26019458558182
Low income,,2021,5.83298884904326
Low income,,2020,5.80412040229029
Low income,,2019,5.12297180265082
Low income,,2018,5.08766017796121
Low income,,2017,5.14359043444685
Low income,,2016,5.04961130545723
Low income,,2015,4.94520983003529
Low income,,2014,4.82574056731072
Low income,,2013,4.83743364823059
Lower middle income,,2023,4.44638060849243
Lower middle income,,2022,4.99827575124402
Lower middle income,,2021,6.2565962013459
Lower middle income,,2020,7.01028456505462
Lower middle income,,2019,5.93973395532034
Lower middle income,,2018,6.50468294481071
Lower middle income,,2017,6.47118842422572
Lower middle income,,2016,6.39025580143606
Lower middle income,,2015,6.50959624268599
Lower middle income,,2014,6.37232192580877
Lower middle income,,2013,6.45704652862978
"Middle East, North Africa, Afghanistan & Pakistan",MEA,2023,7.79272191834479
"Middle East, North Africa, Afghanistan & Pakistan",MEA,2022,8.23898776216766
"Middle East, North Africa, Afghanistan & Pakistan",MEA,2021,9.00366611562493
"Middle East, North Africa, Afghanistan & Pakistan",MEA,2020,9.14819309323363
"Middle East, North Africa, Afghanistan & Pakistan",MEA,2019,8.33082967841649
"Middle East, North Africa, Afghanistan & Pakistan",MEA,2018,8.53535637968998
"Middle East, North Africa, Afghanistan & Pakistan",MEA,2017,8.5198428948238
"Middle East, North Africa, Afghanistan & Pakistan",MEA,2016,8.0751146709309
"Middle East, North Africa, Afghanistan & Pakistan",MEA,2015,8.36498933286657
"Middle East, North Africa, Afghanistan & Pakistan",MEA,2014,7.64519859427481
"Middle East, North Africa, Afghanistan & Pakistan",MEA,2013,7.92975020058705
"Middle East, North Africa, Afghanistan & Pakistan (excluding high income)",MNA,2023,8.59209919735259
"Middle East, North Africa, Afghanistan & Pakistan (excluding high income)",MNA,2022,8.9382675467404
"Middle East, North Africa, Afghanistan & Pakistan (excluding high income)",MNA,2021,9.6948074926195
"Middle East, North Africa, Afghanistan & Pakistan (excluding high income)",MNA,2020,9.77596723068346
"Middle East, North Africa, Afghanistan & Pakistan (excluding high income)",MNA,2019,9.06488013658605
"Middle East, North Africa, Afghanistan & Pakistan (excluding high income)",MNA,2018,9.28194998275843
"Middle East, North Africa, Afghanistan & Pakistan (excluding high income)",MNA,2017,9.25338345180518
"Middle East, North Africa, Afghanistan & Pakistan (excluding high income)",MNA,2016,8.75542082657381
"Middle East, North Africa, Afghanistan & Pakistan (excluding high income)",MNA,2015,9.05052035727651
"Middle East, North Africa, Afghanistan & Pakistan (excluding high income)",MNA,2014,8.14794947550081
"Middle East, North Africa, Afghanistan & Pakistan (excluding high income)",MNA,2013,8.46109583177143
"Middle East, North Africa, Afghanistan & Pakistan (IDA & IBRD)",TMN,2023,8.59209919735259
"Middle East, North Africa, Afghanistan & Pakistan (IDA & IBRD)",TMN,2022,8.83598059809406
"Middle East, North Africa, Afghanistan & Pakistan (IDA & IBRD)",TMN,2021,9.58930430798614
"Middle East, North Africa, Afghanistan & Pakistan (IDA & IBRD)",TMN,2020,9.67954007701653
"Middle East, North Africa, Afghanistan & Pakistan (IDA & IBRD)",TMN,2019,8.96317446023269
"Middle East, North Africa, Afghanistan & Pakistan (IDA & IBRD)",TMN,2018,9.1788143786994
"Middle East, North Africa, Afghanistan & Pakistan (IDA & IBRD)",TMN,2017,9.15400226751887
"Middle East, North Africa, Afghanistan & Pakistan (IDA & IBRD)",TMN,2016,8.66507565229991
"Middle East, North Africa, Afghanistan & Pakistan (IDA & IBRD)",TMN,2015,8.96791885955849
"Middle East, North Africa, Afghanistan & Pakistan (IDA & IBRD)",TMN,2014,8.07837404021819
"Middle East, North Africa, Afghanistan & Pakistan (IDA & IBRD)",TMN,2013,8.39834200288349
Middle income,MIC,2023,4.96756774789441
Middle income,MIC,2022,5.42949094564465
Middle income,MIC,2021,6.19670261206739
Middle income,MIC,2020,6.69849633442843
Middle income,MIC,2019,5.86054208956752
Middle income,MIC,2018,6.00981501156322
Middle income,MIC,2017,6.05518297615024
Middle income,MIC,2016,6.01421235038408
Middle income,MIC,2015,5.93705456165038
Middle income,MIC,2014,5.75311900107613
Middle income,MIC,2013,5.77644112078398
North America,NAC,2023,3.8406106523085
North America,NAC,2022,3.83310095020415
North America,NAC,2021,5.59210953628448
North America,NAC,2020,8.2305997250471
North America,NAC,2019,3.890566885067
North America,NAC,2018,4.10721129091519
North America,NAC,2017,4.57971738602629
North America,NAC,2016,5.10340701910414
North America,NAC,2015,5.4606408215288
North America,NAC,2014,6.26083245211775
North America,NAC,2013,7.34976348971497
Not classified,,2023,
Not classified,,2022,
Not classified,,2021,
Not classified,,2020,
Not classified,,2019,
Not classified,,2018,
Not classified,,2017,
Not classified,,2016,
Not classified,,2015,
Not classified,,2014,
Not classified,,2013,
OECD members,OED,2023,4.82631374195204
OECD members,OED,2022,4.99493064713263
OECD members,OED,2021,6.19605024177905
OECD members,OED,2020,7.15007422562512
OECD members,OED,2019,5.38695191058807
OECD members,OED,2018,5.47444010714932
OECD members,OED,2017,5.9177915757262
OECD members,OED,2016,6.43777999780825
OECD members,OED,2015,6.86087280016011
OECD members,OED,2014,7.41355981597454
OECD members,OED,2013,8.00520155093803
Other small states,OSS,2023,8.44487902544127
Other small states,OSS,2022,9.01147513544492
Other small states,OSS,2021,9.49668399234599
Other small states,OSS,2020,9.99575648409841
Other small states,OSS,2019,8.37803693303246
Other small states,OSS,2018,8.78845724438525
Other small states,OSS,2017,9.26010688179757
Other small states,OSS,2016,9.69565767751643
Other small states,OSS,2015,9.99952511697503
Other small states,OSS,2014,10.4617084896957
Other small states,OSS,2013,10.7696689681663
Pacific island small states,PSS,2023,3.52057525691559
Pacific island small states,PSS,2022,3.60681620269367
Pacific island small states,PSS,2021,3.35468526106548
Pacific island small states,PSS,2020,3.30655660526839
Pacific island small states,PSS,2019,3.32798136589447
Pacific island small states,PSS,2018,3.35231302156857
Pacific island small states,PSS,2017,3.40034043733734
Pacific island small states,PSS,2016,3.36311039358415
Pacific island small states,PSS,2015,3.37020462675283
Pacific island small states,PSS,2014,3.39737128470569
Pacific island small states,PSS,2013,3.42532155080918
Post-demographic dividend,PST,2023,4.46960383607434
Post-demographic dividend,PST,2022,4.52602226819937
Post-demographic dividend,PST,2021,5.80602995350964
Post-demographic dividend,PST,2020,6.72548575920498
Post-demographic dividend,PST,2019,4.93863793927205
Post-demographic dividend,PST,2018,5.29340998979908
Post-demographic dividend,PST,2017,5.85021474599449
Post-demographic dividend,PST,2016,6.41054588620563
Post-demographic dividend,PST,2015,6.88380194224391
Post-demographic dividend,PST,2014,7.46206202944811
Post-demographic dividend,PST,2013,8.01055138462552
Pre-demographic dividend,PRE,2023,4.65198898265421
Pre-demographic dividend,PRE,2022,4.97495099823102
Pre-demographic dividend,PRE,2021,5.76848661848567
Pre-demographic dividend,PRE,2020,5.89078404749377
Pre-demographic dividend,PRE,2019,5.38924122021237
Pre-demographic dividend,PRE,2018,5.32927480343501
Pre-demographic dividend,PRE,2017,5.2669199218143
Pre-demographic dividend,PRE,2016,5.00843089695962
Pre-demographic dividend,PRE,2015,4.92874848701502
Pre-demographic dividend,PRE,2014,4.85956498950861
Pre-demographic dividend,PRE,2013,4.86973350643787
Small states,SST,2023,7.66141080204045
Small states,SST,2022,8.21647080688741
Small states,SST,2021,8.82676059647368
Small states,SST,2020,9.20499420465331
Small states,SST,2019,7.75168865751208
Small states,SST,2018,8.10689854999494
Small states,SST,2017,8.32778127632623
Small states,SST,2016,8.66740053405155
Small states,SST,2015,8.78391504425952
Small states,SST,2014,9.17019543151895
Small states,SST,2013,9.42789036106017
South Asia,SAS,2023,4.16220090187648
South Asia,SAS,2022,4.86631704704624
South Asia,SAS,2021,6.33048938390488
South Asia,SAS,2020,7.62561175204578
South Asia,SAS,2019,6.30644937347767
South Asia,SAS,2018,7.28140399591901
South Asia,SAS,2017,7.24969569674111
South Asia,SAS,2016,7.25080318686175
South Asia,SAS,2015,7.27349261228767
South Asia,SAS,2014,7.29419854752289
South Asia,SAS,2013,7.31372620028363
South Asia (IDA & IBRD),TSA,2023,4.16220090187648
South Asia (IDA & IBRD),TSA,2022,4.86631704704624
South Asia (IDA & IBRD),TSA,2021,6.33048938390488
South Asia (IDA & IBRD),TSA,2020,7.62561175204578
South Asia (IDA & IBRD),TSA,2019,6.30644937347767
South Asia (IDA & IBRD),TSA,2018,7.28140399591901
South Asia (IDA & IBRD),TSA,2017,7.24969569674111
South Asia (IDA & IBRD),TSA,2016,7.25080318686175
South Asia (IDA & IBRD),TSA,2015,7.27349261228767
South Asia (IDA & IBRD),TSA,2014,7.29419854752289
South Asia (IDA & IBRD),TSA,2013,7.31372620028363
Sub-Saharan Africa,SSF,2023,5.76152900751665
Sub-Saharan Africa,SSF,2022,6.08211610820712
Sub-Saharan Africa,SSF,2021,6.84750929089377
Sub-Saharan Africa,SSF,2020,6.65249326111529
Sub-Saharan Africa,SSF,2019,6.18089551293782
Sub-Saharan Africa,SSF,2018,6.03233771776817
Sub-Saharan Africa,SSF,2017,5.99391143462101
Sub-Saharan Africa,SSF,2016,5.86589334716284
Sub-Saharan Africa,SSF,2015,5.78723856454759
Sub-Saharan Africa,SSF,2014,5.62977664752398
Sub-Saharan Africa,SSF,2013,5.57489984928367
Sub-Saharan Africa (excluding high income),SSA,2023,5.76152900751665
Sub-Saharan Africa (excluding high income),SSA,2022,6.08211610820711
Sub-Saharan Africa (excluding high income),SSA,2021,6.84750929089377
Sub-Saharan Africa (excluding high income),SSA,2020,6.65249326111529
Sub-Saharan Africa (excluding high income),SSA,2019,6.18089551293782
Sub-Saharan Africa (excluding high income),SSA,2018,6.03233771776817
Sub-Saharan Africa (excluding high income),SSA,2017,5.99391143462101
Sub-Saharan Africa (excluding high income),SSA,2016,5.86589334716284
Sub-Saharan Africa (excluding high income),SSA,2015,5.78723856454759
Sub-Saharan Africa (excluding high income),SSA,2014,5.62977664752398
Sub-Saharan Africa (excluding high income),SSA,2013,5.57489984928367
Sub-Saharan Africa (IDA & IBRD countries),TSS,2023,5.76152900751665
Sub-Saharan Africa (IDA & IBRD countries),TSS,2022,6.08211610820711
Sub-Saharan Africa (IDA & IBRD countries),TSS,2021,6.84750929089377
Sub-Saharan Africa (IDA & IBRD countries),TSS,2020,6.65249326111529
Sub-Saharan Africa (IDA & IBRD countries),TSS,2019,6.18089551293782
Sub-Saharan Africa (IDA & IBRD countries),TSS,2018,6.03233771776817
Sub-Saharan Africa (IDA & IBRD countries),TSS,2017,5.99391143462101
Sub-Saharan Africa (IDA & IBRD countries),TSS,2016,5.86589334716284
Sub-Saharan Africa (IDA & IBRD countries),TSS,2015,5.78723856454759
Sub-Saharan Africa (IDA & IBRD countries),TSS,2014,5.62977664752398
Sub-Saharan Africa (IDA & IBRD countries),TSS,2013,5.57489984928366
Upper middle income,,2023,5.36297560426889
Upper middle income,,2022,5.75041485644261
Upper middle income,,2021,6.15372931005527
Upper middle income,,2020,6.47637385311808
Upper middle income,,2019,5.80585688987594
Upper middle income,,2018,5.67121545409166
Upper middle income,,2017,5.77337201527055
Upper middle income,,2016,5.7624084064723
Upper middle income,,2015,5.55781700600781
Upper middle income,,2014,5.34707785695012
Upper middle income,,2013,5.33490578969923
World,WLD,2023,4.84991713588619
World,WLD,2022,5.23462796913747
World,WLD,2021,6.04556088000376
World,WLD,2020,6.58768935720693
World,WLD,2019,5.58847960382446
World,WLD,2018,5.7595415280045
World,WLD,2017,5.89802388961045
World,WLD,2016,5.97088327776689
World,WLD,2015,5.9985085966435
World,WLD,2014,5.9574710533091
World,WLD,2013,6.09934489950025
Afghanistan,AFG,2023,14.008
Afghanistan,AFG,2022,14.1
Afghanistan,AFG,2021,12.006
Afghanistan,AFG,2020,11.71
Afghanistan,AFG,2019,11.187
Afghanistan,AFG,2018,11.192
Afghanistan,AFG,2017,11.184
Afghanistan,AFG,2016,10.116
Afghanistan,AFG,2015,9.032
Afghanistan,AFG,2014,7.915
Afghanistan,AFG,2013,7.921
Albania,ALB,2023,10.669
Albania,ALB,2022,10.785
Albania,ALB,2021,11.474
Albania,ALB,2020,11.639
Albania,ALB,2019,11.466
Albania,ALB,2018,12.304
Albania,ALB,2017,13.616
Albania,ALB,2016,15.418
Albania,ALB,2015,17.193
Albania,ALB,2014,18.055
Albania,ALB,2013,15.866
Algeria,DZA,2023,11.645
Algeria,DZA,2022,12.382
Algeria,DZA,2021,13.656
Algeria,DZA,2020,14.08
Algeria,DZA,2019,12.302
Algeria,DZA,2018,12.112
Algeria,DZA,2017,12.0
Algeria,DZA,2016,10.202
Algeria,DZA,2015,11.206
Algeria,DZA,2014,10.207
Algeria,DZA,2013,9.82
American Samoa,ASM,2023,
American Samoa,ASM,2022,
American Samoa,ASM,2021,
American Samoa,ASM,2020,
American Samoa,ASM,2019,
American Samoa,ASM,2018,
American Samoa,ASM,2017,
American Samoa,ASM,2016,
American Samoa,ASM,2015,
American Samoa,ASM,2014,
American Samoa,ASM,2013,
Andorra,AND,2023,
Andorra,AND,2022,
Andorra,AND,2021,
Andorra,AND,2020,
Andorra,AND,2019,
Andorra,AND,2018,
Andorra,AND,2017,
Andorra,AND,2016,
Andorra,AND,2015,
Andorra,AND,2014,
Andorra,AND,2013,
Angola,AGO,2023,14.051
Angola,AGO,2022,14.124
Angola,AGO,2021,15.799
Angola,AGO,2020,16.696
Angola,AGO,2019,16.497
Angola,AGO,2018,16.602
Angola,AGO,2017,16.617
Angola,AGO,2016,16.572
Angola,AGO,2015,16.472
Angola,AGO,2014,16.372
Angola,AGO,2013,16.464
Antigua and Barbuda,ATG,2023,
Antigua and Barbuda,ATG,2022,
Antigua and Barbuda,ATG,2021,
Antigua and Barbuda,ATG,2020,
Antigua and Barbuda,ATG,2019,
Antigua and Barbuda,ATG,2018,
Antigua and Barbuda,ATG,2017,
Antigua and Barbuda,ATG,2016,
Antigua and Barbuda,ATG,2015,
Antigua and Barbuda,ATG,2014,
Antigua and Barbuda,ATG,2013,
Argentina,ARG,2023,6.139
Argentina,ARG,2022,6.805
Argentina,ARG,2021,8.736
Argentina,ARG,2020,11.461
Argentina,ARG,2019,9.843
Argentina,ARG,2018,9.22
Argentina,ARG,2017,8.347
Argentina,ARG,2016,8.088
Argentina,ARG,2015,7.577
Argentina,ARG,2014,7.268
Argentina,ARG,2013,7.1
Armenia,ARM,2023,12.405
Armenia,ARM,2022,13.451
Armenia,ARM,2021,15.469
Armenia,ARM,2020,18.175
Armenia,ARM,2019,18.304
Armenia,ARM,2018,18.966
Armenia,ARM,2017,17.704
Armenia,ARM,2016,17.617
Armenia,ARM,2015,18.261
Armenia,ARM,2014,17.498
Armenia,ARM,2013,16.576
Aruba,ABW,2023,
Aruba,ABW,2022,
Aruba,ABW,2021,
Aruba,ABW,2020,
Aruba,ABW,2019,
Aruba,ABW,2018,
Aruba,ABW,2017,
Aruba,ABW,2016,
Aruba,ABW,2015,
Aruba,ABW,2014,
Aruba,ABW,2013,
Australia,AUS,2023,3.668
Australia,AUS,2022,3.728
Australia,AUS,2021,5.022
Australia,AUS,2020,6.394
Australia,AUS,2019,5.143
Australia,AUS,2018,5.345
Australia,AUS,2017,5.592
Australia,AUS,2016,5.711
Australia,AUS,2015,6.055
Australia,AUS,2014,6.078
Australia,AUS,2013,5.663
Austria,AUT,2023,5.264
Austria,AUT,2022,4.992
Austria,AUT,2021,6.459
Austria,AUT,2020,5.201
Austria,AUT,2019,4.56
Austria,AUT,2018,4.933
Austria,AUT,2017,5.561
Austria,AUT,2016,6.064
Austria,AUT,2015,5.802
Austria,AUT,2014,5.674
Austria,AUT,2013,5.367
Azerbaijan,AZE,2023,5.64
Azerbaijan,AZE,2022,5.65
Azerbaijan,AZE,2021,6.04
Azerbaijan,AZE,2020,7.24
Azerbaijan,AZE,2019,5.0
Azerbaijan,AZE,2018,4.9
Azerbaijan,AZE,2017,5.0
Azerbaijan,AZE,2016,5.0
Azerbaijan,AZE,2015,4.96
Azerbaijan,AZE,2014,4.91
Azerbaijan,AZE,2013,4.97
"Bahamas, The",BHS,2023,8.645
"Bahamas, The",BHS,2022,9.25
"Bahamas, The",BHS,2021,11.078
"Bahamas, The",BHS,2020,12.016
"Bahamas, The",BHS,2019,9.336
"Bahamas, The",BHS,2018,10.0
"Bahamas, The",BHS,2017,9.8
"Bahamas, The",BHS,2016,12.7
"Bahamas, The",BHS,2015,12.0
"Bahamas, The",BHS,2014,13.8
"Bahamas, The",BHS,2013,16.18
Bahrain,BHR,2023,1.049
Bahrain,BHR,2022,1.265
Bahrain,BHR,2021,1.548
Bahrain,BHR,2020,1.765
Bahrain,BHR,2019,1.217
Bahrain,BHR,2018,1.188
Bahrain,BHR,2017,1.18
Bahrain,BHR,2016,1.19
Bahrain,BHR,2015,1.164
Bahrain,BHR,2014,1.144
Bahrain,BHR,2013,1.184
Bangladesh,BGD,2023,3.352
Bangladesh,BGD,2022,4.593
Bangladesh,BGD,2021,5.457
Bangladesh,BGD,2020,5.539
Bangladesh,BGD,2019,4.504
Bangladesh,BGD,2018,4.439
Bangladesh,BGD,2017,4.372
Bangladesh,BGD,2016,4.35
Bangladesh,BGD,2015,4.397
Bangladesh,BGD,2014,4.417
Bangladesh,BGD,2013,4.426
Barbados,BRB,2023,6.54
Barbados,BRB,2022,7.261
Barbados,BRB,2021,11.015
Barbados,BRB,2020,10.586
Barbados,BRB,2019,8.41
Barbados,BRB,2018,8.321
Barbados,BRB,2017,8.62
Barbados,BRB,2016,8.247
Barbados,BRB,2015,9.803
Barbados,BRB,2014,12.17
Barbados,BRB,2013,11.55
Belarus,BLR,2023,3.461
Belarus,BLR,2022,3.574
Belarus,BLR,2021,3.9
Belarus,BLR,2020,4.049
Belarus,BLR,2019,4.165
Belarus,BLR,2018,4.763
Belarus,BLR,2017,5.648
Belarus,BLR,2016,5.844
Belarus,BLR,2015,5.881
Belarus,BLR,2014,5.908
Belarus,BLR,2013,5.942
Belgium,BEL,2023,5.547
Belgium,BEL,2022,5.57
Belgium,BEL,2021,6.248
Belgium,BEL,2020,5.545
Belgium,BEL,2019,5.364
Belgium,BEL,2018,5.941
Belgium,BEL,2017,7.09
Belgium,BEL,2016,7.83
Belgium,BEL,2015,8.482
Belgium,BEL,2014,8.523
Belgium,BEL,2013,8.425
Belize,BLZ,2023,8.278
Belize,BLZ,2022,8.682
Belize,BLZ,2021,10.302
Belize,BLZ,2020,10.763
Belize,BLZ,2019,9.053
Belize,BLZ,2018,9.346
Belize,BLZ,2017,6.596
Belize,BLZ,2016,7.0
Belize,BLZ,2015,7.578
Belize,BLZ,2014,8.244
Belize,BLZ,2013,8.349
Benin,BEN,2023,1.641
Benin,BEN,2022,1.685
Benin,BEN,2021,1.833
Benin,BEN,2020,1.518
Benin,BEN,2019,1.214
Benin,BEN,2018,1.426
Benin,BEN,2017,1.691
Benin,BEN,2016,1.834
Benin,BEN,2015,1.886
Benin,BEN,2014,1.952
Benin,BEN,2013,2.198
Bermuda,BMU,2023,
Bermuda,BMU,2022,
Bermuda,BMU,2021,
Bermuda,BMU,2020,
Bermuda,BMU,2019,
Bermuda,BMU,2018,
Bermuda,BMU,2017,
Bermuda,BMU,2016,
Bermuda,BMU,2015,
Bermuda,BMU,2014,
Bermuda,BMU,2013,
Bhutan,BTN,2023,3.126
Bhutan,BTN,2022,5.947
Bhutan,BTN,2021,4.803
Bhutan,BTN,2020,5.03
Bhutan,BTN,2019,2.72
Bhutan,BTN,2018,3.35
Bhutan,BTN,2017,3.027
Bhutan,BTN,2016,2.707
Bhutan,BTN,2015,2.45
Bhutan,BTN,2014,2.63
Bhutan,BTN,2013,2.87
Bolivia,BOL,2023,3.024
Bolivia,BOL,2022,3.552
Bolivia,BOL,2021,5.089
Bolivia,BOL,2020,7.903
Bolivia,BOL,2019,3.682
Bolivia,BOL,2018,3.519
Bolivia,BOL,2017,3.655
Bolivia,BOL,2016,3.498
Bolivia,BOL,2015,3.111
Bolivia,BOL,2014,2.021
Bolivia,BOL,2013,2.437
Bosnia and Herzegovina,BIH,2023,10.668
Bosnia and Herzegovina,BIH,2022,12.657
Bosnia and Herzegovina,BIH,2021,14.897
Bosnia and Herzegovina,BIH,2020,15.868
Bosnia and Herzegovina,BIH,2019,15.692
Bosnia and Herzegovina,BIH,2018,18.4
Bosnia and Herzegovina,BIH,2017,20.527
Bosnia and Herzegovina,BIH,2016,25.408
Bosnia and Herzegovina,BIH,2015,27.695
Bosnia and Herzegovina,BIH,2014,27.517
Bosnia and Herzegovina,BIH,2013,27.49
Botswana,BWA,2023,23.381
Botswana,BWA,2022,23.615
Botswana,BWA,2021,23.106
Botswana,BWA,2020,21.017
Botswana,BWA,2019,20.094
Botswana,BWA,2018,19.665
Botswana,BWA,2017,19.671
Botswana,BWA,2016,19.328
Botswana,BWA,2015,18.915
Botswana,BWA,2014,18.484
Botswana,BWA,2013,18.167
Brazil,BRA,2023,7.947
Brazil,BRA,2022,9.231
Brazil,BRA,2021,13.158
Brazil,BRA,2020,13.697
Brazil,BRA,2019,11.936
Brazil,BRA,2018,12.329
Brazil,BRA,2017,12.792
Brazil,BRA,2016,11.58
Brazil,BRA,2015,8.538
Brazil,BRA,2014,6.755
Brazil,BRA,2013,7.071
British Virgin Islands,VGB,2023,
British Virgin Islands,VGB,2022,
British Virgin Islands,VGB,2021,
British Virgin Islands,VGB,2020,
British Virgin Islands,VGB,2019,
British Virgin Islands,VGB,2018,
British Virgin Islands,VGB,2017,
British Virgin Islands,VGB,2016,
British Virgin Islands,VGB,2015,
British Virgin Islands,VGB,2014,
British Virgin Islands,VGB,2013,
Brunei Darussalam,BRN,2023,5.296
Brunei Darussalam,BRN,2022,5.191
Brunei Darussalam,BRN,2021,4.905
Brunei Darussalam,BRN,2020,7.409
Brunei Darussalam,BRN,2019,6.6
Brunei Darussalam,BRN,2018,8.7
Brunei Darussalam,BRN,2017,9.316
Brunei Darussalam,BRN,2016,8.537
Brunei Darussalam,BRN,2015,7.703
Brunei Darussalam,BRN,2014,6.862
Brunei Darussalam,BRN,2013,6.709
Bulgaria,BGR,2023,4.319
Bulgaria,BGR,2022,4.148
Bulgaria,BGR,2021,5.166
Bulgaria,BGR,2020,5.037
Bulgaria,BGR,2019,4.148
Bulgaria,BGR,2018,5.211
Bulgaria,BGR,2017,6.164
Bulgaria,BGR,2016,7.575
Bulgaria,BGR,2015,9.143
Bulgaria,BGR,2014,11.424
Bulgaria,BGR,2013,12.941
Burkina Faso,BFA,2023,3.601
Burkina Faso,BFA,2022,3.828
Burkina Faso,BFA,2021,4.511
Burkina Faso,BFA,2020,4.59
Burkina Faso,BFA,2019,4.493
Burkina Faso,BFA,2018,4.695
Burkina Faso,BFA,2017,4.662
Burkina Faso,BFA,2016,4.598
Burkina Faso,BFA,2015,4.472
Burkina Faso,BFA,2014,4.255
Burkina Faso,BFA,2013,4.054
Burundi,BDI,2023,0.911
Burundi,BDI,2022,0.909
Burundi,BDI,2021,1.118
Burundi,BDI,2020,1.03
Burundi,BDI,2019,1.043
Burundi,BDI,2018,1.147
Burundi,BDI,2017,1.25
Burundi,BDI,2016,1.352
Burundi,BDI,2015,1.449
Burundi,BDI,2014,1.572
Burundi,BDI,2013,1.584
Cabo Verde,CPV,2023,11.882
Cabo Verde,CPV,2022,12.239
Cabo Verde,CPV,2021,13.932
Cabo Verde,CPV,2020,14.65
Cabo Verde,CPV,2019,12.123
Cabo Verde,CPV,2018,12.17
Cabo Verde,CPV,2017,12.24
Cabo Verde,CPV,2016,12.085
Cabo Verde,CPV,2015,11.923
Cabo Verde,CPV,2014,11.689
Cabo Verde,CPV,2013,11.398
Cambodia,KHM,2023,0.256
Cambodia,KHM,2022,0.245
Cambodia,KHM,2021,0.396
Cambodia,KHM,2020,0.172
Cambodia,KHM,2019,0.119
Cambodia,KHM,2018,0.129
Cambodia,KHM,2017,0.141
Cambodia,KHM,2016,0.716
Cambodia,KHM,2015,0.393
Cambodia,KHM,2014,0.692
Cambodia,KHM,2013,0.438
Cameroon,CMR,2023,3.607
Cameroon,CMR,2022,3.646
Cameroon,CMR,2021,3.976
Cameroon,CMR,2020,3.881
Cameroon,CMR,2019,3.632
Cameroon,CMR,2018,3.608
Cameroon,CMR,2017,3.573
Cameroon,CMR,2016,3.529
Cameroon,CMR,2015,3.518
Cameroon,CMR,2014,3.534
Cameroon,CMR,2013,3.686
Canada,CAN,2023,5.415
Canada,CAN,2022,5.279
Canada,CAN,2021,7.527
Canada,CAN,2020,9.657
Canada,CAN,2019,5.69
Canada,CAN,2018,5.837
Canada,CAN,2017,6.426
Canada,CAN,2016,7.038
Canada,CAN,2015,6.945
Canada,CAN,2014,7.023
Canada,CAN,2013,7.143
Cayman Islands,CYM,2023,
Cayman Islands,CYM,2022,
Cayman Islands,CYM,2021,
Cayman Islands,CYM,2020,
Cayman Islands,CYM,2019,
Cayman Islands,CYM,2018,
Cayman Islands,CYM,2017,
Cayman Islands,CYM,2016,
Cayman Islands,CYM,2015,
Cayman Islands,CYM,2014,
Cayman Islands,CYM,2013,
Central African Republic,CAF,2023,6.181
Central African Republic,CAF,2022,6.287
Central African Republic,CAF,2021,6.701
Central African Republic,CAF,2020,6.519
Central African Republic,CAF,2019,5.916
Central African Republic,CAF,2018,5.825
Central African Republic,CAF,2017,5.836
Central African Republic,CAF,2016,5.793
Central African Republic,CAF,2015,5.775
Central African Republic,CAF,2014,5.633
Central African Republic,CAF,2013,5.566
Chad,TCD,2023,1.059
Chad,TCD,2022,1.081
Chad,TCD,2021,1.53
Chad,TCD,2020,1.695
Chad,TCD,2019,1.077
Chad,TCD,2018,1.135
Chad,TCD,2017,1.132
Chad,TCD,2016,1.091
Chad,TCD,2015,1.032
Chad,TCD,2014,0.984
Chad,TCD,2013,0.955
Channel Islands,CHI,2023,5.928
Channel Islands,CHI,2022,5.923
Channel Islands,CHI,2021,6.643
Channel Islands,CHI,2020,6.633
Channel Islands,CHI,2019,6.185
Channel Islands,CHI,2018,6.344
Channel Islands,CHI,2017,6.881
Channel Islands,CHI,2016,7.469
Channel Islands,CHI,2015,7.928
Channel Islands,CHI,2014,8.319
Channel Islands,CHI,2013,8.572
Chile,CHL,2023,9.013
Chile,CHL,2022,8.249
Chile,CHL,2021,9.281
Chile,CHL,2020,10.934
Chile,CHL,2019,7.493
Chile,CHL,2018,7.623
Chile,CHL,2017,7.257
Chile,CHL,2016,6.926
Chile,CHL,2015,6.605
Chile,CHL,2014,6.761
Chile,CHL,2013,6.361
China,CHN,2023,4.67
China,CHN,2022,4.98
China,CHN,2021,4.55
China,CHN,2020,5.0
China,CHN,2019,4.56
China,CHN,2018,4.31
China,CHN,2017,4.47
China,CHN,2016,4.56
China,CHN,2015,4.65
China,CHN,2014,4.63
China,CHN,2013,4.6
Colombia,COL,2023,9.591
Colombia,COL,2022,10.541
Colombia,COL,2021,13.898
Colombia,COL,2020,15.983
Colombia,COL,2019,10.28
Colombia,COL,2018,9.36
Colombia,COL,2017,9.086
Colombia,COL,2016,8.922
Colombia,COL,2015,8.572
Colombia,COL,2014,8.799
Colombia,COL,2013,9.246
Comoros,COM,2023,3.833
Comoros,COM,2022,3.879
Comoros,COM,2021,4.394
Comoros,COM,2020,4.468
Comoros,COM,2019,3.926
Comoros,COM,2018,3.975
Comoros,COM,2017,4.049
Comoros,COM,2016,4.117
Comoros,COM,2015,4.031
Comoros,COM,2014,3.984
Comoros,COM,2013,3.98
"Congo, Dem. Rep.",COD,2023,4.469
"Congo, Dem. Rep.",COD,2022,4.54
"Congo, Dem. Rep.",COD,2021,5.289
"Congo, Dem. Rep.",COD,2020,5.355
"Congo, Dem. Rep.",COD,2019,4.605
"Congo, Dem. Rep.",COD,2018,4.632
"Congo, Dem. Rep.",COD,2017,4.613
"Congo, Dem. Rep.",COD,2016,4.528
"Congo, Dem. Rep.",COD,2015,4.441
"Congo, Dem. Rep.",COD,2014,4.436
"Congo, Dem. Rep.",COD,2013,4.469
"Congo, Rep.",COG,2023,19.919
"Congo, Rep.",COG,2022,20.131
"Congo, Rep.",COG,2021,21.998
"Congo, Rep.",COG,2020,22.286
"Congo, Rep.",COG,2019,20.494
"Congo, Rep.",COG,2018,20.84
"Congo, Rep.",COG,2017,20.737
"Congo, Rep.",COG,2016,20.298
"Congo, Rep.",COG,2015,20.02
"Congo, Rep.",COG,2014,19.696
"Congo, Rep.",COG,2013,19.845
Costa Rica,CRI,2023,8.325
Costa Rica,CRI,2022,11.325
Costa Rica,CRI,2021,15.139
Costa Rica,CRI,2020,16.432
Costa Rica,CRI,2019,10.807
Costa Rica,CRI,2018,9.01
Costa Rica,CRI,2017,7.729
Costa Rica,CRI,2016,8.085
Costa Rica,CRI,2015,8.415
Costa Rica,CRI,2014,8.499
Costa Rica,CRI,2013,8.218
Cote d'Ivoire,CIV,2023,2.263
Cote d'Ivoire,CIV,2022,2.31
Cote d'Ivoire,CIV,2021,2.623
Cote d'Ivoire,CIV,2020,2.588
Cote d'Ivoire,CIV,2019,2.401
Cote d'Ivoire,CIV,2018,2.852
Cote d'Ivoire,CIV,2017,3.272
Cote d'Ivoire,CIV,2016,1.896
Cote d'Ivoire,CIV,2015,2.573
Cote d'Ivoire,CIV,2014,3.274
Cote d'Ivoire,CIV,2013,4.255
Croatia,HRV,2023,6.121
Croatia,HRV,2022,6.811
Croatia,HRV,2021,7.483
Croatia,HRV,2020,7.389
Croatia,HRV,2019,6.551
Croatia,HRV,2018,8.322
Croatia,HRV,2017,11.078
Croatia,HRV,2016,13.015
Croatia,HRV,2015,16.15
Croatia,HRV,2014,17.209
Croatia,HRV,2013,17.231
Cuba,CUB,2023,1.73
Cuba,CUB,2022,1.829
Cuba,CUB,2021,2.11
Cuba,CUB,2020,2.233
Cuba,CUB,2019,1.705
Cuba,CUB,2018,1.7
Cuba,CUB,2017,1.7
Cuba,CUB,2016,2.0
Cuba,CUB,2015,2.4
Cuba,CUB,2014,2.7
Cuba,CUB,2013,3.29
Curacao,CUW,2023,
Curacao,CUW,2022,
Curacao,CUW,2021,
Curacao,CUW,2020,
Curacao,CUW,2019,
Curacao,CUW,2018,
Curacao,CUW,2017,
Curacao,CUW,2016,
Curacao,CUW,2015,
Curacao,CUW,2014,
Curacao,CUW,2013,
Cyprus,CYP,2023,5.835
Cyprus,CYP,2022,6.806
Cyprus,CYP,2021,7.513
Cyprus,CYP,2020,7.755
Cyprus,CYP,2019,7.155
Cyprus,CYP,2018,8.504
Cyprus,CYP,2017,11.155
Cyprus,CYP,2016,13.006
Cyprus,CYP,2015,15.026
Cyprus,CYP,2014,16.277
Cyprus,CYP,2013,16.131
Czechia,CZE,2023,2.579
Czechia,CZE,2022,2.224
Czechia,CZE,2021,2.803
Czechia,CZE,2020,2.55
Czechia,CZE,2019,2.015
Czechia,CZE,2018,2.246
Czechia,CZE,2017,2.893
Czechia,CZE,2016,3.952
Czechia,CZE,2015,5.048
Czechia,CZE,2014,6.108
Czechia,CZE,2013,6.953
Denmark,DNK,2023,5.094
Denmark,DNK,2022,4.434
Denmark,DNK,2021,5.065
Denmark,DNK,2020,5.644
Denmark,DNK,2019,5.018
Denmark,DNK,2018,5.131
Denmark,DNK,2017,5.833
Denmark,DNK,2016,5.989
Denmark,DNK,2015,6.278
Denmark,DNK,2014,6.925
Denmark,DNK,2013,7.384
Djibouti,DJI,2023,26.074
Djibouti,DJI,2022,26.272
Djibouti,DJI,2021,27.628
Djibouti,DJI,2020,27.701
Djibouti,DJI,2019,26.257
Djibouti,DJI,2018,26.18
Djibouti,DJI,2017,26.064
Djibouti,DJI,2016,25.982
Djibouti,DJI,2015,26.063
Djibouti,DJI,2014,26.16
Djibouti,DJI,2013,26.149
Dominica,DMA,2023,
Dominica,DMA,2022,
Dominica,DMA,2021,
Dominica,DMA,2020,
Dominica,DMA,2019,
Dominica,DMA,2018,
Dominica,DMA,2017,
Dominica,DMA,2016,
Dominica,DMA,2015,
Dominica,DMA,2014,
Dominica,DMA,2013,
Dominican Republic,DOM,2023,5.555
Dominican Republic,DOM,2022,5.504
Dominican Republic,DOM,2021,7.702
Dominican Republic,DOM,2020,6.126
Dominican Republic,DOM,2019,6.356
Dominican Republic,DOM,2018,5.861
Dominican Republic,DOM,2017,5.832
Dominican Republic,DOM,2016,7.284
Dominican Republic,DOM,2015,7.605
Dominican Republic,DOM,2014,6.719
Dominican Republic,DOM,2013,7.351
Ecuador,ECU,2023,3.51
Ecuador,ECU,2022,3.713
Ecuador,ECU,2021,4.504
Ecuador,ECU,2020,6.116
Ecuador,ECU,2019,3.812
Ecuador,ECU,2018,3.53
Ecuador,ECU,2017,3.836
Ecuador,ECU,2016,4.597
Ecuador,ECU,2015,3.616
Ecuador,ECU,2014,3.48
Ecuador,ECU,2013,3.083
"Egypt, Arab Rep.",EGY,2023,6.753
"Egypt, Arab Rep.",EGY,2022,6.546
"Egypt, Arab Rep.",EGY,2021,7.441
"Egypt, Arab Rep.",EGY,2020,7.974
"Egypt, Arab Rep.",EGY,2019,7.851
"Egypt, Arab Rep.",EGY,2018,9.855
"Egypt, Arab Rep.",EGY,2017,11.767
"Egypt, Arab Rep.",EGY,2016,12.45
"Egypt, Arab Rep.",EGY,2015,13.052
"Egypt, Arab Rep.",EGY,2014,13.105
"Egypt, Arab Rep.",EGY,2013,13.154
El Salvador,SLV,2023,2.992
El Salvador,SLV,2022,2.999
El Salvador,SLV,2021,4.327
El Salvador,SLV,2020,5.008
El Salvador,SLV,2019,4.17
El Salvador,SLV,2018,4.006
El Salvador,SLV,2017,4.385
El Salvador,SLV,2016,4.418
El Salvador,SLV,2015,3.998
El Salvador,SLV,2014,4.154
El Salvador,SLV,2013,3.693
Equatorial Guinea,GNQ,2023,8.218
Equatorial Guinea,GNQ,2022,8.334
Equatorial Guinea,GNQ,2021,8.821
Equatorial Guinea,GNQ,2020,8.625
Equatorial Guinea,GNQ,2019,7.917
Equatorial Guinea,GNQ,2018,7.818
Equatorial Guinea,GNQ,2017,7.843
Equatorial Guinea,GNQ,2016,7.798
Equatorial Guinea,GNQ,2015,7.778
Equatorial Guinea,GNQ,2014,7.669
Equatorial Guinea,GNQ,2013,7.675
Eritrea,ERI,2023,5.909
Eritrea,ERI,2022,6.033
Eritrea,ERI,2021,6.489
Eritrea,ERI,2020,6.375
Eritrea,ERI,2019,5.812
Eritrea,ERI,2018,5.756
Eritrea,ERI,2017,5.804
Eritrea,ERI,2016,5.772
Eritrea,ERI,2015,5.751
Eritrea,ERI,2014,5.637
Eritrea,ERI,2013,5.624
Estonia,EST,2023,6.378
Estonia,EST,2022,5.571
Estonia,EST,2021,6.178
Estonia,EST,2020,6.956
Estonia,EST,2019,4.514
Estonia,EST,2018,5.412
Estonia,EST,2017,5.807
Estonia,EST,2016,6.882
Estonia,EST,2015,6.412
Estonia,EST,2014,7.352
Estonia,EST,2013,8.631
Eswatini,SWZ,2023,34.61
Eswatini,SWZ,2022,36.472
Eswatini,SWZ,2021,34.153
Eswatini,SWZ,2020,32.978
Eswatini,SWZ,2019,28.222
Eswatini,SWZ,2018,26.471
Eswatini,SWZ,2017,24.543
Eswatini,SWZ,2016,22.718
Eswatini,SWZ,2015,23.431
Eswatini,SWZ,2014,23.931
Eswatini,SWZ,2013,24.556
Ethiopia,ETH,2023,3.375
Ethiopia,ETH,2022,3.386
Ethiopia,ETH,2021,3.935
Ethiopia,ETH,2020,3.998
Ethiopia,ETH,2019,2.928
Ethiopia,ETH,2018,2.811
Ethiopia,ETH,2017,2.665
Ethiopia,ETH,2016,2.556
Ethiopia,ETH,2015,2.442
Ethiopia,ETH,2014,2.361
Ethiopia,ETH,2013,2.251
Faroe Islands,FRO,2023,
Faroe Islands,FRO,2022,
Faroe Islands,FRO,2021,
Faroe Islands,FRO,2020,
Faroe Islands,FRO,2019,
Faroe Islands,FRO,2018,
Faroe Islands,FRO,2017,
Faroe Islands,FRO,2016,
Faroe Islands,FRO,2015,
Faroe Islands,FRO,2014,
Faroe Islands,FRO,2013,
Fiji,FJI,2023,5.316
Fiji,FJI,2022,5.403
Fiji,FJI,2021,5.225
Fiji,FJI,2020,5.054
Fiji,FJI,2019,4.661
Fiji,FJI,2018,4.523
Fiji,FJI,2017,4.418
Fiji,FJI,2016,4.319
Fiji,FJI,2015,4.288
Fiji,FJI,2014,4.323
Fiji,FJI,2013,4.356
Finland,FIN,2023,7.149
Finland,FIN,2022,6.719
Finland,FIN,2021,7.617
Finland,FIN,2020,7.759
Finland,FIN,2019,6.695
Finland,FIN,2018,7.361
Finland,FIN,2017,8.64
Finland,FIN,2016,8.818
Finland,FIN,2015,9.376
Finland,FIN,2014,8.663
Finland,FIN,2013,8.193
France,FRA,2023,7.335
France,FRA,2022,7.303
France,FRA,2021,7.871
France,FRA,2020,8.009
France,FRA,2019,8.415
France,FRA,2018,9.018
France,FRA,2017,9.409
France,FRA,2016,10.057
France,FRA,2015,10.354
France,FRA,2014,10.273
France,FRA,2013,9.913
French Polynesia,PYF,2023,11.613
French Polynesia,PYF,2022,11.793
French Polynesia,PYF,2021,12.558
French Polynesia,PYF,2020,12.963
French Polynesia,PYF,2019,11.591
French Polynesia,PYF,2018,11.599
French Polynesia,PYF,2017,11.595
French Polynesia,PYF,2016,11.727
French Polynesia,PYF,2015,11.794
French Polynesia,PYF,2014,11.894
French Polynesia,PYF,2013,12.027
Gabon,GAB,2023,20.161
Gabon,GAB,2022,20.319
Gabon,GAB,2021,21.223
Gabon,GAB,2020,21.279
Gabon,GAB,2019,20.371
Gabon,GAB,2018,20.459
Gabon,GAB,2017,20.307
Gabon,GAB,2016,20.117
Gabon,GAB,2015,19.943
Gabon,GAB,2014,19.873
Gabon,GAB,2013,19.736
"Gambia, The",GMB,2023,6.479
"Gambia, The",GMB,2022,6.067
"Gambia, The",GMB,2021,6.213
"Gambia, The",GMB,2020,5.84
"Gambia, The",GMB,2019,4.481
"Gambia, The",GMB,2018,4.055
"Gambia, The",GMB,2017,5.097
"Gambia, The",GMB,2016,6.244
"Gambia, The",GMB,2015,7.226
"Gambia, The",GMB,2014,8.191
"Gambia, The",GMB,2013,9.454
Georgia,GEO,2023,11.549
Georgia,GEO,2022,11.621
Georgia,GEO,2021,11.785
Georgia,GEO,2020,11.734
Georgia,GEO,2019,11.565
Georgia,GEO,2018,12.667
Georgia,GEO,2017,13.939
Georgia,GEO,2016,16.604
Georgia,GEO,2015,16.506
Georgia,GEO,2014,17.439
Georgia,GEO,2013,19.416
Germany,DEU,2023,3.071
Germany,DEU,2022,3.137
Germany,DEU,2021,3.594
Germany,DEU,2020,3.881
Germany,DEU,2019,3.163
Germany,DEU,2018,3.384
Germany,DEU,2017,3.781
Germany,DEU,2016,4.104
Germany,DEU,2015,4.612
Germany,DEU,2014,4.979
Germany,DEU,2013,5.316
Ghana,GHA,2023,2.829
Ghana,GHA,2022,2.87
Ghana,GHA,2021,3.2
Ghana,GHA,2020,3.178
Ghana,GHA,2019,3.067
Ghana,GHA,2018,3.204
Ghana,GHA,2017,3.369
Ghana,GHA,2016,5.256
Ghana,GHA,2015,6.806
Ghana,GHA,2014,4.403
Ghana,GHA,2013,2.173
Gibraltar,GIB,2023,
Gibraltar,GIB,2022,
Gibraltar,GIB,2021,
Gibraltar,GIB,2020,
Gibraltar,GIB,2019,
Gibraltar,GIB,2018,
Gibraltar,GIB,2017,
Gibraltar,GIB,2016,
Gibraltar,GIB,2015,
Gibraltar,GIB,2014,
Gibraltar,GIB,2013,
Greece,GRC,2023,11.023
Greece,GRC,2022,12.426
Greece,GRC,2021,14.656
Greece,GRC,2020,15.899
Greece,GRC,2019,17.045
Greece,GRC,2018,19.179
Greece,GRC,2017,21.413
Greece,GRC,2016,23.514
Greece,GRC,2015,24.981
Greece,GRC,2014,26.708
Greece,GRC,2013,27.686
Greenland,GRL,2023,
Greenland,GRL,2022,
Greenland,GRL,2021,
Greenland,GRL,2020,
Greenland,GRL,2019,
Greenland,GRL,2018,
Greenland,GRL,2017,
Greenland,GRL,2016,
Greenland,GRL,2015,
Greenland,GRL,2014,
Greenland,GRL,2013,
Grenada,GRD,2023,
Grenada,GRD,2022,
Grenada,GRD,2021,
Grenada,GRD,2020,
Grenada,GRD,2019,
Grenada,GRD,2018,
Grenada,GRD,2017,
Grenada,GRD,2016,
Grenada,GRD,2015,
Grenada,GRD,2014,
Grenada,GRD,2013,
Guam,GUM,2023,5.262
Guam,GUM,2022,5.383
Guam,GUM,2021,6.0
Guam,GUM,2020,6.241
Guam,GUM,2019,5.405
Guam,GUM,2018,5.45
Guam,GUM,2017,5.418
Guam,GUM,2016,5.4
Guam,GUM,2015,6.9
Guam,GUM,2014,7.6
Guam,GUM,2013,11.5
Guatemala,GTM,2023,2.344
Guatemala,GTM,2022,3.051
Guatemala,GTM,2021,2.174
Guatemala,GTM,2020,2.965
Guatemala,GTM,2019,2.193
Guatemala,GTM,2018,2.283
Guatemala,GTM,2017,2.462
Guatemala,GTM,2016,2.583
Guatemala,GTM,2015,2.506
Guatemala,GTM,2014,2.717
Guatemala,GTM,2013,3.017
Guinea,GIN,2023,5.141
Guinea,GIN,2022,5.174
Guinea,GIN,2021,5.815
Guinea,GIN,2020,6.007
Guinea,GIN,2019,5.018
Guinea,GIN,2018,4.835
Guinea,GIN,2017,4.86
Guinea,GIN,2016,4.997
Guinea,GIN,2015,5.15
Guinea,GIN,2014,5.044
Guinea,GIN,2013,4.944
Guinea-Bissau,GNB,2023,2.632
Guinea-Bissau,GNB,2022,2.666
Guinea-Bissau,GNB,2021,3.016
Guinea-Bissau,GNB,2020,2.887
Guinea-Bissau,GNB,2019,2.413
Guinea-Bissau,GNB,2018,3.127
Guinea-Bissau,GNB,2017,3.089
Guinea-Bissau,GNB,2016,3.139
Guinea-Bissau,GNB,2015,3.168
Guinea-Bissau,GNB,2014,3.285
Guinea-Bissau,GNB,2013,3.173
Guyana,GUY,2023,11.917
Guyana,GUY,2022,11.907
Guyana,GUY,2021,14.576
Guyana,GUY,2020,15.308
Guyana,GUY,2019,13.172
Guyana,GUY,2018,13.627
Guyana,GUY,2017,13.466
Guyana,GUY,2016,13.263
Guyana,GUY,2015,13.009
Guyana,GUY,2014,12.637
Guyana,GUY,2013,12.296
Haiti,HTI,2023,14.459
Haiti,HTI,2022,14.54
Haiti,HTI,2021,15.296
Haiti,HTI,2020,15.573
Haiti,HTI,2019,14.095
Haiti,HTI,2018,13.934
Haiti,HTI,2017,13.932
Haiti,HTI,2016,13.902
Haiti,HTI,2015,13.785
Haiti,HTI,2014,13.808
Haiti,HTI,2013,13.704
Honduras,HND,2023,6.07
Honduras,HND,2022,8.774
Honduras,HND,2021,8.506
Honduras,HND,2020,10.982
Honduras,HND,2019,5.698
Honduras,HND,2018,5.648
Honduras,HND,2017,5.528
Honduras,HND,2016,6.727
Honduras,HND,2015,6.147
Honduras,HND,2014,7.078
Honduras,HND,2013,5.646
"Hong Kong SAR, China",HKG,2023,2.949
"Hong Kong SAR, China",HKG,2022,4.318
"Hong Kong SAR, China",HKG,2021,5.174
"Hong Kong SAR, China",HKG,2020,5.808
"Hong Kong SAR, China",HKG,2019,2.917
"Hong Kong SAR, China",HKG,2018,2.805
"Hong Kong SAR, China",HKG,2017,3.124
"Hong Kong SAR, China",HKG,2016,3.392
"Hong Kong SAR, China",HKG,2015,3.314
"Hong Kong SAR, China",HKG,2014,3.296
"Hong Kong SAR, China",HKG,2013,3.4
Hungary,HUN,2023,4.096
Hungary,HUN,2022,3.583
Hungary,HUN,2021,4.021
Hungary,HUN,2020,4.248
Hungary,HUN,2019,3.411
Hungary,HUN,2018,3.667
Hungary,HUN,2017,4.156
Hungary,HUN,2016,5.115
Hungary,HUN,2015,6.813
Hungary,HUN,2014,7.725
Hungary,HUN,2013,10.177
Iceland,ISL,2023,3.518
Iceland,ISL,2022,3.789
Iceland,ISL,2021,6.029
Iceland,ISL,2020,5.478
Iceland,ISL,2019,3.507
Iceland,ISL,2018,2.704
Iceland,ISL,2017,2.742
Iceland,ISL,2016,2.978
Iceland,ISL,2015,3.979
Iceland,ISL,2014,4.897
Iceland,ISL,2013,5.376
India,IND,2023,4.172
India,IND,2022,4.822
India,IND,2021,6.38
India,IND,2020,7.859
India,IND,2019,6.51
India,IND,2018,7.652
India,IND,2017,7.626
India,IND,2016,7.611
India,IND,2015,7.629
India,IND,2014,7.656
India,IND,2013,7.678
Indonesia,IDN,2023,3.308
Indonesia,IDN,2022,3.462
Indonesia,IDN,2021,3.827
Indonesia,IDN,2020,4.255
Indonesia,IDN,2019,3.59
Indonesia,IDN,2018,4.387
Indonesia,IDN,2017,3.783
Indonesia,IDN,2016,4.301
Indonesia,IDN,2015,4.514
Indonesia,IDN,2014,4.049
Indonesia,IDN,2013,4.336
"Iran, Islamic Rep.",IRN,2023,8.129
"Iran, Islamic Rep.",IRN,2022,9.085
"Iran, Islamic Rep.",IRN,2021,9.282
"Iran, Islamic Rep.",IRN,2020,9.687
"Iran, Islamic Rep.",IRN,2019,10.74
"Iran, Islamic Rep.",IRN,2018,12.195
"Iran, Islamic Rep.",IRN,2017,12.232
"Iran, Islamic Rep.",IRN,2016,12.618
"Iran, Islamic Rep.",IRN,2015,11.166
"Iran, Islamic Rep.",IRN,2014,10.68
"Iran, Islamic Rep.",IRN,2013,10.595
Iraq,IRQ,2023,15.239
Iraq,IRQ,2022,15.41
Iraq,IRQ,2021,16.173
Iraq,IRQ,2020,15.766
Iraq,IRQ,2019,14.096
Iraq,IRQ,2018,13.458
Iraq,IRQ,2017,13.02
Iraq,IRQ,2016,10.82
Iraq,IRQ,2015,10.865
Iraq,IRQ,2014,10.59
Iraq,IRQ,2013,9.222
Ireland,IRL,2023,4.243
Ireland,IRL,2022,4.465
Ireland,IRL,2021,6.357
Ireland,IRL,2020,5.623
Ireland,IRL,2019,4.95
Ireland,IRL,2018,5.741
Ireland,IRL,2017,6.713
Ireland,IRL,2016,8.374
Ireland,IRL,2015,9.908
Ireland,IRL,2014,11.858
Ireland,IRL,2013,13.735
Isle of Man,IMN,2023,
Isle of Man,IMN,2022,
Isle of Man,IMN,2021,
Isle of Man,IMN,2020,
Isle of Man,IMN,2019,
Isle of Man,IMN,2018,
Isle of Man,IMN,2017,
Isle of Man,IMN,2016,
Isle of Man,IMN,2015,
Isle of Man,IMN,2014,
Isle of Man,IMN,2013,
Israel,ISR,2023,3.371
Israel,ISR,2022,3.695
Israel,ISR,2021,4.812
Israel,ISR,2020,4.169
Israel,ISR,2019,3.731
Israel,ISR,2018,3.917
Israel,ISR,2017,4.14
Israel,ISR,2016,4.723
Israel,ISR,2015,5.176
Israel,ISR,2014,5.789
Israel,ISR,2013,6.137
Italy,ITA,2023,7.627
Italy,ITA,2022,8.069
Italy,ITA,2021,9.497
Italy,ITA,2020,9.192
Italy,ITA,2019,9.884
Italy,ITA,2018,10.538
Italy,ITA,2017,11.211
Italy,ITA,2016,11.688
Italy,ITA,2015,11.896
Italy,ITA,2014,12.683
Italy,ITA,2013,12.149
Jamaica,JAM,2023,3.022
Jamaica,JAM,2022,4.083
Jamaica,JAM,2021,5.188
Jamaica,JAM,2020,6.501
Jamaica,JAM,2019,4.987
Jamaica,JAM,2018,5.47
Jamaica,JAM,2017,7.399
Jamaica,JAM,2016,8.634
Jamaica,JAM,2015,8.825
Jamaica,JAM,2014,9.046
Jamaica,JAM,2013,9.698
Japan,JPN,2023,2.6
Japan,JPN,2022,2.614
Japan,JPN,2021,2.808
Japan,JPN,2020,2.809
Japan,JPN,2019,2.351
Japan,JPN,2018,2.467
Japan,JPN,2017,2.822
Japan,JPN,2016,3.132
Japan,JPN,2015,3.385
Japan,JPN,2014,3.589
Japan,JPN,2013,4.038
Jordan,JOR,2023,16.62
Jordan,JOR,2022,18.2
Jordan,JOR,2021,19.837
Jordan,JOR,2020,19.213
Jordan,JOR,2019,16.801
Jordan,JOR,2018,18.257
Jordan,JOR,2017,18.12
Jordan,JOR,2016,15.275
Jordan,JOR,2015,13.075
Jordan,JOR,2014,11.9
Jordan,JOR,2013,12.6
Kazakhstan,KAZ,2023,4.835
Kazakhstan,KAZ,2022,4.86
Kazakhstan,KAZ,2021,5.568
Kazakhstan,KAZ,2020,4.89
Kazakhstan,KAZ,2019,4.8
Kazakhstan,KAZ,2018,4.85
Kazakhstan,KAZ,2017,4.9
Kazakhstan,KAZ,2016,4.96
Kazakhstan,KAZ,2015,4.93
Kazakhstan,KAZ,2014,5.06
Kazakhstan,KAZ,2013,5.2
Kenya,KEN,2023,5.409
Kenya,KEN,2022,5.565
Kenya,KEN,2021,5.693
Kenya,KEN,2020,5.613
Kenya,KEN,2019,5.014
Kenya,KEN,2018,4.284
Kenya,KEN,2017,3.542
Kenya,KEN,2016,2.757
Kenya,KEN,2015,2.762
Kenya,KEN,2014,2.767
Kenya,KEN,2013,2.762
Kiribati,KIR,2023,
Kiribati,KIR,2022,
Kiribati,KIR,2021,
Kiribati,KIR,2020,
Kiribati,KIR,2019,
Kiribati,KIR,2018,
Kiribati,KIR,2017,
Kiribati,KIR,2016,
Kiribati,KIR,2015,
Kiribati,KIR,2014,
Kiribati,KIR,2013,
"Korea, Dem. People's Rep.",PRK,2023,3.463
"Korea, Dem. People's Rep.",PRK,2022,3.457
"Korea, Dem. People's Rep.",PRK,2021,3.692
"Korea, Dem. People's Rep.",PRK,2020,3.624
"Korea, Dem. People's Rep.",PRK,2019,3.439
"Korea, Dem. People's Rep.",PRK,2018,3.409
"Korea, Dem. People's Rep.",PRK,2017,3.498
"Korea, Dem. People's Rep.",PRK,2016,3.574
"Korea, Dem. People's Rep.",PRK,2015,3.523
"Korea, Dem. People's Rep.",PRK,2014,3.509
"Korea, Dem. People's Rep.",PRK,2013,3.567
"Korea, Rep.",KOR,2023,2.675
"Korea, Rep.",KOR,2022,2.857
"Korea, Rep.",KOR,2021,3.639
"Korea, Rep.",KOR,2020,3.931
"Korea, Rep.",KOR,2019,3.746
"Korea, Rep.",KOR,2018,3.824
"Korea, Rep.",KOR,2017,3.653
"Korea, Rep.",KOR,2016,3.65
"Korea, Rep.",KOR,2015,3.546
"Korea, Rep.",KOR,2014,3.082
"Korea, Rep.",KOR,2013,3.067
Kosovo,XKX,2023,
Kosovo,XKX,2022,
Kosovo,XKX,2021,
Kosovo,XKX,2020,
Kosovo,XKX,2019,
Kosovo,XKX,2018,
Kosovo,XKX,2017,
Kosovo,XKX,2016,
Kosovo,XKX,2015,
Kosovo,XKX,2014,
Kosovo,XKX,2013,
Kuwait,KWT,2023,2.08
Kuwait,KWT,2022,2.133
Kuwait,KWT,2021,2.97
Kuwait,KWT,2020,3.489
Kuwait,KWT,2019,2.213
Kuwait,KWT,2018,2.202
Kuwait,KWT,2017,2.23
Kuwait,KWT,2016,2.16
Kuwait,KWT,2015,2.2
Kuwait,KWT,2014,2.9
Kuwait,KWT,2013,2.465
Kyrgyz Republic,KGZ,2023,3.498
Kyrgyz Republic,KGZ,2022,4.767
Kyrgyz Republic,KGZ,2021,5.149
Kyrgyz Republic,KGZ,2020,5.945
Kyrgyz Republic,KGZ,2019,5.45
Kyrgyz Republic,KGZ,2018,4.559
Kyrgyz Republic,KGZ,2017,4.425
Kyrgyz Republic,KGZ,2016,4.294
Kyrgyz Republic,KGZ,2015,4.138
Kyrgyz Republic,KGZ,2014,4.02
Kyrgyz Republic,KGZ,2013,3.881
Lao PDR,LAO,2023,1.186
Lao PDR,LAO,2022,1.209
Lao PDR,LAO,2021,2.08
Lao PDR,LAO,2020,2.349
Lao PDR,LAO,2019,2.531
Lao PDR,LAO,2018,2.897
Lao PDR,LAO,2017,3.268
Lao PDR,LAO,2016,2.634
Lao PDR,LAO,2015,2.006
Lao PDR,LAO,2014,1.733
Lao PDR,LAO,2013,1.469
Latvia,LVA,2023,6.465
Latvia,LVA,2022,6.815
Latvia,LVA,2021,7.513
Latvia,LVA,2020,8.098
Latvia,LVA,2019,6.312
Latvia,LVA,2018,7.412
Latvia,LVA,2017,8.715
Latvia,LVA,2016,9.643
Latvia,LVA,2015,9.873
Latvia,LVA,2014,10.846
Latvia,LVA,2013,11.867
Lebanon,LBN,2023,10.985
Lebanon,LBN,2022,11.105
Lebanon,LBN,2021,12.715
Lebanon,LBN,2020,13.252
Lebanon,LBN,2019,11.301
Lebanon,LBN,2018,10.755
Lebanon,LBN,2017,10.258
Lebanon,LBN,2016,9.794
Lebanon,LBN,2015,9.312
Lebanon,LBN,2014,8.84
Lebanon,LBN,2013,8.477
Lesotho,LSO,2023,16.348
Lesotho,LSO,2022,16.623
Lesotho,LSO,2021,18.214
Lesotho,LSO,2020,18.385
Lesotho,LSO,2019,16.876
Lesotho,LSO,2018,16.614
Lesotho,LSO,2017,16.379
Lesotho,LSO,2016,16.138
Lesotho,LSO,2015,16.223
Lesotho,LSO,2014,16.066
Lesotho,LSO,2013,15.926
Liberia,LBR,2023,2.905
Liberia,LBR,2022,2.956
Liberia,LBR,2021,3.844
Liberia,LBR,2020,4.102
Liberia,LBR,2019,3.071
Liberia,LBR,2018,3.058
Liberia,LBR,2017,3.067
Liberia,LBR,2016,3.081
Liberia,LBR,2015,2.557
Liberia,LBR,2014,2.079
Liberia,LBR,2013,2.08
Libya,LBY,2023,18.713
Libya,LBY,2022,19.238
Libya,LBY,2021,19.779
Libya,LBY,2020,19.651
Libya,LBY,2019,19.087
Libya,LBY,2018,18.865
Libya,LBY,2017,19.053
Libya,LBY,2016,19.559
Libya,LBY,2015,19.69
Libya,LBY,2014,19.295
Libya,LBY,2013,19.311
Liechtenstein,LIE,2023,
Liechtenstein,LIE,2022,
Liechtenstein,LIE,2021,
Liechtenstein,LIE,2020,
Liechtenstein,LIE,2019,
Liechtenstein,LIE,2018,
Liechtenstein,LIE,2017,
Liechtenstein,LIE,2016,
Liechtenstein,LIE,2015,
Liechtenstein,LIE,2014,
Liechtenstein,LIE,2013,
Lithuania,LTU,2023,6.841
Lithuania,LTU,2022,5.955
Lithuania,LTU,2021,7.112
Lithuania,LTU,2020,8.487
Lithuania,LTU,2019,6.255
Lithuania,LTU,2018,6.147
Lithuania,LTU,2017,7.073
Lithuania,LTU,2016,7.862
Lithuania,LTU,2015,9.12
Lithuania,LTU,2014,10.698
Lithuania,LTU,2013,11.77
Luxembourg,LUX,2023,5.184
Luxembourg,LUX,2022,4.588
Luxembourg,LUX,2021,5.571
Luxembourg,LUX,2020,6.766
Luxembourg,LUX,2019,5.592
Luxembourg,LUX,2018,5.589
Luxembourg,LUX,2017,5.523
Luxembourg,LUX,2016,6.669
Luxembourg,LUX,2015,6.796
Luxembourg,LUX,2014,6.044
Luxembourg,LUX,2013,6.045
"Macao SAR, China",MAC,2023,2.206
"Macao SAR, China",MAC,2022,2.446
"Macao SAR, China",MAC,2021,2.221
"Macao SAR, China",MAC,2020,2.542
"Macao SAR, China",MAC,2019,1.73
"Macao SAR, China",MAC,2018,1.803
"Macao SAR, China",MAC,2017,1.981
"Macao SAR, China",MAC,2016,1.939
"Macao SAR, China",MAC,2015,1.81
"Macao SAR, China",MAC,2014,1.67
"Macao SAR, China",MAC,2013,1.82
Madagascar,MDG,2023,3.044
Madagascar,MDG,2022,3.186
Madagascar,MDG,2021,3.498
Madagascar,MDG,2020,3.292
Madagascar,MDG,2019,2.479
Madagascar,MDG,2018,2.303
Madagascar,MDG,2017,2.123
Madagascar,MDG,2016,1.949
Madagascar,MDG,2015,1.785
Madagascar,MDG,2014,1.385
Madagascar,MDG,2013,0.995
Malawi,MWI,2023,5.009
Malawi,MWI,2022,5.02
Malawi,MWI,2021,5.652
Malawi,MWI,2020,5.72
Malawi,MWI,2019,4.964
Malawi,MWI,2018,5.021
Malawi,MWI,2017,5.046
Malawi,MWI,2016,5.011
Malawi,MWI,2015,4.953
Malawi,MWI,2014,4.967
Malawi,MWI,2013,4.978
Malaysia,MYS,2023,3.858
Malaysia,MYS,2022,3.93
Malaysia,MYS,2021,4.64
Malaysia,MYS,2020,4.54
Malaysia,MYS,2019,3.33
Malaysia,MYS,2018,3.3
Malaysia,MYS,2017,3.41
Malaysia,MYS,2016,3.44
Malaysia,MYS,2015,3.1
Malaysia,MYS,2014,2.88
Malaysia,MYS,2013,3.14
Maldives,MDV,2023,4.019
Maldives,MDV,2022,4.303
Maldives,MDV,2021,5.016
Maldives,MDV,2020,5.42
Maldives,MDV,2019,4.562
Maldives,MDV,2018,4.962
Maldives,MDV,2017,5.377
Maldives,MDV,2016,5.771
Maldives,MDV,2015,6.611
Maldives,MDV,2014,7.461
Maldives,MDV,2013,8.295
Mali,MLI,2023,2.947
Mali,MLI,2022,2.387
Mali,MLI,2021,4.006
Mali,MLI,2020,3.528
Mali,MLI,2019,3.29
Mali,MLI,2018,1.62
Mali,MLI,2017,1.498
Mali,MLI,2016,1.367
Mali,MLI,2015,1.404
Mali,MLI,2014,1.476
Mali,MLI,2013,1.517
Malta,MLT,2023,3.479
Malta,MLT,2022,3.471
Malta,MLT,2021,3.754
Malta,MLT,2020,4.856
Malta,MLT,2019,4.08
Malta,MLT,2018,3.956
Malta,MLT,2017,4.008
Malta,MLT,2016,4.694
Malta,MLT,2015,5.389
Malta,MLT,2014,5.737
Malta,MLT,2013,6.115
Marshall Islands,MHL,2023,
Marshall Islands,MHL,2022,
Marshall Islands,MHL,2021,
Marshall Islands,MHL,2020,
Marshall Islands,MHL,2019,
Marshall Islands,MHL,2018,
Marshall Islands,MHL,2017,
Marshall Islands,MHL,2016,
Marshall Islands,MHL,2015,
Marshall Islands,MHL,2014,
Marshall Islands,MHL,2013,
Mauritania,MRT,2023,10.37
Mauritania,MRT,2022,10.52
Mauritania,MRT,2021,11.131
Mauritania,MRT,2020,11.051
Mauritania,MRT,2019,10.416
Mauritania,MRT,2018,10.411
Mauritania,MRT,2017,10.336
Mauritania,MRT,2016,10.287
Mauritania,MRT,2015,10.104
Mauritania,MRT,2014,10.026
Mauritania,MRT,2013,9.926
Mauritius,MUS,2023,5.571
Mauritius,MUS,2022,6.322
Mauritius,MUS,2021,7.719
Mauritius,MUS,2020,8.626
Mauritius,MUS,2019,6.331
Mauritius,MUS,2018,6.426
Mauritius,MUS,2017,6.752
Mauritius,MUS,2016,6.814
Mauritius,MUS,2015,7.41
Mauritius,MUS,2014,7.467
Mauritius,MUS,2013,7.322
Mexico,MEX,2023,2.765
Mexico,MEX,2022,3.256
Mexico,MEX,2021,4.019
Mexico,MEX,2020,4.44
Mexico,MEX,2019,3.477
Mexico,MEX,2018,3.275
Mexico,MEX,2017,3.419
Mexico,MEX,2016,3.853
Mexico,MEX,2015,4.311
Mexico,MEX,2014,4.819
Mexico,MEX,2013,4.921
"Micronesia, Fed. Sts.",FSM,2023,
"Micronesia, Fed. Sts.",FSM,2022,
"Micronesia, Fed. Sts.",FSM,2021,
"Micronesia, Fed. Sts.",FSM,2020,
"Micronesia, Fed. Sts.",FSM,2019,
"Micronesia, Fed. Sts.",FSM,2018,
"Micronesia, Fed. Sts.",FSM,2017,
"Micronesia, Fed. Sts.",FSM,2016,
"Micronesia, Fed. Sts.",FSM,2015,
"Micronesia, Fed. Sts.",FSM,2014,
"Micronesia, Fed. Sts.",FSM,2013,
Moldova,MDA,2023,1.57
Moldova,MDA,2022,0.909
Moldova,MDA,2021,0.794
Moldova,MDA,2020,1.206
Moldova,MDA,2019,1.502
Moldova,MDA,2018,1.239
Moldova,MDA,2017,1.622
Moldova,MDA,2016,1.591
Moldova,MDA,2015,1.781
Moldova,MDA,2014,1.45
Moldova,MDA,2013,1.894
Monaco,MCO,2023,
Monaco,MCO,2022,
Monaco,MCO,2021,
Monaco,MCO,2020,
Monaco,MCO,2019,
Monaco,MCO,2018,
Monaco,MCO,2017,
Monaco,MCO,2016,
Monaco,MCO,2015,
Monaco,MCO,2014,
Monaco,MCO,2013,
Mongolia,MNG,2023,5.178
Mongolia,MNG,2022,5.954
Mongolia,MNG,2021,7.871
Mongolia,MNG,2020,6.413
Mongolia,MNG,2019,9.024
Mongolia,MNG,2018,5.377
Mongolia,MNG,2017,6.359
Mongolia,MNG,2016,7.235
Mongolia,MNG,2015,4.861
Mongolia,MNG,2014,4.798
Mongolia,MNG,2013,4.231
Montenegro,MNE,2023,13.146
Montenegro,MNE,2022,14.851
Montenegro,MNE,2021,16.543
Montenegro,MNE,2020,17.878
Montenegro,MNE,2019,15.128
Montenegro,MNE,2018,15.19
Montenegro,MNE,2017,16.082
Montenegro,MNE,2016,17.732
Montenegro,MNE,2015,17.555
Montenegro,MNE,2014,18.054
Montenegro,MNE,2013,19.585
Morocco,MAR,2023,8.896
Morocco,MAR,2022,9.413
Morocco,MAR,2021,10.551
Morocco,MAR,2020,11.189
Morocco,MAR,2019,9.191
Morocco,MAR,2018,9.272
Morocco,MAR,2017,9.22
Morocco,MAR,2016,9.3
Morocco,MAR,2015,9.46
Morocco,MAR,2014,9.7
Morocco,MAR,2013,9.23
Mozambique,MOZ,2023,6.661
Mozambique,MOZ,2022,6.789
Mozambique,MOZ,2021,5.413
Mozambique,MOZ,2020,5.019
Mozambique,MOZ,2019,4.462
Mozambique,MOZ,2018,4.21
Mozambique,MOZ,2017,3.935
Mozambique,MOZ,2016,3.65
Mozambique,MOZ,2015,3.426
Mozambique,MOZ,2014,3.377
Mozambique,MOZ,2013,3.345
Myanmar,MMR,2023,2.977
Myanmar,MMR,2022,3.063
Myanmar,MMR,2021,4.34
Myanmar,MMR,2020,1.476
Myanmar,MMR,2019,0.407
Myanmar,MMR,2018,0.767
Myanmar,MMR,2017,1.356
Myanmar,MMR,2016,1.058
Myanmar,MMR,2015,0.766
Myanmar,MMR,2014,0.763
Myanmar,MMR,2013,0.775
Namibia,NAM,2023,19.154
Namibia,NAM,2022,19.615
Namibia,NAM,2021,20.931
Namibia,NAM,2020,21.003
Namibia,NAM,2019,19.929
Namibia,NAM,2018,19.877
Namibia,NAM,2017,21.748
Namibia,NAM,2016,23.352
Namibia,NAM,2015,20.791
Namibia,NAM,2014,18.521
Namibia,NAM,2013,19.028
Naoero,NRU,2023,
Naoero,NRU,2022,
Naoero,NRU,2021,
Naoero,NRU,2020,
Naoero,NRU,2019,
Naoero,NRU,2018,
Naoero,NRU,2017,
Naoero,NRU,2016,
Naoero,NRU,2015,
Naoero,NRU,2014,
Naoero,NRU,2013,
Nepal,NPL,2023,10.437
Nepal,NPL,2022,10.661
Nepal,NPL,2021,12.241
Nepal,NPL,2020,13.037
Nepal,NPL,2019,10.477
Nepal,NPL,2018,10.593
Nepal,NPL,2017,10.66
Nepal,NPL,2016,10.714
Nepal,NPL,2015,10.643
Nepal,NPL,2014,10.62
Nepal,NPL,2013,10.666
Netherlands,NLD,2023,3.535
Netherlands,NLD,2022,3.526
Netherlands,NLD,2021,4.209
Netherlands,NLD,2020,3.82
Netherlands,NLD,2019,3.379
Netherlands,NLD,2018,3.832
Netherlands,NLD,2017,4.837
Netherlands,NLD,2016,6.007
Netherlands,NLD,2015,6.872
Netherlands,NLD,2014,7.419
Netherlands,NLD,2013,7.241
New Caledonia,NCL,2023,10.922
New Caledonia,NCL,2022,10.71
New Caledonia,NCL,2021,11.574
New Caledonia,NCL,2020,13.558
New Caledonia,NCL,2019,10.88
New Caledonia,NCL,2018,11.702
New Caledonia,NCL,2017,11.676
New Caledonia,NCL,2016,12.679
New Caledonia,NCL,2015,13.621
New Caledonia,NCL,2014,14.59
New Caledonia,NCL,2013,14.39
New Zealand,NZL,2023,3.734
New Zealand,NZL,2022,3.299
New Zealand,NZL,2021,3.776
New Zealand,NZL,2020,4.595
New Zealand,NZL,2019,4.109
New Zealand,NZL,2018,4.335
New Zealand,NZL,2017,4.736
New Zealand,NZL,2016,5.147
New Zealand,NZL,2015,5.415
New Zealand,NZL,2014,5.428
New Zealand,NZL,2013,5.839
Nicaragua,NIC,2023,4.698
Nicaragua,NIC,2022,4.969
Nicaragua,NIC,2021,6.076
Nicaragua,NIC,2020,6.18
Nicaragua,NIC,2019,5.457
Nicaragua,NIC,2018,5.2
Nicaragua,NIC,2017,3.3
Nicaragua,NIC,2016,3.9
Nicaragua,NIC,2015,4.7
Nicaragua,NIC,2014,4.52
Nicaragua,NIC,2013,5.28
Niger,NER,2023,0.407
Niger,NER,2022,0.403
Niger,NER,2021,0.806
Niger,NER,2020,0.591
Niger,NER,2019,0.531
Niger,NER,2018,0.536
Niger,NER,2017,0.556
Niger,NER,2016,0.55
Niger,NER,2015,0.556
Niger,NER,2014,0.524
Niger,NER,2013,1.401
Nigeria,NGA,2023,3.074
Nigeria,NGA,2022,3.827
Nigeria,NGA,2021,5.404
Nigeria,NGA,2020,5.714
Nigeria,NGA,2019,5.206
Nigeria,NGA,2018,5.069
Nigeria,NGA,2017,4.83
Nigeria,NGA,2016,4.499
Nigeria,NGA,2015,4.134
Nigeria,NGA,2014,3.9
Nigeria,NGA,2013,3.711
North Macedonia,MKD,2023,13.174
North Macedonia,MKD,2022,14.476
North Macedonia,MKD,2021,15.801
North Macedonia,MKD,2020,16.575
North Macedonia,MKD,2019,17.414
North Macedonia,MKD,2018,21.208
North Macedonia,MKD,2017,22.857
North Macedonia,MKD,2016,24.312
North Macedonia,MKD,2015,26.395
North Macedonia,MKD,2014,28.215
North Macedonia,MKD,2013,29.017
Northern Mariana Islands,MNP,2023,
Northern Mariana Islands,MNP,2022,
Northern Mariana Islands,MNP,2021,
Northern Mariana Islands,MNP,2020,
Northern Mariana Islands,MNP,2019,
Northern Mariana Islands,MNP,2018,
Northern Mariana Islands,MNP,2017,
Northern Mariana Islands,MNP,2016,
Northern Mariana Islands,MNP,2015,
Northern Mariana Islands,MNP,2014,
Northern Mariana Islands,MNP,2013,
Norway,NOR,2023,3.574
Norway,NOR,2022,3.231
Norway,NOR,2021,4.359
Norway,NOR,2020,4.424
Norway,NOR,2019,3.684
Norway,NOR,2018,3.801
Norway,NOR,2017,4.164
Norway,NOR,2016,4.68
Norway,NOR,2015,4.296
Norway,NOR,2014,3.486
Norway,NOR,2013,3.425
Oman,OMN,2023,3.176
Oman,OMN,2022,3.3
Oman,OMN,2021,1.9
Oman,OMN,2020,2.94
Oman,OMN,2019,2.045
Oman,OMN,2018,1.8
Oman,OMN,2017,2.523
Oman,OMN,2016,3.266
Oman,OMN,2015,3.403
Oman,OMN,2014,3.453
Oman,OMN,2013,3.553
Pakistan,PAK,2023,5.237
Pakistan,PAK,2022,5.291
Pakistan,PAK,2021,6.338
Pakistan,PAK,2020,5.994
Pakistan,PAK,2019,4.83
Pakistan,PAK,2018,4.083
Pakistan,PAK,2017,3.204
Pakistan,PAK,2016,2.285
Pakistan,PAK,2015,3.566
Pakistan,PAK,2014,1.827
Pakistan,PAK,2013,2.954
Palau,PLW,2023,
Palau,PLW,2022,
Palau,PLW,2021,
Palau,PLW,2020,
Palau,PLW,2019,
Palau,PLW,2018,
Palau,PLW,2017,
Palau,PLW,2016,
Palau,PLW,2015,
Palau,PLW,2014,
Palau,PLW,2013,
Panama,PAN,2023,6.544
Panama,PAN,2022,8.086
Panama,PAN,2021,10.177
Panama,PAN,2020,14.663
Panama,PAN,2019,6.256
Panama,PAN,2018,5.161
Panama,PAN,2017,5.338
Panama,PAN,2016,4.717
Panama,PAN,2015,4.335
Panama,PAN,2014,4.391
Panama,PAN,2013,3.674
Papua New Guinea,PNG,2023,2.649
Papua New Guinea,PNG,2022,2.689
Papua New Guinea,PNG,2021,3.03
Papua New Guinea,PNG,2020,2.903
Papua New Guinea,PNG,2019,2.651
Papua New Guinea,PNG,2018,2.65
Papua New Guinea,PNG,2017,2.58
Papua New Guinea,PNG,2016,2.478
Papua New Guinea,PNG,2015,2.507
Papua New Guinea,PNG,2014,2.54
Papua New Guinea,PNG,2013,2.698
Paraguay,PRY,2023,5.794
Paraguay,PRY,2022,6.755
Paraguay,PRY,2021,7.311
Paraguay,PRY,2020,7.548
Paraguay,PRY,2019,6.595
Paraguay,PRY,2018,6.217
Paraguay,PRY,2017,6.138
Paraguay,PRY,2016,5.255
Paraguay,PRY,2015,4.556
Paraguay,PRY,2014,5.034
Paraguay,PRY,2013,4.385
Peru,PER,2023,4.899
Peru,PER,2022,4.291
Peru,PER,2021,5.097
Peru,PER,2020,7.179
Peru,PER,2019,3.379
Peru,PER,2018,3.492
Peru,PER,2017,3.691
Peru,PER,2016,3.741
Peru,PER,2015,3.272
Peru,PER,2014,3.208
Peru,PER,2013,3.575
Philippines,PHL,2023,2.2
Philippines,PHL,2022,2.598
Philippines,PHL,2021,3.398
Philippines,PHL,2020,2.522
Philippines,PHL,2019,2.237
Philippines,PHL,2018,2.338
Philippines,PHL,2017,2.552
Philippines,PHL,2016,2.695
Philippines,PHL,2015,3.068
Philippines,PHL,2014,3.6
Philippines,PHL,2013,3.497
Poland,POL,2023,2.743
Poland,POL,2022,2.811
Poland,POL,2021,3.268
Poland,POL,2020,3.155
Poland,POL,2019,3.267
Poland,POL,2018,3.835
Poland,POL,2017,4.867
Poland,POL,2016,6.141
Poland,POL,2015,7.475
Poland,POL,2014,8.971
Poland,POL,2013,10.293
Portugal,PRT,2023,6.498
Portugal,PRT,2022,6.138
Portugal,PRT,2021,6.712
Portugal,PRT,2020,6.85
Portugal,PRT,2019,6.422
Portugal,PRT,2018,6.966
Portugal,PRT,2017,8.878
Portugal,PRT,2016,11.058
Portugal,PRT,2015,12.405
Portugal,PRT,2014,13.88
Portugal,PRT,2013,16.237
Puerto Rico (US),PRI,2023,5.725
Puerto Rico (US),PRI,2022,6.0
Puerto Rico (US),PRI,2021,7.9
Puerto Rico (US),PRI,2020,8.89
Puerto Rico (US),PRI,2019,8.3
Puerto Rico (US),PRI,2018,9.2
Puerto Rico (US),PRI,2017,10.8
Puerto Rico (US),PRI,2016,11.8
Puerto Rico (US),PRI,2015,12.0
Puerto Rico (US),PRI,2014,13.9
Puerto Rico (US),PRI,2013,14.3
Qatar,QAT,2023,0.13
Qatar,QAT,2022,0.13
Qatar,QAT,2021,0.14
Qatar,QAT,2020,0.14
Qatar,QAT,2019,0.1
Qatar,QAT,2018,0.11
Qatar,QAT,2017,0.14
Qatar,QAT,2016,0.15
Qatar,QAT,2015,0.17
Qatar,QAT,2014,0.2
Qatar,QAT,2013,0.28
Romania,ROU,2023,5.589
Romania,ROU,2022,5.614
Romania,ROU,2021,5.59
Romania,ROU,2020,5.035
Romania,ROU,2019,3.912
Romania,ROU,2018,4.187
Romania,ROU,2017,4.927
Romania,ROU,2016,5.901
Romania,ROU,2015,6.812
Romania,ROU,2014,6.802
Romania,ROU,2013,7.096
Russian Federation,RUS,2023,3.076
Russian Federation,RUS,2022,3.867
Russian Federation,RUS,2021,4.749
Russian Federation,RUS,2020,5.62
Russian Federation,RUS,2019,4.513
Russian Federation,RUS,2018,4.871
Russian Federation,RUS,2017,5.238
Russian Federation,RUS,2016,5.591
Russian Federation,RUS,2015,5.615
Russian Federation,RUS,2014,5.212
Russian Federation,RUS,2013,5.513
Rwanda,RWA,2023,12.352
Rwanda,RWA,2022,15.084
Rwanda,RWA,2021,15.775
Rwanda,RWA,2020,11.829
Rwanda,RWA,2019,11.236
Rwanda,RWA,2018,10.759
Rwanda,RWA,2017,11.875
Rwanda,RWA,2016,11.788
Rwanda,RWA,2015,11.831
Rwanda,RWA,2014,11.837
Rwanda,RWA,2013,11.768
Samoa,WSM,2023,4.92
Samoa,WSM,2022,5.048
Samoa,WSM,2021,6.664
Samoa,WSM,2020,7.467
Samoa,WSM,2019,7.858
Samoa,WSM,2018,8.649
Samoa,WSM,2017,9.4
Samoa,WSM,2016,9.063
Samoa,WSM,2015,8.901
Samoa,WSM,2014,8.72
Samoa,WSM,2013,8.772
San Marino,SMR,2023,
San Marino,SMR,2022,
San Marino,SMR,2021,
San Marino,SMR,2020,
San Marino,SMR,2019,
San Marino,SMR,2018,
San Marino,SMR,2017,
San Marino,SMR,2016,
San Marino,SMR,2015,
San Marino,SMR,2014,
San Marino,SMR,2013,
Sao Tome and Principe,STP,2023,9.032
Sao Tome and Principe,STP,2022,8.964
Sao Tome and Principe,STP,2021,9.563
Sao Tome and Principe,STP,2020,9.679
Sao Tome and Principe,STP,2019,8.835
Sao Tome and Principe,STP,2018,8.712
Sao Tome and Principe,STP,2017,8.808
Sao Tome and Principe,STP,2016,9.684
Sao Tome and Principe,STP,2015,10.591
Sao Tome and Principe,STP,2014,11.428
Sao Tome and Principe,STP,2013,12.476
Saudi Arabia,SAU,2023,4.008
Saudi Arabia,SAU,2022,5.589
Saudi Arabia,SAU,2021,6.621
Saudi Arabia,SAU,2020,7.66
Saudi Arabia,SAU,2019,5.636
Saudi Arabia,SAU,2018,6.029
Saudi Arabia,SAU,2017,5.89
Saudi Arabia,SAU,2016,5.6
Saudi Arabia,SAU,2015,5.6
Saudi Arabia,SAU,2014,5.877
Saudi Arabia,SAU,2013,5.6
Senegal,SEN,2023,2.784
Senegal,SEN,2022,2.837
Senegal,SEN,2021,3.436
Senegal,SEN,2020,3.432
Senegal,SEN,2019,2.863
Senegal,SEN,2018,3.453
Senegal,SEN,2017,4.078
Senegal,SEN,2016,4.455
Senegal,SEN,2015,6.757
Senegal,SEN,2014,5.849
Senegal,SEN,2013,5.012
Serbia,SRB,2023,8.268
Serbia,SRB,2022,8.439
Serbia,SRB,2021,9.843
Serbia,SRB,2020,9.011
Serbia,SRB,2019,10.395
Serbia,SRB,2018,12.733
Serbia,SRB,2017,13.477
Serbia,SRB,2016,15.257
Serbia,SRB,2015,17.66
Serbia,SRB,2014,19.223
Serbia,SRB,2013,22.154
Seychelles,SYC,2023,
Seychelles,SYC,2022,
Seychelles,SYC,2021,
Seychelles,SYC,2020,
Seychelles,SYC,2019,
Seychelles,SYC,2018,
Seychelles,SYC,2017,
Seychelles,SYC,2016,
Seychelles,SYC,2015,
Seychelles,SYC,2014,
Seychelles,SYC,2013,
Sierra Leone,SLE,2023,3.092
Sierra Leone,SLE,2022,3.137
Sierra Leone,SLE,2021,3.551
Sierra Leone,SLE,2020,3.509
Sierra Leone,SLE,2019,3.204
Sierra Leone,SLE,2018,3.192
Sierra Leone,SLE,2017,3.656
Sierra Leone,SLE,2016,4.182
Sierra Leone,SLE,2015,4.483
Sierra Leone,SLE,2014,4.678
Sierra Leone,SLE,2013,4.376
Singapore,SGP,2023,3.444
Singapore,SGP,2022,3.591
Singapore,SGP,2021,4.64
Singapore,SGP,2020,4.1
Singapore,SGP,2019,3.1
Singapore,SGP,2018,3.613
Singapore,SGP,2017,4.2
Singapore,SGP,2016,4.08
Singapore,SGP,2015,3.79
Singapore,SGP,2014,3.74
Singapore,SGP,2013,3.86
Sint Maarten (Dutch part),SXM,2023,
Sint Maarten (Dutch part),SXM,2022,
Sint Maarten (Dutch part),SXM,2021,
Sint Maarten (Dutch part),SXM,2020,
Sint Maarten (Dutch part),SXM,2019,
Sint Maarten (Dutch part),SXM,2018,
Sint Maarten (Dutch part),SXM,2017,
Sint Maarten (Dutch part),SXM,2016,
Sint Maarten (Dutch part),SXM,2015,
Sint Maarten (Dutch part),SXM,2014,
Sint Maarten (Dutch part),SXM,2013,
Slovak Republic,SVK,2023,5.843
Slovak Republic,SVK,2022,6.143
Slovak Republic,SVK,2021,6.894
Slovak Republic,SVK,2020,6.719
Slovak Republic,SVK,2019,5.761
Slovak Republic,SVK,2018,6.544
Slovak Republic,SVK,2017,8.142
Slovak Republic,SVK,2016,9.679
Slovak Republic,SVK,2015,11.492
Slovak Republic,SVK,2014,11.536
Slovak Republic,SVK,2013,14.226
Slovenia,SVN,2023,3.652
Slovenia,SVN,2022,4.011
Slovenia,SVN,2021,4.744
Slovenia,SVN,2020,4.971
Slovenia,SVN,2019,4.446
Slovenia,SVN,2018,5.108
Slovenia,SVN,2017,6.564
Slovenia,SVN,2016,8.0
Slovenia,SVN,2015,8.962
Slovenia,SVN,2014,9.668
Slovenia,SVN,2013,10.103
Solomon Islands,SLB,2023,1.443
Solomon Islands,SLB,2022,1.475
Solomon Islands,SLB,2021,0.879
Solomon Islands,SLB,2020,0.868
Solomon Islands,SLB,2019,0.746
Solomon Islands,SLB,2018,0.722
Solomon Islands,SLB,2017,0.727
Solomon Islands,SLB,2016,0.736
Solomon Islands,SLB,2015,0.736
Solomon Islands,SLB,2014,0.73
Solomon Islands,SLB,2013,0.694
"Somalia, Fed. Rep.",SOM,2023,18.96
"Somalia, Fed. Rep.",SOM,2022,19.112
"Somalia, Fed. Rep.",SOM,2021,19.662
"Somalia, Fed. Rep.",SOM,2020,19.414
"Somalia, Fed. Rep.",SOM,2019,18.828
"Somalia, Fed. Rep.",SOM,2018,18.7
"Somalia, Fed. Rep.",SOM,2017,18.455
"Somalia, Fed. Rep.",SOM,2016,18.611
"Somalia, Fed. Rep.",SOM,2015,18.495
"Somalia, Fed. Rep.",SOM,2014,18.595
"Somalia, Fed. Rep.",SOM,2013,18.655
South Africa,ZAF,2023,32.098
South Africa,ZAF,2022,33.268
South Africa,ZAF,2021,34.007
South Africa,ZAF,2020,29.217
South Africa,ZAF,2019,28.468
South Africa,ZAF,2018,26.906
South Africa,ZAF,2017,27.035
South Africa,ZAF,2016,26.536
South Africa,ZAF,2015,25.149
South Africa,ZAF,2014,24.89
South Africa,ZAF,2013,24.561
South Sudan,SSD,2023,12.374
South Sudan,SSD,2022,12.475
South Sudan,SSD,2021,13.95
South Sudan,SSD,2020,14.246
South Sudan,SSD,2019,12.656
South Sudan,SSD,2018,12.853
South Sudan,SSD,2017,12.983
South Sudan,SSD,2016,12.854
South Sudan,SSD,2015,12.464
South Sudan,SSD,2014,12.561
South Sudan,SSD,2013,12.665
Spain,ESP,2023,12.179
Spain,ESP,2022,13.033
Spain,ESP,2021,14.914
Spain,ESP,2020,15.532
Spain,ESP,2019,14.104
Spain,ESP,2018,15.255
Spain,ESP,2017,17.224
Spain,ESP,2016,19.635
Spain,ESP,2015,22.057
Spain,ESP,2014,24.441
Spain,ESP,2013,26.094
Sri Lanka,LKA,2023,4.528
Sri Lanka,LKA,2022,4.528
Sri Lanka,LKA,2021,4.981
Sri Lanka,LKA,2020,5.364
Sri Lanka,LKA,2019,4.67
Sri Lanka,LKA,2018,4.318
Sri Lanka,LKA,2017,4.046
Sri Lanka,LKA,2016,4.242
Sri Lanka,LKA,2015,4.519
Sri Lanka,LKA,2014,4.157
Sri Lanka,LKA,2013,4.186
St. Kitts and Nevis,KNA,2023,
St. Kitts and Nevis,KNA,2022,
St. Kitts and Nevis,KNA,2021,
St. Kitts and Nevis,KNA,2020,
St. Kitts and Nevis,KNA,2019,
St. Kitts and Nevis,KNA,2018,
St. Kitts and Nevis,KNA,2017,
St. Kitts and Nevis,KNA,2016,
St. Kitts and Nevis,KNA,2015,
St. Kitts and Nevis,KNA,2014,
St. Kitts and Nevis,KNA,2013,
St. Lucia,LCA,2023,12.094
St. Lucia,LCA,2022,15.934
St. Lucia,LCA,2021,20.514
St. Lucia,LCA,2020,25.224
St. Lucia,LCA,2019,15.613
St. Lucia,LCA,2018,19.329
St. Lucia,LCA,2017,19.136
St. Lucia,LCA,2016,19.932
St. Lucia,LCA,2015,20.84
St. Lucia,LCA,2014,21.583
St. Lucia,LCA,2013,22.21
St. Martin (French part),MAF,2023,
St. Martin (French part),MAF,2022,
St. Martin (French part),MAF,2021,
St. Martin (French part),MAF,2020,
St. Martin (French part),MAF,2019,
St. Martin (French part),MAF,2018,
St. Martin (French part),MAF,2017,
St. Martin (French part),MAF,2016,
St. Martin (French part),MAF,2015,
St. Martin (French part),MAF,2014,
St. Martin (French part),MAF,2013,
St. Vincent and the Grenadines,VCT,2023,18.348
St. Vincent and the Grenadines,VCT,2022,19.277
St. Vincent and the Grenadines,VCT,2021,20.356
St. Vincent and the Grenadines,VCT,2020,20.635
St. Vincent and the Grenadines,VCT,2019,19.248
St. Vincent and the Grenadines,VCT,2018,19.005
St. Vincent and the Grenadines,VCT,2017,19.024
St. Vincent and the Grenadines,VCT,2016,19.029
St. Vincent and the Grenadines,VCT,2015,19.135
St. Vincent and the Grenadines,VCT,2014,19.237
St. Vincent and the Grenadines,VCT,2013,19.356
Sudan,SDN,2023,
Sudan,SDN,2022,7.53
Sudan,SDN,2021,11.087
Sudan,SDN,2020,11.995
Sudan,SDN,2019,11.697
Sudan,SDN,2018,12.347
Sudan,SDN,2017,13.0
Sudan,SDN,2016,13.656
Sudan,SDN,2015,14.39
Sudan,SDN,2014,15.41
Sudan,SDN,2013,16.273
Suriname,SUR,2023,7.699
Suriname,SUR,2022,7.973
Suriname,SUR,2021,8.706
Suriname,SUR,2020,8.973
Suriname,SUR,2019,7.755
Suriname,SUR,2018,7.817
Suriname,SUR,2017,7.905
Suriname,SUR,2016,7.917
Suriname,SUR,2015,7.22
Suriname,SUR,2014,6.94
Suriname,SUR,2013,6.6
Sweden,SWE,2023,7.611
Sweden,SWE,2022,7.417
Sweden,SWE,2021,8.803
Sweden,SWE,2020,8.291
Sweden,SWE,2019,6.833
Sweden,SWE,2018,6.365
Sweden,SWE,2017,6.718
Sweden,SWE,2016,6.99
Sweden,SWE,2015,7.432
Sweden,SWE,2014,7.954
Sweden,SWE,2013,8.052
Switzerland,CHE,2023,4.043
Switzerland,CHE,2022,4.122
Switzerland,CHE,2021,5.013
Switzerland,CHE,2020,4.817
Switzerland,CHE,2019,4.394
Switzerland,CHE,2018,4.713
Switzerland,CHE,2017,4.797
Switzerland,CHE,2016,4.918
Switzerland,CHE,2015,4.801
Switzerland,CHE,2014,4.826
Switzerland,CHE,2013,4.747
Syrian Arab Republic,SYR,2023,13.27
Syrian Arab Republic,SYR,2022,13.245
Syrian Arab Republic,SYR,2021,14.887
Syrian Arab Republic,SYR,2020,15.179
Syrian Arab Republic,SYR,2019,13.369
Syrian Arab Republic,SYR,2018,13.505
Syrian Arab Republic,SYR,2017,13.603
Syrian Arab Republic,SYR,2016,13.798
Syrian Arab Republic,SYR,2015,14.244
Syrian Arab Republic,SYR,2014,14.782
Syrian Arab Republic,SYR,2013,14.5
Tajikistan,TJK,2023,7.037
Tajikistan,TJK,2022,7.051
Tajikistan,TJK,2021,7.687
Tajikistan,TJK,2020,7.576
Tajikistan,TJK,2019,7.026
Tajikistan,TJK,2018,7.028
Tajikistan,TJK,2017,7.035
Tajikistan,TJK,2016,7.036
Tajikistan,TJK,2015,7.033
Tajikistan,TJK,2014,7.024
Tajikistan,TJK,2013,7.019
Tanzania,TZA,2023,1.565
Tanzania,TZA,2022,1.573
Tanzania,TZA,2021,1.876
Tanzania,TZA,2020,1.792
Tanzania,TZA,2019,1.735
Tanzania,TZA,2018,1.792
Tanzania,TZA,2017,1.854
Tanzania,TZA,2016,1.931
Tanzania,TZA,2015,2.009
Tanzania,TZA,2014,2.125
Tanzania,TZA,2013,2.93
Thailand,THA,2023,0.733
Thailand,THA,2022,0.94
Thailand,THA,2021,1.215
Thailand,THA,2020,1.099
Thailand,THA,2019,0.716
Thailand,THA,2018,0.765
Thailand,THA,2017,0.83
Thailand,THA,2016,0.688
Thailand,THA,2015,0.597
Thailand,THA,2014,0.576
Thailand,THA,2013,0.249
Timor-Leste,TLS,2023,1.525
Timor-Leste,TLS,2022,1.537
Timor-Leste,TLS,2021,2.344
Timor-Leste,TLS,2020,2.808
Timor-Leste,TLS,2019,3.148
Timor-Leste,TLS,2018,3.765
Timor-Leste,TLS,2017,4.254
Timor-Leste,TLS,2016,4.657
Timor-Leste,TLS,2015,3.678
Timor-Leste,TLS,2014,3.618
Timor-Leste,TLS,2013,3.57
Togo,TGO,2023,1.942
Togo,TGO,2022,1.965
Togo,TGO,2021,2.344
Togo,TGO,2020,2.231
Togo,TGO,2019,2.036
Togo,TGO,2018,2.9
Togo,TGO,2017,3.744
Togo,TGO,2016,2.968
Togo,TGO,2015,2.204
Togo,TGO,2014,2.141
Togo,TGO,2013,2.084
Tonga,TON,2023,1.652
Tonga,TON,2022,2.002
Tonga,TON,2021,2.111
Tonga,TON,2020,2.712
Tonga,TON,2019,2.165
Tonga,TON,2018,2.248
Tonga,TON,2017,2.137
Tonga,TON,2016,2.048
Tonga,TON,2015,2.022
Tonga,TON,2014,1.914
Tonga,TON,2013,1.75
Trinidad and Tobago,TTO,2023,3.361
Trinidad and Tobago,TTO,2022,4.383
Trinidad and Tobago,TTO,2021,4.446
Trinidad and Tobago,TTO,2020,4.206
Trinidad and Tobago,TTO,2019,3.523
Trinidad and Tobago,TTO,2018,3.497
Trinidad and Tobago,TTO,2017,3.389
Trinidad and Tobago,TTO,2016,3.207
Trinidad and Tobago,TTO,2015,2.428
Trinidad and Tobago,TTO,2014,2.477
Trinidad and Tobago,TTO,2013,2.683
Tunisia,TUN,2023,15.106
Tunisia,TUN,2022,15.3
Tunisia,TUN,2021,16.632
Tunisia,TUN,2020,17.651
Tunisia,TUN,2019,17.153
Tunisia,TUN,2018,15.459
Tunisia,TUN,2017,15.33
Tunisia,TUN,2016,15.557
Tunisia,TUN,2015,15.159
Tunisia,TUN,2014,14.259
Tunisia,TUN,2013,15.934
Turkiye,TUR,2023,9.388
Turkiye,TUR,2022,10.465
Turkiye,TUR,2021,11.969
Turkiye,TUR,2020,13.148
Turkiye,TUR,2019,13.73
Turkiye,TUR,2018,10.956
Turkiye,TUR,2017,10.919
Turkiye,TUR,2016,10.899
Turkiye,TUR,2015,10.304
Turkiye,TUR,2014,9.901
Turkiye,TUR,2013,9.713
Turkmenistan,TKM,2023,4.007
Turkmenistan,TKM,2022,4.017
Turkmenistan,TKM,2021,4.458
Turkmenistan,TKM,2020,4.489
Turkmenistan,TKM,2019,4.035
Turkmenistan,TKM,2018,4.036
Turkmenistan,TKM,2017,4.035
Turkmenistan,TKM,2016,4.026
Turkmenistan,TKM,2015,4.016
Turkmenistan,TKM,2014,4.005
Turkmenistan,TKM,2013,3.993
Turks and Caicos Islands,TCA,2023,
Turks and Caicos Islands,TCA,2022,
Turks and Caicos Islands,TCA,2021,
Turks and Caicos Islands,TCA,2020,
Turks and Caicos Islands,TCA,2019,
Turks and Caicos Islands,TCA,2018,
Turks and Caicos Islands,TCA,2017,
Turks and Caicos Islands,TCA,2016,
Turks and Caicos Islands,TCA,2015,
Turks and Caicos Islands,TCA,2014,
Turks and Caicos Islands,TCA,2013,
Tuvalu,TUV,2023,
Tuvalu,TUV,2022,
Tuvalu,TUV,2021,
Tuvalu,TUV,2020,
Tuvalu,TUV,2019,
Tuvalu,TUV,2018,
Tuvalu,TUV,2017,
Tuvalu,TUV,2016,
Tuvalu,TUV,2015,
Tuvalu,TUV,2014,
Tuvalu,TUV,2013,
Uganda,UGA,2023,2.754
Uganda,UGA,2022,2.885
Uganda,UGA,2021,3.416
Uganda,UGA,2020,3.819
Uganda,UGA,2019,3.057
Uganda,UGA,2018,3.249
Uganda,UGA,2017,3.428
Uganda,UGA,2016,3.002
Uganda,UGA,2015,2.681
Uganda,UGA,2014,2.357
Uganda,UGA,2013,1.91
Ukraine,UKR,2023,
Ukraine,UKR,2022,
Ukraine,UKR,2021,9.834
Ukraine,UKR,2020,9.475
Ukraine,UKR,2019,8.194
Ukraine,UKR,2018,8.799
Ukraine,UKR,2017,9.5
Ukraine,UKR,2016,9.35
Ukraine,UKR,2015,9.14
Ukraine,UKR,2014,9.27
Ukraine,UKR,2013,7.17
United Arab Emirates,ARE,2023,2.151
United Arab Emirates,ARE,2022,2.872
United Arab Emirates,ARE,2021,3.105
United Arab Emirates,ARE,2020,4.294
United Arab Emirates,ARE,2019,2.331
United Arab Emirates,ARE,2018,2.236
United Arab Emirates,ARE,2017,2.462
United Arab Emirates,ARE,2016,1.64
United Arab Emirates,ARE,2015,1.793
United Arab Emirates,ARE,2014,1.999
United Arab Emirates,ARE,2013,2.125
United Kingdom,GBR,2023,4.025
United Kingdom,GBR,2022,3.768
United Kingdom,GBR,2021,4.864
United Kingdom,GBR,2020,4.472
United Kingdom,GBR,2019,3.657
United Kingdom,GBR,2018,4.145
United Kingdom,GBR,2017,4.501
United Kingdom,GBR,2016,4.909
United Kingdom,GBR,2015,5.552
United Kingdom,GBR,2014,6.398
United Kingdom,GBR,2013,7.752
United States,USA,2023,3.638
United States,USA,2022,3.65
United States,USA,2021,5.349
United States,USA,2020,8.055
United States,USA,2019,3.669
United States,USA,2018,3.896
United States,USA,2017,4.355
United States,USA,2016,4.869
United States,USA,2015,5.28
United States,USA,2014,6.168
United States,USA,2013,7.375
Uruguay,URY,2023,8.355
Uruguay,URY,2022,7.877
Uruguay,URY,2021,9.328
Uruguay,URY,2020,10.413
Uruguay,URY,2019,8.836
Uruguay,URY,2018,8.336
Uruguay,URY,2017,7.89
Uruguay,URY,2016,7.841
Uruguay,URY,2015,7.488
Uruguay,URY,2014,6.547
Uruguay,URY,2013,6.444
Uzbekistan,UZB,2023,4.434
Uzbekistan,UZB,2022,4.456
Uzbekistan,UZB,2021,5.364
Uzbekistan,UZB,2020,5.293
Uzbekistan,UZB,2019,4.936
Uzbekistan,UZB,2018,5.392
Uzbekistan,UZB,2017,5.83
Uzbekistan,UZB,2016,5.16
Uzbekistan,UZB,2015,5.15
Uzbekistan,UZB,2014,5.09
Uzbekistan,UZB,2013,4.86
Vanuatu,VUT,2023,5.011
Vanuatu,VUT,2022,5.077
Vanuatu,VUT,2021,4.776
Vanuatu,VUT,2020,4.046
Vanuatu,VUT,2019,5.444
Vanuatu,VUT,2018,5.353
Vanuatu,VUT,2017,5.247
Vanuatu,VUT,2016,5.197
Vanuatu,VUT,2015,5.168
Vanuatu,VUT,2014,5.137
Vanuatu,VUT,2013,5.038
"Venezuela, RB",VEN,2023,5.407
"Venezuela, RB",VEN,2022,5.646
"Venezuela, RB",VEN,2021,7.027
"Venezuela, RB",VEN,2020,7.53
"Venezuela, RB",VEN,2019,5.89
"Venezuela, RB",VEN,2018,5.468
"Venezuela, RB",VEN,2017,5.045
"Venezuela, RB",VEN,2016,5.319
"Venezuela, RB",VEN,2015,6.139
"Venezuela, RB",VEN,2014,6.821
"Venezuela, RB",VEN,2013,7.54
Viet Nam,VNM,2023,1.645
Viet Nam,VNM,2022,1.57
Viet Nam,VNM,2021,2.383
Viet Nam,VNM,2020,2.103
Viet Nam,VNM,2019,1.681
Viet Nam,VNM,2018,1.161
Viet Nam,VNM,2017,1.874
Viet Nam,VNM,2016,1.848
Viet Nam,VNM,2015,1.848
Viet Nam,VNM,2014,1.256
Viet Nam,VNM,2013,1.316
Virgin Islands (U.S.),VIR,2023,11.358
Virgin Islands (U.S.),VIR,2022,12.092
Virgin Islands (U.S.),VIR,2021,13.508
Virgin Islands (U.S.),VIR,2020,14.366
Virgin Islands (U.S.),VIR,2019,11.774
Virgin Islands (U.S.),VIR,2018,11.703
Virgin Islands (U.S.),VIR,2017,11.445
Virgin Islands (U.S.),VIR,2016,11.734
Virgin Islands (U.S.),VIR,2015,11.649
Virgin Islands (U.S.),VIR,2014,11.871
Virgin Islands (U.S.),VIR,2013,11.802
West Bank and Gaza,PSE,2023,
West Bank and Gaza,PSE,2022,24.42
West Bank and Gaza,PSE,2021,26.39
West Bank and Gaza,PSE,2020,25.895
West Bank and Gaza,PSE,2019,25.34
West Bank and Gaza,PSE,2018,26.256
West Bank and Gaza,PSE,2017,25.677
West Bank and Gaza,PSE,2016,23.939
West Bank and Gaza,PSE,2015,23.005
West Bank and Gaza,PSE,2014,20.526
West Bank and Gaza,PSE,2013,19.894
"Yemen, Rep.",YEM,2023,16.944
"Yemen, Rep.",YEM,2022,17.224
"Yemen, Rep.",YEM,2021,18.312
"Yemen, Rep.",YEM,2020,17.963
"Yemen, Rep.",YEM,2019,17.213
"Yemen, Rep.",YEM,2018,17.593
"Yemen, Rep.",YEM,2017,18.611
"Yemen, Rep.",YEM,2016,18.42
"Yemen, Rep.",YEM,2015,17.9
"Yemen, Rep.",YEM,2014,13.467
"Yemen, Rep.",YEM,2013,13.673
Zambia,ZMB,2023,5.861
Zambia,ZMB,2022,5.993
Zambia,ZMB,2021,5.197
Zambia,ZMB,2020,6.032
Zambia,ZMB,2019,5.538
Zambia,ZMB,2018,5.032
Zambia,ZMB,2017,4.529
Zambia,ZMB,2016,5.244
Zambia,ZMB,2015,5.951
Zambia,ZMB,2014,6.576
Zambia,ZMB,2013,7.272
Zimbabwe,ZWE,2023,9.348
Zimbabwe,ZWE,2022,10.087
Zimbabwe,ZWE,2021,9.54
Zimbabwe,ZWE,2020,8.617
Zimbabwe,ZWE,2019,7.373
Zimbabwe,ZWE,2018,6.788
Zimbabwe,ZWE,2017,6.35
Zimbabwe,ZWE,2016,5.896
Zimbabwe,ZWE,2015,5.399
Zimbabwe,ZWE,2014,4.774
Zimbabwe,ZWE,2013,4.948
